opp_id,account_id,account_name,segment,division,rep_id,is_cross_division_deal,region,created_date,close_date,stage,probability,amount,is_closed,is_won,is_renewal,loss_reason,competitor,is_stalled,sales_cycle_days_actual,fiscal_quarter
100000,5152,Wells Inc,Large Cap Public,ActiveDisclosure,1001,False,Northeast,2026-02-13,2026-05-01,Closed Won,100,67644.09,True,True,True,,,False,77.0,FY2026-Q2
100001,5389,Thomas and Sons,Large Cap Public,ActiveDisclosure,1004,False,Texas/Central,2025-08-29,2025-11-19,Closed Lost,0,49432.51,True,False,False,No Decision / Stalled,In-house Build,False,82.0,FY2025-Q4
100002,5336,"Phillips, Wagner and Jordan",Large Cap Public,ActiveDisclosure,1003,False,Southeast,2024-12-15,2025-01-30,Closed Lost,0,61440.51,True,False,True,No Decision / Stalled,Toppan Merrill,False,46.0,FY2025-Q1
100003,5173,White-Lewis,Large Cap Public,ActiveDisclosure,1000,False,Midwest,2024-10-25,2024-12-23,Closed Won,100,84006.28,True,True,False,,,False,59.0,FY2024-Q4
100004,5295,"Ramsey, Whitney and Coffey",Pre-IPO / Private,ActiveDisclosure,1003,False,Mid-Atlantic,2026-01-21,2026-04-02,Closed Won,100,78194.12,True,True,True,,,False,71.0,FY2026-Q2
100005,5051,"Hensley, Powell and David",Large Cap Public,ActiveDisclosure,1005,False,Midwest,2026-05-19,2026-06-26,Closed Lost,0,77525.83,True,False,False,Price,Toppan Merrill,False,38.0,FY2026-Q2
100006,5117,Stafford Inc,Large Cap Public,ActiveDisclosure,1004,False,Texas/Central,2026-03-26,2026-06-12,Closed Lost,0,47496.98,True,False,True,Timing - Not Ready,Intralinks,False,78.0,FY2026-Q2
100007,5118,Robinson-Brock,Mid Cap Public,ActiveDisclosure,1002,False,Southeast,2025-10-18,2026-02-08,Closed Lost,0,99502.28,True,False,False,Price,Intralinks,False,113.0,FY2026-Q1
100008,5128,"Mitchell, Nelson and Flores",Large Cap Public,ActiveDisclosure,1020,True,Northeast,2024-10-26,2025-01-19,Closed Won,100,37249.05,True,True,True,,,False,85.0,FY2025-Q1
100009,5209,"Hall, Baker and Moody",Mid Cap Public,ActiveDisclosure,1003,False,Mid-Atlantic,2026-05-01,2026-07-29,Proposal,60,42538.3,False,,True,,,False,,FY2026-Q3
100010,5335,"Kelley, Nguyen and Vang",Pre-IPO / Private,ActiveDisclosure,1001,False,Southeast,2025-07-14,2025-08-26,Closed Lost,0,93387.13,True,False,False,Price,Toppan Merrill,False,43.0,FY2025-Q3
100011,5413,Rangel LLC,Large Cap Public,ActiveDisclosure,1003,False,Midwest,2025-08-11,2025-10-31,Closed Won,100,67183.28,True,True,False,,,False,81.0,FY2025-Q4
100012,5020,Hickman Ltd,Pre-IPO / Private,ActiveDisclosure,1000,False,Southeast,2026-03-03,2026-06-08,Closed Lost,0,55547.85,True,False,True,Lost to Competitor,Intralinks,False,97.0,FY2026-Q2
100013,5133,Stein-Silva,Pre-IPO / Private,ActiveDisclosure,1001,False,Midwest,2026-01-18,2026-03-20,Closed Lost,0,102645.46,True,False,False,Lost to Competitor,Datasite,False,61.0,FY2026-Q1
100014,5402,"Huang, Cole and Pacheco",Large Cap Public,ActiveDisclosure,1018,True,Southeast,2026-03-02,2026-06-08,Closed Lost,0,84728.35,True,False,True,Timing - Not Ready,Datasite,False,98.0,FY2026-Q2
100015,5473,Paul-Kline,Pre-IPO / Private,ActiveDisclosure,1001,False,Mid-Atlantic,2024-07-26,2024-08-29,Closed Lost,0,85447.24,True,False,True,Price,Intralinks,False,34.0,FY2024-Q3
100016,5265,Good-Hodges,Large Cap Public,ActiveDisclosure,1001,False,Texas/Central,2024-10-19,2025-02-26,Closed Lost,0,58824.36,True,False,False,Price,Toppan Merrill,False,130.0,FY2025-Q1
100017,5135,Smith-Bell,Pre-IPO / Private,ActiveDisclosure,1000,False,West,2025-10-12,2025-12-26,Closed Won,100,98821.03,True,True,False,,,False,75.0,FY2025-Q4
100018,5337,"Wilson, Pena and Rich",Large Cap Public,ActiveDisclosure,1003,False,West,2025-11-14,2026-02-16,Closed Won,100,61034.58,True,True,True,,,False,94.0,FY2026-Q1
100019,5084,"Rodriguez, Brennan and Garrison",Mid Cap Public,ActiveDisclosure,1019,True,Texas/Central,2024-11-28,2025-02-21,Closed Lost,0,81390.1,True,False,True,Timing - Not Ready,In-house Build,False,85.0,FY2025-Q1
100020,5013,George Group,Large Cap Public,ActiveDisclosure,1003,False,West,2026-03-03,2026-05-29,Closed Lost,0,18860.51,True,False,False,Budget Cut,Workiva,False,87.0,FY2026-Q2
100021,5011,"Romero, Gonzalez and Brooks",Large Cap Public,ActiveDisclosure,1001,False,Texas/Central,2026-01-15,2026-04-02,Closed Lost,0,48911.73,True,False,False,Lost to Competitor,Donnelley Legacy/Manual Process,False,77.0,FY2026-Q2
100022,5449,"Bentley, Lynch and Henderson",Mid Cap Public,ActiveDisclosure,1002,False,West,2024-10-05,2024-11-16,Closed Lost,0,81892.42,True,False,False,No Decision / Stalled,Intralinks,False,42.0,FY2024-Q4
100023,5121,"Schmidt, Hansen and Stewart",Large Cap Public,ActiveDisclosure,1019,True,Southeast,2024-09-06,2024-12-12,Closed Won,100,73512.7,True,True,False,,,False,97.0,FY2024-Q4
100024,5295,"Ramsey, Whitney and Coffey",Pre-IPO / Private,ActiveDisclosure,1020,True,Mid-Atlantic,2026-01-20,2026-05-19,Closed Lost,0,41362.33,True,False,True,Feature Gap,Workiva,False,119.0,FY2026-Q2
100025,5105,"Carroll, Sullivan and Bass",Pre-IPO / Private,ActiveDisclosure,1000,False,Southeast,2026-03-06,2026-06-20,Closed Lost,0,24989.91,True,False,True,Lost to Competitor,Intralinks,False,106.0,FY2026-Q2
100026,5176,Miller Ltd,Large Cap Public,ActiveDisclosure,1004,False,Northeast,2024-10-18,2024-11-13,Closed Lost,0,49866.36,True,False,False,No Decision / Stalled,In-house Build,False,26.0,FY2024-Q4
100027,5461,Cooper Ltd,Pre-IPO / Private,ActiveDisclosure,1004,False,Texas/Central,2026-01-25,2026-05-18,Closed Lost,0,62173.41,True,False,False,Feature Gap,In-house Build,False,113.0,FY2026-Q2
100028,5323,Guerrero Inc,Pre-IPO / Private,ActiveDisclosure,1019,True,Texas/Central,2025-03-30,2025-08-08,Closed Lost,0,33407.29,True,False,True,No Decision / Stalled,Datasite,False,131.0,FY2025-Q3
100029,5463,Anderson-Bell,Pre-IPO / Private,ActiveDisclosure,1003,False,Mid-Atlantic,2024-11-23,2025-03-03,Closed Won,100,76562.09,True,True,True,,,False,100.0,FY2025-Q1
100030,5240,Hicks-Hill,Large Cap Public,ActiveDisclosure,1002,False,Mid-Atlantic,2025-12-25,2026-03-07,Closed Won,100,74832.68,True,True,False,,,False,72.0,FY2026-Q1
100031,5008,Smith-Bowen,Pre-IPO / Private,ActiveDisclosure,1000,False,Northeast,2026-02-01,2026-04-12,Closed Won,100,88412.6,True,True,True,,,False,70.0,FY2026-Q2
100032,5435,Spencer-Garcia,Pre-IPO / Private,ActiveDisclosure,1003,False,Texas/Central,2024-09-21,2024-11-06,Closed Lost,0,77454.65,True,False,False,Budget Cut,Datasite,False,46.0,FY2024-Q4
100033,5286,"Becker, Taylor and Davis",Pre-IPO / Private,ActiveDisclosure,1000,False,Northeast,2024-10-24,2025-02-05,Closed Won,100,85119.26,True,True,False,,,False,104.0,FY2025-Q1
100034,5336,"Phillips, Wagner and Jordan",Large Cap Public,ActiveDisclosure,1004,False,Southeast,2025-05-11,2025-09-01,Closed Won,100,65353.73,True,True,True,,,False,113.0,FY2025-Q3
100035,5156,Rodriguez-Johnson,Large Cap Public,ActiveDisclosure,1002,False,Midwest,2025-02-01,2025-04-30,Closed Won,100,96814.25,True,True,True,,,False,88.0,FY2025-Q2
100036,5362,Frank-Bradley,Mid Cap Public,ActiveDisclosure,1005,False,Northeast,2025-09-13,2025-11-29,Closed Won,100,67581.98,True,True,False,,,False,77.0,FY2025-Q4
100037,5305,Davis PLC,Mid Cap Public,ActiveDisclosure,1000,False,Northeast,2025-06-27,2025-08-11,Closed Lost,0,61206.66,True,False,True,Budget Cut,Workiva,False,45.0,FY2025-Q3
100038,5209,"Hall, Baker and Moody",Mid Cap Public,ActiveDisclosure,1002,False,Mid-Atlantic,2024-10-25,2025-02-04,Closed Won,100,77542.13,True,True,False,,,False,102.0,FY2025-Q1
100039,5112,Hernandez Inc,Large Cap Public,ActiveDisclosure,1001,False,Northeast,2025-07-05,2025-11-15,Closed Lost,0,74791.01,True,False,True,Budget Cut,In-house Build,False,133.0,FY2025-Q4
100040,5021,"Harris, Collins and Carney",Pre-IPO / Private,ActiveDisclosure,1001,False,Mid-Atlantic,2025-02-11,2025-04-05,Closed Won,100,55968.84,True,True,False,,,False,53.0,FY2025-Q2
100041,5322,Fernandez and Sons,Mid Cap Public,ActiveDisclosure,1002,False,Texas/Central,2025-01-14,2025-01-24,Closed Lost,0,32736.93,True,False,True,Feature Gap,Ideagen/Q4,False,10.0,FY2025-Q1
100042,5296,"Diaz, Gibbs and Smith",Large Cap Public,ActiveDisclosure,1001,False,Midwest,2024-11-26,2025-02-02,Closed Lost,0,60553.86,True,False,False,Feature Gap,Workiva,False,68.0,FY2025-Q1
100043,5116,Hernandez Ltd,Mid Cap Public,ActiveDisclosure,1003,False,Northeast,2026-01-28,2026-05-22,Closed Lost,0,55209.22,True,False,False,Timing - Not Ready,Toppan Merrill,False,114.0,FY2026-Q2
100044,5127,Hill Inc,Pre-IPO / Private,ActiveDisclosure,1003,False,Southeast,2026-04-03,2026-07-02,Negotiation,80,76384.95,False,,False,,,False,,FY2026-Q3
100045,5173,White-Lewis,Large Cap Public,ActiveDisclosure,1020,True,Midwest,2026-02-25,2026-04-24,Closed Won,100,71825.95,True,True,False,,,False,58.0,FY2026-Q2
100046,5037,Morton-Chase,Mid Cap Public,ActiveDisclosure,1000,False,Texas/Central,2025-04-19,2025-07-04,Closed Lost,0,55705.52,True,False,False,Timing - Not Ready,Donnelley Legacy/Manual Process,False,76.0,FY2025-Q3
100047,5326,"Fisher, Wilson and Brown",Mid Cap Public,ActiveDisclosure,1002,False,Midwest,2026-02-05,2026-05-16,Closed Lost,0,77349.43,True,False,False,Timing - Not Ready,Intralinks,False,100.0,FY2026-Q2
100048,5310,Crosby-Ramirez,Large Cap Public,ActiveDisclosure,1003,False,Northeast,2024-12-23,2025-02-27,Closed Lost,0,52423.27,True,False,True,Timing - Not Ready,Intralinks,False,66.0,FY2025-Q1
100049,5248,Cook-Hines,Mid Cap Public,ActiveDisclosure,1004,False,Midwest,2026-04-23,2026-07-14,Negotiation,80,81649.74,False,,True,,,True,,FY2026-Q3
100050,5125,Green-Wright,Mid Cap Public,ActiveDisclosure,1002,False,Midwest,2026-03-09,2026-05-28,Closed Won,100,74558.05,True,True,True,,,False,80.0,FY2026-Q2
100051,5133,Stein-Silva,Pre-IPO / Private,ActiveDisclosure,1005,False,Midwest,2025-06-23,2025-08-25,Closed Lost,0,82662.12,True,False,True,Timing - Not Ready,Toppan Merrill,False,63.0,FY2025-Q3
100052,5073,"Patterson, Smith and Jones",Pre-IPO / Private,ActiveDisclosure,1003,False,Southeast,2024-10-03,2025-01-06,Closed Lost,0,112625.58,True,False,True,Price,Datasite,False,95.0,FY2025-Q1
100053,5316,"Harper, Smith and Buchanan",Pre-IPO / Private,ActiveDisclosure,1003,False,Midwest,2025-02-04,2025-03-20,Closed Won,100,56052.01,True,True,True,,,False,44.0,FY2025-Q1
100054,5446,Blake Group,Large Cap Public,ActiveDisclosure,1004,False,Midwest,2024-10-11,2025-01-02,Closed Lost,0,79176.13,True,False,True,Timing - Not Ready,Workiva,False,83.0,FY2025-Q1
100055,5282,"Beltran, Lozano and Mcgee",Large Cap Public,ActiveDisclosure,1003,False,West,2026-03-24,2026-07-09,Negotiation,80,105164.35,False,,False,,,False,,FY2026-Q3
100056,5209,"Hall, Baker and Moody",Mid Cap Public,ActiveDisclosure,1001,False,Mid-Atlantic,2026-03-31,2026-04-23,Closed Lost,0,43874.9,True,False,False,Price,Donnelley Legacy/Manual Process,False,23.0,FY2026-Q2
100057,5369,"Estrada, Williams and Foster",Large Cap Public,ActiveDisclosure,1004,False,West,2025-02-28,2025-04-24,Closed Won,100,62450.33,True,True,True,,,False,55.0,FY2025-Q2
100058,5051,"Hensley, Powell and David",Large Cap Public,ActiveDisclosure,1003,False,Midwest,2025-03-01,2025-05-22,Closed Lost,0,47566.68,True,False,False,Lost to Competitor,Datasite,False,82.0,FY2025-Q2
100059,5008,Smith-Bowen,Pre-IPO / Private,ActiveDisclosure,1001,False,Northeast,2025-11-26,2026-04-03,Closed Lost,0,68695.52,True,False,True,Timing - Not Ready,Intralinks,False,128.0,FY2026-Q2
100060,5278,Castaneda-Rodriguez,Large Cap Public,ActiveDisclosure,1004,False,West,2025-11-04,2026-03-10,Closed Lost,0,76672.94,True,False,False,Feature Gap,Ideagen/Q4,False,126.0,FY2026-Q1
100061,5316,"Harper, Smith and Buchanan",Pre-IPO / Private,ActiveDisclosure,1003,False,Midwest,2025-04-17,2025-07-30,Closed Lost,0,75369.61,True,False,True,Lost to Competitor,Ideagen/Q4,False,104.0,FY2025-Q3
100062,5217,Navarro-Munoz,Large Cap Public,ActiveDisclosure,1002,False,Northeast,2025-02-12,2025-05-25,Closed Lost,0,84707.29,True,False,False,Budget Cut,Workiva,False,102.0,FY2025-Q2
100063,5021,"Harris, Collins and Carney",Pre-IPO / Private,ActiveDisclosure,1000,False,Mid-Atlantic,2025-02-26,2025-05-18,Closed Lost,0,8000.0,True,False,False,Price,Datasite,False,81.0,FY2025-Q2
100064,5062,"Turner, Riggs and Roman",Pre-IPO / Private,ActiveDisclosure,1000,False,Mid-Atlantic,2026-04-26,2026-06-03,Closed Won,100,57359.19,True,True,False,,,False,38.0,FY2026-Q2
100065,5082,Patton-Jenkins,Mid Cap Public,ActiveDisclosure,1003,False,Midwest,2024-11-19,2025-02-20,Closed Lost,0,23197.43,True,False,True,Price,Workiva,False,93.0,FY2025-Q1
100066,5082,Patton-Jenkins,Mid Cap Public,ActiveDisclosure,1005,False,Midwest,2024-11-30,2025-03-07,Closed Lost,0,87564.38,True,False,True,Budget Cut,Workiva,False,97.0,FY2025-Q1
100067,5311,"Wood, Ramos and Sampson",Mid Cap Public,ActiveDisclosure,1019,True,Southeast,2024-11-01,2025-01-23,Closed Lost,0,61790.04,True,False,True,Timing - Not Ready,Donnelley Legacy/Manual Process,False,83.0,FY2025-Q1
100068,5021,"Harris, Collins and Carney",Pre-IPO / Private,ActiveDisclosure,1000,False,Mid-Atlantic,2025-11-23,2025-12-03,Closed Lost,0,68720.22,True,False,True,Timing - Not Ready,Intralinks,False,10.0,FY2025-Q4
100069,5050,Jones Inc,Pre-IPO / Private,ActiveDisclosure,1004,False,Texas/Central,2025-09-12,2025-11-01,Closed Lost,0,64731.44,True,False,False,Feature Gap,Toppan Merrill,False,50.0,FY2025-Q4
100070,5018,Anderson Group,Pre-IPO / Private,ActiveDisclosure,1004,False,Northeast,2025-07-04,2025-07-14,Closed Lost,0,32545.89,True,False,True,Timing - Not Ready,In-house Build,False,10.0,FY2025-Q3
100071,5362,Frank-Bradley,Mid Cap Public,ActiveDisclosure,1019,True,Northeast,2025-10-24,2026-02-06,Closed Lost,0,107102.68,True,False,True,No Decision / Stalled,Toppan Merrill,False,105.0,FY2026-Q1
100072,5169,"Adams, Christian and Rivas",Mid Cap Public,ActiveDisclosure,1005,False,Southeast,2024-09-07,2024-12-12,Closed Won,100,85716.5,True,True,True,,,False,96.0,FY2024-Q4
100073,5030,Lee-Davis,Large Cap Public,ActiveDisclosure,1003,False,Mid-Atlantic,2026-04-19,2026-07-13,Negotiation,80,123266.23,False,,False,,,True,,FY2026-Q3
100074,5413,Rangel LLC,Large Cap Public,ActiveDisclosure,1019,True,Midwest,2024-11-15,2025-01-19,Closed Won,100,70520.02,True,True,True,,,False,65.0,FY2025-Q1
100075,5463,Anderson-Bell,Pre-IPO / Private,ActiveDisclosure,1002,False,Mid-Atlantic,2025-01-20,2025-03-28,Closed Lost,0,17173.9,True,False,False,Timing - Not Ready,Donnelley Legacy/Manual Process,False,67.0,FY2025-Q1
100076,5397,"Brown, Romero and Collins",Large Cap Public,ActiveDisclosure,1000,False,Northeast,2025-01-11,2025-04-08,Closed Lost,0,40302.05,True,False,False,No Decision / Stalled,Datasite,False,87.0,FY2025-Q2
100077,5112,Hernandez Inc,Large Cap Public,ActiveDisclosure,1005,False,Northeast,2025-07-30,2025-11-21,Closed Lost,0,92958.45,True,False,False,Timing - Not Ready,Datasite,False,114.0,FY2025-Q4
100078,5426,"Lamb, Martin and Kim",Large Cap Public,ActiveDisclosure,1002,False,Mid-Atlantic,2025-05-24,2025-08-05,Closed Won,100,70258.93,True,True,False,,,False,73.0,FY2025-Q3
100079,5387,"Hicks, Bullock and Bailey",Pre-IPO / Private,ActiveDisclosure,1000,False,Northeast,2025-09-18,2025-12-12,Closed Won,100,90780.87,True,True,False,,,False,85.0,FY2025-Q4
100080,5117,Stafford Inc,Large Cap Public,ActiveDisclosure,1020,True,Texas/Central,2026-05-26,2026-07-26,Needs Analysis,40,76981.0,False,,True,,,False,,FY2026-Q3
100081,5295,"Ramsey, Whitney and Coffey",Pre-IPO / Private,ActiveDisclosure,1002,False,Mid-Atlantic,2024-09-06,2024-11-12,Closed Lost,0,89977.13,True,False,True,Timing - Not Ready,Workiva,False,67.0,FY2024-Q4
100082,5426,"Lamb, Martin and Kim",Large Cap Public,ActiveDisclosure,1002,False,Mid-Atlantic,2025-10-03,2025-12-14,Closed Lost,0,70373.15,True,False,False,Price,In-house Build,False,72.0,FY2025-Q4
100083,5268,Howard-Jordan,Mid Cap Public,ActiveDisclosure,1000,False,Mid-Atlantic,2025-08-11,2025-11-01,Closed Won,100,69557.91,True,True,False,,,False,82.0,FY2025-Q4
100084,5322,Fernandez and Sons,Mid Cap Public,ActiveDisclosure,1002,False,Texas/Central,2024-10-28,2025-02-13,Closed Lost,0,56823.16,True,False,False,Lost to Competitor,In-house Build,False,108.0,FY2025-Q1
100085,5066,Campbell-Clark,Mid Cap Public,ActiveDisclosure,1001,False,Mid-Atlantic,2025-11-14,2026-02-17,Closed Lost,0,88100.28,True,False,False,Budget Cut,Intralinks,False,95.0,FY2026-Q1
100086,5183,King-Martinez,Large Cap Public,ActiveDisclosure,1001,False,Texas/Central,2024-11-01,2025-01-01,Closed Won,100,90467.61,True,True,True,,,False,61.0,FY2025-Q1
100087,5322,Fernandez and Sons,Mid Cap Public,ActiveDisclosure,1003,False,Texas/Central,2026-01-18,2026-04-09,Closed Lost,0,33688.76,True,False,False,Timing - Not Ready,Intralinks,False,81.0,FY2026-Q2
100088,5451,Barnes PLC,Mid Cap Public,ActiveDisclosure,1005,False,Mid-Atlantic,2024-09-05,2024-11-07,Closed Lost,0,97637.4,True,False,False,Budget Cut,Ideagen/Q4,False,63.0,FY2024-Q4
100089,5300,Harvey PLC,Pre-IPO / Private,ActiveDisclosure,1000,False,Mid-Atlantic,2024-09-13,2024-11-13,Closed Lost,0,78300.56,True,False,True,Feature Gap,In-house Build,False,61.0,FY2024-Q4
100090,5451,Barnes PLC,Mid Cap Public,ActiveDisclosure,1001,False,Mid-Atlantic,2026-01-15,2026-05-05,Closed Lost,0,87162.72,True,False,False,Lost to Competitor,Donnelley Legacy/Manual Process,False,110.0,FY2026-Q2
100091,5118,Robinson-Brock,Mid Cap Public,ActiveDisclosure,1002,False,Southeast,2025-12-12,2026-02-27,Closed Lost,0,87231.59,True,False,False,Lost to Competitor,Datasite,False,77.0,FY2026-Q1
100092,5021,"Harris, Collins and Carney",Pre-IPO / Private,ActiveDisclosure,1004,False,Mid-Atlantic,2024-09-18,2024-12-22,Closed Won,100,78353.2,True,True,True,,,False,95.0,FY2024-Q4
100093,5061,Moore-Bass,Large Cap Public,ActiveDisclosure,1004,False,Midwest,2025-12-28,2026-04-03,Closed Lost,0,94408.6,True,False,False,Lost to Competitor,Intralinks,False,96.0,FY2026-Q2
100094,5030,Lee-Davis,Large Cap Public,ActiveDisclosure,1018,True,Mid-Atlantic,2026-01-28,2026-05-18,Closed Won,100,45615.52,True,True,False,,,False,110.0,FY2026-Q2
100095,5449,"Bentley, Lynch and Henderson",Mid Cap Public,ActiveDisclosure,1005,False,West,2026-02-05,2026-02-27,Closed Won,100,65760.59,True,True,False,,,False,22.0,FY2026-Q1
100096,5327,Strickland-Palmer,Pre-IPO / Private,ActiveDisclosure,1005,False,Northeast,2025-11-06,2026-01-25,Closed Lost,0,36238.76,True,False,True,Budget Cut,Workiva,False,80.0,FY2026-Q1
100097,5323,Guerrero Inc,Pre-IPO / Private,ActiveDisclosure,1004,False,Texas/Central,2025-10-18,2025-12-01,Closed Won,100,68305.83,True,True,False,,,False,44.0,FY2025-Q4
100098,5305,Davis PLC,Mid Cap Public,ActiveDisclosure,1004,False,Northeast,2024-11-10,2025-01-16,Closed Lost,0,63224.08,True,False,True,No Decision / Stalled,Intralinks,False,67.0,FY2025-Q1
100099,5068,Wagner-King,Pre-IPO / Private,ActiveDisclosure,1000,False,West,2025-10-03,2025-10-15,Closed Won,100,49444.73,True,True,False,,,False,12.0,FY2025-Q4
100100,5207,"Harrison, Johnson and Roberts",Pre-IPO / Private,ActiveDisclosure,1001,False,Northeast,2025-09-01,2025-11-16,Closed Lost,0,73424.85,True,False,True,Timing - Not Ready,Toppan Merrill,False,76.0,FY2025-Q4
100101,5369,"Estrada, Williams and Foster",Large Cap Public,ActiveDisclosure,1001,False,West,2025-11-29,2026-03-02,Closed Won,100,67462.42,True,True,True,,,False,93.0,FY2026-Q1
100102,5048,"Woods, Calhoun and Schmidt",Large Cap Public,ActiveDisclosure,1002,False,Texas/Central,2024-10-18,2025-03-25,Closed Lost,0,98610.85,True,False,False,Budget Cut,Datasite,False,158.0,FY2025-Q1
100103,5320,Schroeder-Kramer,Large Cap Public,ActiveDisclosure,1002,False,Texas/Central,2026-02-03,2026-04-28,Closed Lost,0,39803.84,True,False,False,Price,Donnelley Legacy/Manual Process,False,84.0,FY2026-Q2
100104,5051,"Hensley, Powell and David",Large Cap Public,ActiveDisclosure,1004,False,Midwest,2026-01-14,2026-03-11,Closed Lost,0,31623.69,True,False,True,Price,Intralinks,False,56.0,FY2026-Q1
100105,5391,Thompson Ltd,Large Cap Public,ActiveDisclosure,1003,False,Mid-Atlantic,2025-01-19,2025-04-27,Closed Lost,0,63234.15,True,False,False,Price,Workiva,False,98.0,FY2025-Q2
100106,5235,"Lloyd, Mckinney and Collins",Mid Cap Public,ActiveDisclosure,1001,False,Mid-Atlantic,2025-10-28,2026-01-17,Closed Lost,0,56729.74,True,False,False,Timing - Not Ready,Intralinks,False,81.0,FY2026-Q1
100107,5097,Smith-Frost,Mid Cap Public,ActiveDisclosure,1005,False,Northeast,2025-05-22,2025-08-08,Closed Lost,0,17517.22,True,False,False,Timing - Not Ready,Datasite,False,78.0,FY2025-Q3
100108,5235,"Lloyd, Mckinney and Collins",Mid Cap Public,ActiveDisclosure,1000,False,Mid-Atlantic,2026-01-27,2026-05-01,Closed Lost,0,49943.55,True,False,False,Feature Gap,Workiva,False,94.0,FY2026-Q2
100109,5157,Johnston-Odonnell,Large Cap Public,ActiveDisclosure,1005,False,Midwest,2026-03-03,2026-06-24,Closed Lost,0,36946.24,True,False,False,Timing - Not Ready,In-house Build,False,113.0,FY2026-Q2
100110,5201,Kerr-Evans,Pre-IPO / Private,ActiveDisclosure,1004,False,Southeast,2026-02-17,2026-05-15,Closed Lost,0,68821.0,True,False,True,Timing - Not Ready,Ideagen/Q4,False,87.0,FY2026-Q2
100111,5042,Gray Group,Large Cap Public,ActiveDisclosure,1005,False,Northeast,2026-05-28,2026-06-30,Closed Won,100,76598.35,True,True,False,,,False,33.0,FY2026-Q2
100112,5042,Gray Group,Large Cap Public,ActiveDisclosure,1005,False,Northeast,2026-03-18,2026-05-13,Closed Lost,0,75872.32,True,False,True,Feature Gap,Intralinks,False,56.0,FY2026-Q2
100113,5457,Jones-Fox,Pre-IPO / Private,ActiveDisclosure,1002,False,Texas/Central,2025-11-01,2025-12-31,Closed Lost,0,76265.86,True,False,False,Budget Cut,In-house Build,False,60.0,FY2025-Q4
100114,5228,Cordova Group,Pre-IPO / Private,ActiveDisclosure,1001,False,Mid-Atlantic,2026-06-09,2026-08-17,Qualification,25,78778.17,False,,True,,,False,,FY2026-Q3
100115,5183,King-Martinez,Large Cap Public,ActiveDisclosure,1002,False,Texas/Central,2026-06-21,2026-11-05,Prospecting,10,30783.75,False,,False,,,False,,FY2026-Q4
100116,5310,Crosby-Ramirez,Large Cap Public,ActiveDisclosure,1004,False,Northeast,2025-04-06,2025-05-20,Closed Lost,0,26726.81,True,False,False,Budget Cut,Ideagen/Q4,False,44.0,FY2025-Q2
100117,5262,Brennan-Johnson,Large Cap Public,ActiveDisclosure,1002,False,Southeast,2024-11-26,2025-03-16,Closed Lost,0,87594.6,True,False,False,Price,Datasite,False,110.0,FY2025-Q1
100118,5159,Vargas Ltd,Large Cap Public,ActiveDisclosure,1004,False,Midwest,2025-11-02,2025-12-14,Closed Won,100,86316.87,True,True,False,,,False,42.0,FY2025-Q4
100119,5037,Morton-Chase,Mid Cap Public,ActiveDisclosure,1020,True,Texas/Central,2024-11-17,2025-02-22,Closed Lost,0,60224.14,True,False,False,Lost to Competitor,Workiva,False,97.0,FY2025-Q1
100120,5448,Scott and Sons,Pre-IPO / Private,ActiveDisclosure,1003,False,Southeast,2024-08-22,2024-10-28,Closed Won,100,59558.62,True,True,True,,,False,67.0,FY2024-Q4
100121,5032,"Brown, Valdez and Lucas",Pre-IPO / Private,ActiveDisclosure,1001,False,Northeast,2026-01-14,2026-03-14,Closed Lost,0,48789.63,True,False,False,Budget Cut,Donnelley Legacy/Manual Process,False,59.0,FY2026-Q1
100122,5268,Howard-Jordan,Mid Cap Public,ActiveDisclosure,1000,False,Mid-Atlantic,2025-04-20,2025-06-26,Closed Lost,0,95749.44,True,False,False,Lost to Competitor,In-house Build,False,67.0,FY2025-Q2
100123,5030,Lee-Davis,Large Cap Public,ActiveDisclosure,1002,False,Mid-Atlantic,2025-01-06,2025-04-02,Closed Lost,0,42243.16,True,False,False,Price,Datasite,False,86.0,FY2025-Q2
100124,5008,Smith-Bowen,Pre-IPO / Private,ActiveDisclosure,1004,False,Northeast,2025-06-08,2025-08-26,Closed Lost,0,20699.3,True,False,False,Lost to Competitor,Ideagen/Q4,False,79.0,FY2025-Q3
100125,5362,Frank-Bradley,Mid Cap Public,ActiveDisclosure,1002,False,Northeast,2025-01-13,2025-04-17,Closed Won,100,62111.11,True,True,False,,,False,94.0,FY2025-Q2
100126,5152,Wells Inc,Large Cap Public,ActiveDisclosure,1019,True,Northeast,2025-01-06,2025-04-24,Closed Lost,0,41248.95,True,False,True,Timing - Not Ready,Toppan Merrill,False,108.0,FY2025-Q2
100127,5169,"Adams, Christian and Rivas",Mid Cap Public,ActiveDisclosure,1001,False,Southeast,2024-10-05,2024-12-19,Closed Lost,0,92725.75,True,False,True,Lost to Competitor,Workiva,False,75.0,FY2024-Q4
100128,5101,Cortez LLC,Mid Cap Public,ActiveDisclosure,1000,False,Mid-Atlantic,2025-06-02,2025-08-31,Closed Won,100,39947.27,True,True,False,,,False,90.0,FY2025-Q3
100129,5209,"Hall, Baker and Moody",Mid Cap Public,ActiveDisclosure,1003,False,Mid-Atlantic,2025-10-19,2025-12-21,Closed Lost,0,96740.73,True,False,False,Feature Gap,Ideagen/Q4,False,63.0,FY2025-Q4
100130,5350,Moore Group,Mid Cap Public,ActiveDisclosure,1001,False,Mid-Atlantic,2025-02-11,2025-04-13,Closed Lost,0,38945.63,True,False,True,Budget Cut,Toppan Merrill,False,61.0,FY2025-Q2
100131,5101,Cortez LLC,Mid Cap Public,ActiveDisclosure,1005,False,Mid-Atlantic,2025-10-25,2025-12-21,Closed Lost,0,50235.36,True,False,False,Lost to Competitor,Toppan Merrill,False,57.0,FY2025-Q4
100132,5100,"Mccall, Hanson and Alvarado",Large Cap Public,ActiveDisclosure,1020,True,Northeast,2024-10-22,2025-01-08,Closed Lost,0,86667.95,True,False,True,Lost to Competitor,In-house Build,False,78.0,FY2025-Q1
100133,5467,Carter Inc,Pre-IPO / Private,ActiveDisclosure,1004,False,Northeast,2025-09-25,2025-12-31,Closed Lost,0,63332.7,True,False,False,Timing - Not Ready,Donnelley Legacy/Manual Process,False,97.0,FY2025-Q4
100134,5133,Stein-Silva,Pre-IPO / Private,ActiveDisclosure,1019,True,Midwest,2026-01-28,2026-04-04,Closed Lost,0,34671.23,True,False,True,No Decision / Stalled,Toppan Merrill,False,66.0,FY2026-Q2
100135,5349,Bell-Lane,Pre-IPO / Private,ActiveDisclosure,1019,True,Texas/Central,2026-02-12,2026-04-11,Closed Won,100,85815.5,True,True,False,,,False,58.0,FY2026-Q2
100136,5092,White-Estes,Large Cap Public,ActiveDisclosure,1019,True,Southeast,2025-10-26,2026-01-07,Closed Won,100,47350.37,True,True,False,,,False,73.0,FY2026-Q1
100137,5305,Davis PLC,Mid Cap Public,ActiveDisclosure,1002,False,Northeast,2026-01-03,2026-03-19,Closed Won,100,35939.53,True,True,True,,,False,75.0,FY2026-Q1
100138,5052,"Sanchez, Wheeler and Harvey",Mid Cap Public,ActiveDisclosure,1001,False,Southeast,2024-11-07,2025-01-15,Closed Lost,0,75170.44,True,False,False,Price,Datasite,False,69.0,FY2025-Q1
100139,5297,"Martinez, Richardson and Curry",Mid Cap Public,ActiveDisclosure,1003,False,Southeast,2026-01-08,2026-03-18,Closed Lost,0,78705.71,True,False,True,Lost to Competitor,Donnelley Legacy/Manual Process,False,69.0,FY2026-Q1
100140,5201,Kerr-Evans,Pre-IPO / Private,ActiveDisclosure,1005,False,Southeast,2025-01-09,2025-02-28,Closed Lost,0,35787.09,True,False,False,Price,Ideagen/Q4,False,50.0,FY2025-Q1
100141,5266,"Brennan, Wallace and Benson",Large Cap Public,ActiveDisclosure,1020,True,Mid-Atlantic,2024-07-16,2024-10-02,Closed Won,100,37425.66,True,True,False,,,False,78.0,FY2024-Q4
100142,5087,Walker Ltd,Large Cap Public,ActiveDisclosure,1019,True,Northeast,2024-08-18,2024-10-13,Closed Won,100,50006.95,True,True,False,,,False,56.0,FY2024-Q4
100143,5005,Frazier Inc,Large Cap Public,ActiveDisclosure,1001,False,Mid-Atlantic,2024-08-26,2024-10-20,Closed Lost,0,79817.45,True,False,False,Feature Gap,In-house Build,False,55.0,FY2024-Q4
100144,5402,"Huang, Cole and Pacheco",Large Cap Public,ActiveDisclosure,1001,False,Southeast,2025-02-27,2025-05-10,Closed Lost,0,89618.29,True,False,True,Timing - Not Ready,Intralinks,False,72.0,FY2025-Q2
100145,5032,"Brown, Valdez and Lucas",Pre-IPO / Private,ActiveDisclosure,1001,False,Northeast,2026-02-25,2026-04-28,Closed Lost,0,71413.47,True,False,True,Budget Cut,In-house Build,False,62.0,FY2026-Q2
100146,5010,Harrell LLC,Pre-IPO / Private,ActiveDisclosure,1001,False,West,2025-12-19,2026-02-28,Closed Won,100,62451.89,True,True,False,,,False,71.0,FY2026-Q1
100147,5184,Stewart Ltd,Large Cap Public,ActiveDisclosure,1001,False,West,2025-10-27,2026-01-25,Closed Won,100,88011.65,True,True,True,,,False,90.0,FY2026-Q1
100148,5362,Frank-Bradley,Mid Cap Public,ActiveDisclosure,1004,False,Northeast,2025-10-17,2025-12-03,Closed Lost,0,37155.67,True,False,True,Budget Cut,In-house Build,False,47.0,FY2025-Q4
100149,5052,"Sanchez, Wheeler and Harvey",Mid Cap Public,ActiveDisclosure,1002,False,Southeast,2025-03-05,2025-06-10,Closed Lost,0,74906.79,True,False,True,Budget Cut,Ideagen/Q4,False,97.0,FY2025-Q2
100150,5286,"Becker, Taylor and Davis",Pre-IPO / Private,ActiveDisclosure,1019,True,Northeast,2025-01-11,2025-03-20,Closed Lost,0,87475.24,True,False,True,Timing - Not Ready,Workiva,False,68.0,FY2025-Q1
100151,5297,"Martinez, Richardson and Curry",Mid Cap Public,ActiveDisclosure,1004,False,Southeast,2026-02-21,2026-06-14,Closed Won,100,44551.08,True,True,False,,,False,113.0,FY2026-Q2
100152,5029,"Johnston, Sanchez and Kennedy",Mid Cap Public,ActiveDisclosure,1001,False,Texas/Central,2025-06-05,2025-08-09,Closed Lost,0,52189.62,True,False,False,Feature Gap,Workiva,False,65.0,FY2025-Q3
100153,5322,Fernandez and Sons,Mid Cap Public,ActiveDisclosure,1001,False,Texas/Central,2025-01-25,2025-02-23,Closed Lost,0,21222.28,True,False,False,No Decision / Stalled,Donnelley Legacy/Manual Process,False,29.0,FY2025-Q1
100154,5176,Miller Ltd,Large Cap Public,ActiveDisclosure,1003,False,Northeast,2025-07-02,2025-07-22,Closed Lost,0,26764.81,True,False,False,Feature Gap,Donnelley Legacy/Manual Process,False,20.0,FY2025-Q3
100155,5474,Morgan-Lopez,Mid Cap Public,ActiveDisclosure,1018,True,West,2025-07-14,2025-09-25,Closed Lost,0,17026.84,True,False,False,Price,Datasite,False,73.0,FY2025-Q3
100156,5080,Hancock and Sons,Large Cap Public,ActiveDisclosure,1002,False,Northeast,2026-02-13,2026-05-04,Closed Won,100,11509.31,True,True,True,,,False,80.0,FY2026-Q2
100157,5380,Jackson-Meza,Pre-IPO / Private,ActiveDisclosure,1003,False,Southeast,2026-02-03,2026-03-12,Closed Lost,0,58595.02,True,False,False,Feature Gap,Datasite,False,37.0,FY2026-Q1
100158,5029,"Johnston, Sanchez and Kennedy",Mid Cap Public,ActiveDisclosure,1005,False,Texas/Central,2025-11-12,2026-02-10,Closed Lost,0,103853.83,True,False,False,Budget Cut,Intralinks,False,90.0,FY2026-Q1
100159,5391,Thompson Ltd,Large Cap Public,ActiveDisclosure,1001,False,Mid-Atlantic,2024-12-20,2025-05-08,Closed Lost,0,80539.37,True,False,False,Timing - Not Ready,Toppan Merrill,False,139.0,FY2025-Q2
100160,5212,Jones and Sons,Large Cap Public,ActiveDisclosure,1018,True,Southeast,2026-05-15,2026-08-05,Needs Analysis,40,51119.26,False,,True,,,False,,FY2026-Q3
100161,5381,Collier-Gillespie,Pre-IPO / Private,ActiveDisclosure,1002,False,Texas/Central,2024-12-01,2025-01-27,Closed Won,100,58449.12,True,True,False,,,False,57.0,FY2025-Q1
100162,5155,"Higgins, Strickland and Martin",Mid Cap Public,ActiveDisclosure,1000,False,Southeast,2024-07-16,2024-09-13,Closed Won,100,45531.68,True,True,False,,,False,59.0,FY2024-Q3
100163,5248,Cook-Hines,Mid Cap Public,ActiveDisclosure,1005,False,Midwest,2025-04-19,2025-06-04,Closed Lost,0,69797.67,True,False,True,Lost to Competitor,Workiva,False,46.0,FY2025-Q2
100164,5194,Sheppard LLC,Mid Cap Public,ActiveDisclosure,1004,False,Mid-Atlantic,2024-11-29,2025-02-27,Closed Lost,0,8000.0,True,False,True,No Decision / Stalled,Datasite,False,90.0,FY2025-Q1
100165,5375,Jones-Hensley,Large Cap Public,ActiveDisclosure,1005,False,Mid-Atlantic,2025-10-13,2026-01-16,Closed Won,100,76699.05,True,True,False,,,False,95.0,FY2026-Q1
100166,5164,Short-Garcia,Pre-IPO / Private,ActiveDisclosure,1003,False,Southeast,2024-10-03,2025-01-16,Closed Lost,0,37532.6,True,False,False,Price,Toppan Merrill,False,105.0,FY2025-Q1
100167,5302,Reid Group,Pre-IPO / Private,ActiveDisclosure,1000,False,Midwest,2024-10-05,2024-12-25,Closed Won,100,58624.46,True,True,False,,,False,81.0,FY2024-Q4
100168,5084,"Rodriguez, Brennan and Garrison",Mid Cap Public,ActiveDisclosure,1000,False,Texas/Central,2025-10-29,2025-12-04,Closed Lost,0,19222.41,True,False,False,No Decision / Stalled,In-house Build,False,36.0,FY2025-Q4
100169,5037,Morton-Chase,Mid Cap Public,ActiveDisclosure,1001,False,Texas/Central,2025-05-18,2025-08-10,Closed Lost,0,83047.24,True,False,False,Feature Gap,Ideagen/Q4,False,84.0,FY2025-Q3
100170,5143,"Alvarado, Miller and Patterson",Mid Cap Public,ActiveDisclosure,1003,False,Texas/Central,2025-05-02,2025-07-27,Closed Lost,0,54981.94,True,False,False,Timing - Not Ready,Datasite,False,86.0,FY2025-Q3
100171,5060,Suarez LLC,Pre-IPO / Private,ActiveDisclosure,1005,False,Southeast,2024-11-20,2025-02-07,Closed Lost,0,65500.03,True,False,True,Timing - Not Ready,Toppan Merrill,False,79.0,FY2025-Q1
100172,5392,Marshall-Elliott,Pre-IPO / Private,ActiveDisclosure,1020,True,West,2025-09-20,2025-11-04,Closed Lost,0,101101.14,True,False,True,Timing - Not Ready,Donnelley Legacy/Manual Process,False,45.0,FY2025-Q4
100173,5171,Christensen PLC,Large Cap Public,ActiveDisclosure,1003,False,Texas/Central,2026-04-10,2026-06-14,Closed Won,100,53377.17,True,True,False,,,False,65.0,FY2026-Q2
100174,5144,White-Green,Pre-IPO / Private,ActiveDisclosure,1003,False,West,2025-09-15,2025-11-12,Closed Won,100,92292.28,True,True,False,,,False,58.0,FY2025-Q4
100175,5212,Jones and Sons,Large Cap Public,ActiveDisclosure,1005,False,Southeast,2024-09-13,2024-12-16,Closed Lost,0,10505.47,True,False,True,Lost to Competitor,Toppan Merrill,False,94.0,FY2024-Q4
100176,5162,Reed Group,Mid Cap Public,ActiveDisclosure,1019,True,Mid-Atlantic,2024-10-17,2024-12-11,Closed Lost,0,108814.13,True,False,True,No Decision / Stalled,Workiva,False,55.0,FY2024-Q4
100177,5126,"Ramirez, Strickland and Washington",Mid Cap Public,ActiveDisclosure,1000,False,Texas/Central,2026-01-19,2026-04-17,Closed Won,100,85394.61,True,True,False,,,False,88.0,FY2026-Q2
100178,5410,Davis-Gregory,Large Cap Public,ActiveDisclosure,1002,False,Midwest,2026-03-03,2026-04-18,Closed Lost,0,37628.41,True,False,True,Price,Datasite,False,46.0,FY2026-Q2
100179,5170,Ramirez Group,Pre-IPO / Private,ActiveDisclosure,1001,False,Mid-Atlantic,2026-01-23,2026-05-14,Closed Lost,0,76434.97,True,False,True,Lost to Competitor,Toppan Merrill,False,111.0,FY2026-Q2
100180,5007,Rodriguez-Graham,Mid Cap Public,ActiveDisclosure,1000,False,Mid-Atlantic,2025-04-01,2025-06-09,Closed Won,100,125071.09,True,True,False,,,False,69.0,FY2025-Q2
100181,5081,Johnson-Doyle,Pre-IPO / Private,ActiveDisclosure,1002,False,Northeast,2025-11-07,2025-11-30,Closed Won,100,55903.23,True,True,False,,,False,23.0,FY2025-Q4
100182,5139,Johnson-Rogers,Pre-IPO / Private,ActiveDisclosure,1001,False,Northeast,2025-11-19,2026-01-01,Closed Lost,0,87521.61,True,False,False,Lost to Competitor,Datasite,False,43.0,FY2026-Q1
100183,5329,"Williams, Logan and Camacho",Large Cap Public,ActiveDisclosure,1004,False,Northeast,2024-11-16,2025-01-06,Closed Lost,0,58089.63,True,False,True,Lost to Competitor,Donnelley Legacy/Manual Process,False,51.0,FY2025-Q1
100184,5055,"Edwards, Baker and Anderson",Large Cap Public,ActiveDisclosure,1002,False,Texas/Central,2026-02-09,2026-04-26,Closed Lost,0,52645.99,True,False,False,Budget Cut,Datasite,False,76.0,FY2026-Q2
100185,5467,Carter Inc,Pre-IPO / Private,ActiveDisclosure,1004,False,Northeast,2025-01-20,2025-03-31,Closed Won,100,80446.39,True,True,True,,,False,70.0,FY2025-Q1
100186,5325,"Morris, Thompson and Williams",Large Cap Public,ActiveDisclosure,1001,False,Mid-Atlantic,2025-10-15,2025-12-24,Closed Lost,0,12577.15,True,False,True,No Decision / Stalled,Ideagen/Q4,False,70.0,FY2025-Q4
100187,5060,Suarez LLC,Pre-IPO / Private,ActiveDisclosure,1001,False,Southeast,2024-11-19,2025-01-28,Closed Won,100,67580.48,True,True,False,,,False,70.0,FY2025-Q1
100188,5258,"Booker, Jones and Harrington",Pre-IPO / Private,ActiveDisclosure,1003,False,Southeast,2025-07-21,2025-09-20,Closed Lost,0,72873.17,True,False,False,Timing - Not Ready,In-house Build,False,61.0,FY2025-Q3
100189,5349,Bell-Lane,Pre-IPO / Private,ActiveDisclosure,1005,False,Texas/Central,2024-09-25,2024-12-08,Closed Lost,0,91690.27,True,False,False,Feature Gap,In-house Build,False,74.0,FY2024-Q4
100190,5428,Bishop-Goodwin,Large Cap Public,ActiveDisclosure,1018,True,Southeast,2025-09-13,2025-12-03,Closed Lost,0,72358.33,True,False,False,Timing - Not Ready,In-house Build,False,81.0,FY2025-Q4
100191,5065,Newton and Sons,Large Cap Public,ActiveDisclosure,1003,False,West,2025-02-11,2025-05-28,Closed Lost,0,54497.85,True,False,True,Feature Gap,In-house Build,False,106.0,FY2025-Q2
100192,5049,Yu Inc,Large Cap Public,ActiveDisclosure,1001,False,Texas/Central,2024-09-25,2024-12-11,Closed Lost,0,70845.9,True,False,False,No Decision / Stalled,Donnelley Legacy/Manual Process,False,77.0,FY2024-Q4
100193,5327,Strickland-Palmer,Pre-IPO / Private,ActiveDisclosure,1002,False,Northeast,2025-10-06,2025-12-01,Closed Won,100,60234.85,True,True,True,,,False,56.0,FY2025-Q4
100194,5147,King-Miller,Pre-IPO / Private,ActiveDisclosure,1004,False,Northeast,2025-03-06,2025-05-03,Closed Won,100,59681.42,True,True,False,,,False,58.0,FY2025-Q2
100195,5359,Davis PLC,Mid Cap Public,ActiveDisclosure,1003,False,Southeast,2025-10-16,2026-01-16,Closed Lost,0,51232.92,True,False,False,Lost to Competitor,Toppan Merrill,False,92.0,FY2026-Q1
100196,5461,Cooper Ltd,Pre-IPO / Private,ActiveDisclosure,1003,False,Texas/Central,2025-01-18,2025-03-18,Closed Lost,0,88641.58,True,False,True,Feature Gap,Intralinks,False,59.0,FY2025-Q1
100197,5147,King-Miller,Pre-IPO / Private,ActiveDisclosure,1003,False,Northeast,2025-12-31,2026-01-24,Closed Won,100,68473.76,True,True,False,,,False,24.0,FY2026-Q1
100198,5084,"Rodriguez, Brennan and Garrison",Mid Cap Public,ActiveDisclosure,1003,False,Texas/Central,2026-04-15,2026-05-08,Closed Lost,0,64819.96,True,False,False,No Decision / Stalled,Datasite,False,23.0,FY2026-Q2
100199,5473,Paul-Kline,Pre-IPO / Private,ActiveDisclosure,1005,False,Mid-Atlantic,2026-03-21,2026-05-30,Closed Won,100,33692.55,True,True,True,,,False,70.0,FY2026-Q2
100200,5209,"Hall, Baker and Moody",Mid Cap Public,ActiveDisclosure,1005,False,Mid-Atlantic,2024-10-27,2025-03-06,Closed Won,100,87801.38,True,True,False,,,False,130.0,FY2025-Q1
100201,5178,"Alvarez, Joseph and West",Large Cap Public,ActiveDisclosure,1003,False,Northeast,2024-11-18,2025-03-13,Closed Won,100,70599.47,True,True,False,,,False,115.0,FY2025-Q1
100202,5301,Herman-Walker,Mid Cap Public,ActiveDisclosure,1001,False,Midwest,2025-11-13,2026-01-07,Closed Won,100,115464.14,True,True,False,,,False,55.0,FY2026-Q1
100203,5142,Meadows PLC,Mid Cap Public,ActiveDisclosure,1003,False,Texas/Central,2025-11-08,2026-03-15,Closed Lost,0,111596.13,True,False,False,Timing - Not Ready,Toppan Merrill,False,127.0,FY2026-Q1
100204,5205,Arnold and Sons,Large Cap Public,ActiveDisclosure,1003,False,Midwest,2025-11-15,2025-12-08,Closed Lost,0,70634.81,True,False,False,Price,In-house Build,False,23.0,FY2025-Q4
100205,5094,Chandler-Edwards,Mid Cap Public,ActiveDisclosure,1002,False,Mid-Atlantic,2025-02-10,2025-04-14,Closed Won,100,95598.01,True,True,True,,,False,63.0,FY2025-Q2
100206,5262,Brennan-Johnson,Large Cap Public,ActiveDisclosure,1003,False,Southeast,2025-10-11,2026-01-01,Closed Lost,0,64199.66,True,False,True,Price,In-house Build,False,82.0,FY2026-Q1
100207,5339,Gutierrez Group,Mid Cap Public,ActiveDisclosure,1002,False,West,2026-01-07,2026-04-09,Closed Lost,0,29090.33,True,False,False,Price,Ideagen/Q4,False,92.0,FY2026-Q2
100208,5166,"Hernandez, Thompson and Boyd",Mid Cap Public,ActiveDisclosure,1000,False,Midwest,2025-02-08,2025-04-05,Closed Lost,0,8000.0,True,False,True,Feature Gap,Ideagen/Q4,False,56.0,FY2025-Q2
100209,5157,Johnston-Odonnell,Large Cap Public,ActiveDisclosure,1001,False,Midwest,2024-10-28,2024-12-30,Closed Won,100,30773.97,True,True,False,,,False,63.0,FY2024-Q4
100210,5322,Fernandez and Sons,Mid Cap Public,ActiveDisclosure,1001,False,Texas/Central,2026-03-16,2026-05-19,Closed Lost,0,65277.57,True,False,False,Lost to Competitor,Ideagen/Q4,False,64.0,FY2026-Q2
100211,5022,"Brooks, Lam and Hayes",Pre-IPO / Private,ActiveDisclosure,1002,False,Mid-Atlantic,2026-02-03,2026-05-07,Closed Lost,0,88394.39,True,False,True,Lost to Competitor,Datasite,False,93.0,FY2026-Q2
100212,5260,"Miller, Murphy and Craig",Pre-IPO / Private,ActiveDisclosure,1004,False,Southeast,2026-02-06,2026-04-20,Closed Lost,0,36785.56,True,False,True,Feature Gap,Ideagen/Q4,False,73.0,FY2026-Q2
100213,5093,Johnson-Carlson,Pre-IPO / Private,ActiveDisclosure,1001,False,Northeast,2024-11-06,2025-01-16,Closed Won,100,69874.22,True,True,True,,,False,71.0,FY2025-Q1
100214,5051,"Hensley, Powell and David",Large Cap Public,ActiveDisclosure,1005,False,Midwest,2025-03-10,2025-04-28,Closed Lost,0,35280.43,True,False,False,Lost to Competitor,In-house Build,False,49.0,FY2025-Q2
100215,5178,"Alvarez, Joseph and West",Large Cap Public,ActiveDisclosure,1005,False,Northeast,2024-10-03,2024-10-23,Closed Won,100,106583.7,True,True,False,,,False,20.0,FY2024-Q4
100216,5133,Stein-Silva,Pre-IPO / Private,ActiveDisclosure,1000,False,Midwest,2025-11-11,2026-02-08,Closed Lost,0,88024.38,True,False,False,Feature Gap,Workiva,False,89.0,FY2026-Q1
100217,5335,"Kelley, Nguyen and Vang",Pre-IPO / Private,ActiveDisclosure,1002,False,Southeast,2025-11-18,2026-03-16,Closed Lost,0,91037.27,True,False,False,Timing - Not Ready,Intralinks,False,118.0,FY2026-Q1
100218,5022,"Brooks, Lam and Hayes",Pre-IPO / Private,ActiveDisclosure,1003,False,Mid-Atlantic,2024-08-18,2024-11-08,Closed Won,100,88796.77,True,True,False,,,False,82.0,FY2024-Q4
100219,5244,Morgan-French,Large Cap Public,ActiveDisclosure,1001,False,Midwest,2025-09-11,2025-12-07,Closed Lost,0,51381.65,True,False,False,No Decision / Stalled,Intralinks,False,87.0,FY2025-Q4
100220,5312,Garcia-Jennings,Mid Cap Public,ActiveDisclosure,1000,False,Midwest,2025-04-06,2025-05-02,Closed Lost,0,51614.84,True,False,True,Feature Gap,Intralinks,False,26.0,FY2025-Q2
100221,5068,Wagner-King,Pre-IPO / Private,ActiveDisclosure,1000,False,West,2025-02-24,2025-04-03,Closed Lost,0,38840.67,True,False,True,Price,Intralinks,False,38.0,FY2025-Q2
100222,5479,Parker-Morrison,Pre-IPO / Private,ActiveDisclosure,1005,False,Southeast,2026-02-27,2026-05-01,Closed Lost,0,74643.09,True,False,False,Price,Toppan Merrill,False,63.0,FY2026-Q2
100223,5168,Marshall-Petersen,Large Cap Public,ActiveDisclosure,1019,True,Southeast,2025-11-01,2025-12-25,Closed Won,100,69251.45,True,True,True,,,False,54.0,FY2025-Q4
100224,5111,Chambers and Sons,Large Cap Public,ActiveDisclosure,1001,False,Texas/Central,2024-11-17,2025-02-02,Closed Lost,0,117851.33,True,False,False,Feature Gap,Intralinks,False,77.0,FY2025-Q1
100225,5414,"Hale, Myers and Larson",Pre-IPO / Private,ActiveDisclosure,1001,False,West,2025-02-03,2025-04-19,Closed Lost,0,87425.56,True,False,False,Timing - Not Ready,Toppan Merrill,False,75.0,FY2025-Q2
100226,5457,Jones-Fox,Pre-IPO / Private,ActiveDisclosure,1004,False,Texas/Central,2024-11-20,2024-12-21,Closed Lost,0,47392.19,True,False,False,No Decision / Stalled,Donnelley Legacy/Manual Process,False,31.0,FY2024-Q4
100227,5220,Johnston-Hines,Large Cap Public,ActiveDisclosure,1000,False,West,2025-03-10,2025-05-23,Closed Won,100,54099.03,True,True,False,,,False,74.0,FY2025-Q2
100228,5216,"Fernandez, Kim and George",Mid Cap Public,ActiveDisclosure,1005,False,Texas/Central,2026-03-14,2026-05-10,Closed Won,100,83193.34,True,True,True,,,False,57.0,FY2026-Q2
100229,5188,Perez-White,Large Cap Public,ActiveDisclosure,1005,False,Texas/Central,2026-03-13,2026-06-24,Closed Lost,0,57064.4,True,False,False,Feature Gap,Workiva,False,103.0,FY2026-Q2
100230,5258,"Booker, Jones and Harrington",Pre-IPO / Private,ActiveDisclosure,1005,False,Southeast,2024-10-23,2025-02-03,Closed Lost,0,73028.78,True,False,False,Timing - Not Ready,Workiva,False,103.0,FY2025-Q1
100231,5244,Morgan-French,Large Cap Public,ActiveDisclosure,1004,False,Midwest,2024-11-12,2025-02-09,Closed Lost,0,83416.75,True,False,False,Timing - Not Ready,Toppan Merrill,False,89.0,FY2025-Q1
100232,5049,Yu Inc,Large Cap Public,ActiveDisclosure,1019,True,Texas/Central,2024-09-12,2024-11-14,Closed Won,100,88054.95,True,True,False,,,False,63.0,FY2024-Q4
100233,5473,Paul-Kline,Pre-IPO / Private,ActiveDisclosure,1004,False,Mid-Atlantic,2025-08-15,2025-09-30,Closed Won,100,10434.58,True,True,True,,,False,46.0,FY2025-Q3
100234,5050,Jones Inc,Pre-IPO / Private,ActiveDisclosure,1001,False,Texas/Central,2024-09-05,2024-10-16,Closed Won,100,35210.21,True,True,False,,,False,41.0,FY2024-Q4
100235,5323,Guerrero Inc,Pre-IPO / Private,ActiveDisclosure,1004,False,Texas/Central,2024-10-26,2025-01-11,Closed Won,100,89965.1,True,True,False,,,False,77.0,FY2025-Q1
100236,5359,Davis PLC,Mid Cap Public,ActiveDisclosure,1005,False,Southeast,2024-12-26,2025-03-11,Closed Won,100,37422.31,True,True,False,,,False,75.0,FY2025-Q1
100237,5096,Scott Ltd,Mid Cap Public,ActiveDisclosure,1001,False,Midwest,2025-03-22,2025-07-04,Closed Lost,0,51346.98,True,False,False,No Decision / Stalled,Toppan Merrill,False,104.0,FY2025-Q3
100238,5190,Williams-Brown,Large Cap Public,ActiveDisclosure,1004,False,Texas/Central,2024-07-30,2024-10-26,Closed Won,100,21868.36,True,True,False,,,False,88.0,FY2024-Q4
100239,5034,Wright and Sons,Mid Cap Public,ActiveDisclosure,1002,False,Texas/Central,2026-04-03,2026-06-19,Closed Won,100,30926.67,True,True,True,,,False,77.0,FY2026-Q2
100240,5354,"Austin, Day and Johnson",Pre-IPO / Private,ActiveDisclosure,1020,True,Northeast,2024-12-08,2025-03-02,Closed Lost,0,102245.68,True,False,False,Price,Intralinks,False,84.0,FY2025-Q1
100241,5135,Smith-Bell,Pre-IPO / Private,ActiveDisclosure,1003,False,West,2024-07-12,2024-09-22,Closed Lost,0,48283.78,True,False,False,Lost to Competitor,Ideagen/Q4,False,72.0,FY2024-Q3
100242,5068,Wagner-King,Pre-IPO / Private,ActiveDisclosure,1002,False,West,2025-05-25,2025-06-24,Closed Won,100,72719.07,True,True,False,,,False,30.0,FY2025-Q2
100243,5454,"Andrews, Higgins and Carter",Mid Cap Public,ActiveDisclosure,1000,False,Southeast,2024-10-30,2024-11-29,Closed Won,100,41810.41,True,True,False,,,False,30.0,FY2024-Q4
100244,5216,"Fernandez, Kim and George",Mid Cap Public,ActiveDisclosure,1002,False,Texas/Central,2025-08-14,2025-10-13,Closed Lost,0,109076.04,True,False,False,No Decision / Stalled,Datasite,False,60.0,FY2025-Q4
100245,5030,Lee-Davis,Large Cap Public,ActiveDisclosure,1004,False,Mid-Atlantic,2025-03-05,2025-08-16,Closed Lost,0,87470.86,True,False,False,Lost to Competitor,Toppan Merrill,False,164.0,FY2025-Q3
100246,5389,Thomas and Sons,Large Cap Public,ActiveDisclosure,1003,False,Texas/Central,2025-03-08,2025-04-25,Closed Won,100,60791.5,True,True,False,,,False,48.0,FY2025-Q2
100247,5329,"Williams, Logan and Camacho",Large Cap Public,ActiveDisclosure,1005,False,Northeast,2025-06-08,2025-09-07,Closed Lost,0,63044.19,True,False,False,Price,Intralinks,False,91.0,FY2025-Q3
100248,5216,"Fernandez, Kim and George",Mid Cap Public,ActiveDisclosure,1000,False,Texas/Central,2024-11-22,2025-01-28,Closed Won,100,30102.54,True,True,False,,,False,67.0,FY2025-Q1
100249,5355,"Gallegos, Adams and White",Pre-IPO / Private,ActiveDisclosure,1003,False,Texas/Central,2025-11-29,2026-02-02,Closed Won,100,68976.72,True,True,True,,,False,65.0,FY2026-Q1
100250,5168,Marshall-Petersen,Large Cap Public,ActiveDisclosure,1002,False,Southeast,2025-02-27,2025-04-13,Closed Lost,0,86940.87,True,False,False,Budget Cut,Toppan Merrill,False,45.0,FY2025-Q2
100251,5258,"Booker, Jones and Harrington",Pre-IPO / Private,ActiveDisclosure,1018,True,Southeast,2025-02-24,2025-04-19,Closed Won,100,98020.16,True,True,True,,,False,54.0,FY2025-Q2
100252,5210,"Guerrero, Peck and Coleman",Large Cap Public,ActiveDisclosure,1003,False,Northeast,2025-01-28,2025-04-30,Closed Won,100,82345.25,True,True,True,,,False,92.0,FY2025-Q2
100253,5258,"Booker, Jones and Harrington",Pre-IPO / Private,ActiveDisclosure,1004,False,Southeast,2026-06-02,2026-06-30,Closed Lost,0,49602.94,True,False,False,No Decision / Stalled,Intralinks,False,28.0,FY2026-Q2
100254,5278,Castaneda-Rodriguez,Large Cap Public,ActiveDisclosure,1001,False,West,2025-03-23,2025-06-09,Closed Won,100,104249.98,True,True,False,,,False,78.0,FY2025-Q2
100255,5362,Frank-Bradley,Mid Cap Public,ActiveDisclosure,1001,False,Northeast,2026-01-20,2026-04-20,Closed Won,100,32323.67,True,True,False,,,False,90.0,FY2026-Q2
100256,5030,Lee-Davis,Large Cap Public,ActiveDisclosure,1000,False,Mid-Atlantic,2024-11-20,2025-02-02,Closed Lost,0,72174.69,True,False,False,Lost to Competitor,Intralinks,False,74.0,FY2025-Q1
100257,5451,Barnes PLC,Mid Cap Public,ActiveDisclosure,1000,False,Mid-Atlantic,2026-04-21,2026-06-27,Closed Won,100,62670.96,True,True,True,,,False,67.0,FY2026-Q2
100258,5100,"Mccall, Hanson and Alvarado",Large Cap Public,ActiveDisclosure,1019,True,Northeast,2024-11-08,2025-01-16,Closed Won,100,52177.91,True,True,True,,,False,69.0,FY2025-Q1
100259,5399,Jones-Lin,Mid Cap Public,ActiveDisclosure,1005,False,Midwest,2026-02-07,2026-04-04,Closed Lost,0,72293.17,True,False,True,Price,Donnelley Legacy/Manual Process,False,56.0,FY2026-Q2
100260,5233,"Anderson, Roberts and Gilmore",Mid Cap Public,ActiveDisclosure,1002,False,Midwest,2025-02-04,2025-04-27,Closed Won,100,80868.55,True,True,True,,,False,82.0,FY2025-Q2
100261,5435,Spencer-Garcia,Pre-IPO / Private,ActiveDisclosure,1005,False,Texas/Central,2026-03-26,2026-06-19,Closed Won,100,46359.95,True,True,False,,,False,85.0,FY2026-Q2
100262,5034,Wright and Sons,Mid Cap Public,ActiveDisclosure,1019,True,Texas/Central,2025-11-02,2026-01-19,Closed Won,100,60169.44,True,True,True,,,False,78.0,FY2026-Q1
100263,5234,Martinez-Dudley,Pre-IPO / Private,ActiveDisclosure,1004,False,West,2025-12-20,2026-02-11,Closed Lost,0,82902.5,True,False,False,Budget Cut,Ideagen/Q4,False,53.0,FY2026-Q1
100264,5410,Davis-Gregory,Large Cap Public,ActiveDisclosure,1004,False,Midwest,2025-11-08,2026-02-12,Closed Lost,0,73898.61,True,False,True,Budget Cut,Datasite,False,96.0,FY2026-Q1
100265,5446,Blake Group,Large Cap Public,ActiveDisclosure,1002,False,Midwest,2026-03-03,2026-05-23,Closed Won,100,40722.87,True,True,False,,,False,81.0,FY2026-Q2
100266,5062,"Turner, Riggs and Roman",Pre-IPO / Private,ActiveDisclosure,1001,False,Mid-Atlantic,2026-02-18,2026-06-04,Closed Won,100,60261.36,True,True,True,,,False,106.0,FY2026-Q2
100267,5461,Cooper Ltd,Pre-IPO / Private,ActiveDisclosure,1003,False,Texas/Central,2025-02-09,2025-03-25,Closed Lost,0,110207.52,True,False,False,Lost to Competitor,Intralinks,False,44.0,FY2025-Q1
100268,5389,Thomas and Sons,Large Cap Public,ActiveDisclosure,1020,True,Texas/Central,2026-02-25,2026-05-09,Closed Won,100,92988.09,True,True,False,,,False,73.0,FY2026-Q2
100269,5043,House-Glover,Large Cap Public,ActiveDisclosure,1003,False,Mid-Atlantic,2026-01-27,2026-03-27,Closed Lost,0,80499.19,True,False,True,Lost to Competitor,Donnelley Legacy/Manual Process,False,59.0,FY2026-Q1
100270,5169,"Adams, Christian and Rivas",Mid Cap Public,ActiveDisclosure,1000,False,Southeast,2025-02-23,2025-05-01,Closed Lost,0,73781.14,True,False,True,Price,Datasite,False,67.0,FY2025-Q2
100271,5233,"Anderson, Roberts and Gilmore",Mid Cap Public,ActiveDisclosure,1001,False,Midwest,2024-11-10,2025-04-12,Closed Lost,0,37377.95,True,False,True,No Decision / Stalled,Workiva,False,153.0,FY2025-Q2
100272,5479,Parker-Morrison,Pre-IPO / Private,ActiveDisclosure,1002,False,Southeast,2024-10-21,2025-01-28,Closed Lost,0,148434.55,True,False,False,No Decision / Stalled,Toppan Merrill,False,99.0,FY2025-Q1
100273,5187,"Carlson, Hooper and Wall",Mid Cap Public,ActiveDisclosure,1001,False,Midwest,2025-06-09,2025-08-06,Closed Lost,0,91347.17,True,False,False,Budget Cut,Ideagen/Q4,False,58.0,FY2025-Q3
100274,5325,"Morris, Thompson and Williams",Large Cap Public,ActiveDisclosure,1004,False,Mid-Atlantic,2026-01-26,2026-03-06,Closed Lost,0,82193.34,True,False,False,Lost to Competitor,Toppan Merrill,False,39.0,FY2026-Q1
100275,5061,Moore-Bass,Large Cap Public,ActiveDisclosure,1001,False,Midwest,2025-07-22,2025-09-05,Closed Won,100,56699.01,True,True,False,,,False,45.0,FY2025-Q3
100276,5449,"Bentley, Lynch and Henderson",Mid Cap Public,ActiveDisclosure,1004,False,West,2026-02-06,2026-05-13,Closed Won,100,40201.27,True,True,False,,,False,96.0,FY2026-Q2
100277,5362,Frank-Bradley,Mid Cap Public,ActiveDisclosure,1004,False,Northeast,2026-03-18,2026-06-06,Closed Won,100,43063.91,True,True,True,,,False,80.0,FY2026-Q2
100278,5084,"Rodriguez, Brennan and Garrison",Mid Cap Public,ActiveDisclosure,1001,False,Texas/Central,2024-09-17,2024-10-27,Closed Lost,0,70084.07,True,False,False,Price,Ideagen/Q4,False,40.0,FY2024-Q4
100279,5375,Jones-Hensley,Large Cap Public,ActiveDisclosure,1005,False,Mid-Atlantic,2025-03-28,2025-07-20,Closed Won,100,12146.15,True,True,False,,,False,114.0,FY2025-Q3
100280,5023,Walker LLC,Pre-IPO / Private,ActiveDisclosure,1003,False,Texas/Central,2024-07-01,2024-07-11,Closed Lost,0,72831.93,True,False,True,Budget Cut,Donnelley Legacy/Manual Process,False,10.0,FY2024-Q3
100281,5073,"Patterson, Smith and Jones",Pre-IPO / Private,ActiveDisclosure,1004,False,Southeast,2025-07-19,2025-10-17,Closed Lost,0,94106.27,True,False,False,Feature Gap,Intralinks,False,90.0,FY2025-Q4
100282,5052,"Sanchez, Wheeler and Harvey",Mid Cap Public,ActiveDisclosure,1000,False,Southeast,2024-08-03,2024-10-16,Closed Won,100,66426.35,True,True,False,,,False,74.0,FY2024-Q4
100283,5216,"Fernandez, Kim and George",Mid Cap Public,ActiveDisclosure,1000,False,Texas/Central,2026-01-11,2026-02-24,Closed Lost,0,58190.06,True,False,True,Timing - Not Ready,Donnelley Legacy/Manual Process,False,44.0,FY2026-Q1
100284,5297,"Martinez, Richardson and Curry",Mid Cap Public,ActiveDisclosure,1001,False,Southeast,2026-04-30,2026-06-30,Closed Lost,0,8000.0,True,False,False,Lost to Competitor,Donnelley Legacy/Manual Process,False,61.0,FY2026-Q2
100285,5420,Lee-Cooke,Mid Cap Public,ActiveDisclosure,1002,False,Texas/Central,2026-01-04,2026-03-01,Closed Won,100,48374.62,True,True,True,,,False,56.0,FY2026-Q1
100286,5058,"Ferrell, Jones and Lewis",Mid Cap Public,ActiveDisclosure,1003,False,West,2026-02-05,2026-05-06,Closed Won,100,30577.99,True,True,True,,,False,90.0,FY2026-Q2
100287,5474,Morgan-Lopez,Mid Cap Public,ActiveDisclosure,1004,False,West,2024-09-27,2024-12-03,Closed Lost,0,48636.16,True,False,True,Price,Workiva,False,67.0,FY2024-Q4
100288,5401,Ford-Spencer,Large Cap Public,ActiveDisclosure,1002,False,Mid-Atlantic,2025-10-27,2026-01-28,Closed Lost,0,42993.44,True,False,False,Budget Cut,Donnelley Legacy/Manual Process,False,93.0,FY2026-Q1
100289,5058,"Ferrell, Jones and Lewis",Mid Cap Public,ActiveDisclosure,1003,False,West,2024-10-01,2024-11-23,Closed Won,100,46613.62,True,True,True,,,False,53.0,FY2024-Q4
100290,5435,Spencer-Garcia,Pre-IPO / Private,ActiveDisclosure,1002,False,Texas/Central,2025-09-29,2025-12-21,Closed Won,100,46484.3,True,True,False,,,False,83.0,FY2025-Q4
100291,5312,Garcia-Jennings,Mid Cap Public,ActiveDisclosure,1004,False,Midwest,2026-05-14,2026-07-14,Proposal,60,104887.43,False,,True,,,False,,FY2026-Q3
100292,5362,Frank-Bradley,Mid Cap Public,ActiveDisclosure,1001,False,Northeast,2025-10-29,2026-01-06,Closed Lost,0,42454.47,True,False,True,Price,Donnelley Legacy/Manual Process,False,69.0,FY2026-Q1
100293,5454,"Andrews, Higgins and Carter",Mid Cap Public,ActiveDisclosure,1004,False,Southeast,2026-02-04,2026-04-09,Closed Lost,0,48619.2,True,False,False,Timing - Not Ready,Intralinks,False,64.0,FY2026-Q2
100294,5080,Hancock and Sons,Large Cap Public,ActiveDisclosure,1001,False,Northeast,2025-10-02,2025-12-20,Closed Lost,0,57435.03,True,False,False,Lost to Competitor,Intralinks,False,79.0,FY2025-Q4
100295,5183,King-Martinez,Large Cap Public,ActiveDisclosure,1002,False,Texas/Central,2026-04-03,2026-06-21,Closed Lost,0,96232.63,True,False,False,Price,Workiva,False,79.0,FY2026-Q2
100296,5332,Henry Group,Large Cap Public,ActiveDisclosure,1002,False,West,2026-01-16,2026-04-24,Closed Lost,0,39962.25,True,False,True,Price,Ideagen/Q4,False,98.0,FY2026-Q2
100297,5354,"Austin, Day and Johnson",Pre-IPO / Private,ActiveDisclosure,1004,False,Northeast,2024-11-30,2025-02-05,Closed Lost,0,66103.25,True,False,False,Price,Workiva,False,67.0,FY2025-Q1
100298,5210,"Guerrero, Peck and Coleman",Large Cap Public,ActiveDisclosure,1003,False,Northeast,2025-03-27,2025-06-05,Closed Lost,0,30947.81,True,False,True,Budget Cut,Workiva,False,70.0,FY2025-Q2
100299,5064,"Garcia, Humphrey and Baker",Large Cap Public,ActiveDisclosure,1005,False,Texas/Central,2024-11-24,2025-02-16,Closed Lost,0,69811.45,True,False,False,Price,Donnelley Legacy/Manual Process,False,84.0,FY2025-Q1
100300,5023,Walker LLC,Pre-IPO / Private,ActiveDisclosure,1002,False,Texas/Central,2024-07-20,2024-09-20,Closed Won,100,93250.25,True,True,False,,,False,62.0,FY2024-Q3
100301,5094,Chandler-Edwards,Mid Cap Public,ActiveDisclosure,1001,False,Mid-Atlantic,2026-06-01,2026-07-10,Proposal,60,69359.29,False,,False,,,False,,FY2026-Q3
100302,5143,"Alvarado, Miller and Patterson",Mid Cap Public,ActiveDisclosure,1005,False,Texas/Central,2025-05-24,2025-08-23,Closed Won,100,54535.09,True,True,True,,,False,91.0,FY2025-Q3
100303,5354,"Austin, Day and Johnson",Pre-IPO / Private,ActiveDisclosure,1003,False,Northeast,2024-12-09,2025-04-05,Closed Won,100,67508.89,True,True,False,,,False,117.0,FY2025-Q2
100304,5022,"Brooks, Lam and Hayes",Pre-IPO / Private,ActiveDisclosure,1001,False,Mid-Atlantic,2024-07-29,2024-11-02,Closed Lost,0,100515.35,True,False,True,Lost to Competitor,Workiva,False,96.0,FY2024-Q4
100305,5052,"Sanchez, Wheeler and Harvey",Mid Cap Public,ActiveDisclosure,1005,False,Southeast,2025-10-18,2026-03-28,Closed Lost,0,78829.51,True,False,True,Feature Gap,Workiva,False,161.0,FY2026-Q1
100306,5020,Hickman Ltd,Pre-IPO / Private,ActiveDisclosure,1003,False,Southeast,2026-02-28,2026-04-21,Closed Lost,0,24898.65,True,False,False,No Decision / Stalled,Datasite,False,52.0,FY2026-Q2
100307,5080,Hancock and Sons,Large Cap Public,ActiveDisclosure,1005,False,Northeast,2025-03-21,2025-06-09,Closed Won,100,69338.86,True,True,True,,,False,80.0,FY2025-Q2
100308,5207,"Harrison, Johnson and Roberts",Pre-IPO / Private,ActiveDisclosure,1005,False,Northeast,2025-02-04,2025-03-17,Closed Won,100,91009.32,True,True,True,,,False,41.0,FY2025-Q1
100309,5311,"Wood, Ramos and Sampson",Mid Cap Public,ActiveDisclosure,1005,False,Southeast,2026-05-29,2026-09-24,Qualification,25,47417.97,False,,True,,,False,,FY2026-Q3
100310,5394,"Downs, Morris and Maddox",Large Cap Public,ActiveDisclosure,1002,False,Mid-Atlantic,2026-03-14,2026-05-31,Closed Lost,0,80325.59,True,False,False,Feature Gap,Toppan Merrill,False,78.0,FY2026-Q2
100311,5018,Anderson Group,Pre-IPO / Private,ActiveDisclosure,1003,False,Northeast,2025-10-13,2025-11-07,Closed Won,100,52728.26,True,True,False,,,False,25.0,FY2025-Q4
100312,5112,Hernandez Inc,Large Cap Public,ActiveDisclosure,1002,False,Northeast,2026-02-28,2026-05-06,Closed Lost,0,44087.08,True,False,False,Budget Cut,Workiva,False,67.0,FY2026-Q2
100313,5329,"Williams, Logan and Camacho",Large Cap Public,ActiveDisclosure,1005,False,Northeast,2026-04-16,2026-05-24,Closed Lost,0,64775.53,True,False,True,Feature Gap,Datasite,False,38.0,FY2026-Q2
100314,5297,"Martinez, Richardson and Curry",Mid Cap Public,ActiveDisclosure,1004,False,Southeast,2025-03-03,2025-06-08,Closed Lost,0,71093.59,True,False,False,No Decision / Stalled,Toppan Merrill,False,97.0,FY2025-Q2
100315,5130,Mccarthy Inc,Large Cap Public,ActiveDisclosure,1003,False,West,2025-04-28,2025-08-02,Closed Lost,0,27550.74,True,False,True,Timing - Not Ready,Toppan Merrill,False,96.0,FY2025-Q3
100316,5066,Campbell-Clark,Mid Cap Public,ActiveDisclosure,1005,False,Mid-Atlantic,2025-02-12,2025-05-10,Closed Lost,0,44741.91,True,False,True,Feature Gap,Datasite,False,87.0,FY2025-Q2
100317,5349,Bell-Lane,Pre-IPO / Private,ActiveDisclosure,1000,False,Texas/Central,2026-01-22,2026-05-04,Closed Lost,0,45203.25,True,False,False,Feature Gap,Datasite,False,102.0,FY2026-Q2
100318,5255,"Sanford, Rivera and Garcia",Large Cap Public,ActiveDisclosure,1005,False,Northeast,2025-02-12,2025-05-18,Closed Lost,0,62562.88,True,False,True,Budget Cut,Ideagen/Q4,False,95.0,FY2025-Q2
100319,5007,Rodriguez-Graham,Mid Cap Public,ActiveDisclosure,1003,False,Mid-Atlantic,2025-03-23,2025-06-11,Closed Lost,0,54818.0,True,False,False,Budget Cut,Workiva,False,80.0,FY2025-Q2
100320,5208,Warner-Gibson,Mid Cap Public,ActiveDisclosure,1018,True,Texas/Central,2026-03-27,2026-04-06,Closed Lost,0,61104.64,True,False,True,Feature Gap,Donnelley Legacy/Manual Process,False,10.0,FY2026-Q2
100321,5428,Bishop-Goodwin,Large Cap Public,ActiveDisclosure,1003,False,Southeast,2024-12-01,2025-03-12,Closed Lost,0,58088.31,True,False,False,Budget Cut,Intralinks,False,101.0,FY2025-Q1
100322,5318,Jones PLC,Pre-IPO / Private,ActiveDisclosure,1001,False,Mid-Atlantic,2025-11-11,2026-02-25,Closed Won,100,35069.98,True,True,True,,,False,106.0,FY2026-Q1
100323,5078,"Wright, Garcia and Deleon",Large Cap Public,ActiveDisclosure,1004,False,Northeast,2025-04-06,2025-06-09,Closed Lost,0,27523.3,True,False,True,Budget Cut,Ideagen/Q4,False,64.0,FY2025-Q2
100324,5050,Jones Inc,Pre-IPO / Private,ActiveDisclosure,1000,False,Texas/Central,2025-10-31,2026-01-03,Closed Lost,0,55632.12,True,False,False,Feature Gap,Datasite,False,64.0,FY2026-Q1
100325,5282,"Beltran, Lozano and Mcgee",Large Cap Public,ActiveDisclosure,1005,False,West,2025-12-25,2026-03-22,Closed Lost,0,23980.64,True,False,True,Lost to Competitor,Toppan Merrill,False,87.0,FY2026-Q1
100326,5320,Schroeder-Kramer,Large Cap Public,ActiveDisclosure,1020,True,Texas/Central,2024-11-09,2025-02-12,Closed Lost,0,75741.35,True,False,True,Lost to Competitor,Workiva,False,95.0,FY2025-Q1
100327,5392,Marshall-Elliott,Pre-IPO / Private,ActiveDisclosure,1001,False,West,2025-11-13,2026-01-10,Closed Won,100,107093.08,True,True,True,,,False,58.0,FY2026-Q1
100328,5030,Lee-Davis,Large Cap Public,ActiveDisclosure,1001,False,Mid-Atlantic,2025-02-14,2025-05-27,Closed Won,100,80326.72,True,True,False,,,False,102.0,FY2025-Q2
100329,5084,"Rodriguez, Brennan and Garrison",Mid Cap Public,ActiveDisclosure,1000,False,Texas/Central,2024-12-20,2025-01-24,Closed Lost,0,39348.17,True,False,False,Feature Gap,Datasite,False,35.0,FY2025-Q1
100330,5071,Walsh LLC,Mid Cap Public,ActiveDisclosure,1005,False,Texas/Central,2026-02-28,2026-04-13,Closed Won,100,48349.72,True,True,True,,,False,44.0,FY2026-Q2
100331,5176,Miller Ltd,Large Cap Public,ActiveDisclosure,1000,False,Northeast,2026-06-06,2026-10-12,Prospecting,10,22148.47,False,,False,,,False,,FY2026-Q4
100332,5274,Santana-Byrd,Mid Cap Public,ActiveDisclosure,1005,False,Midwest,2025-01-26,2025-04-28,Closed Won,100,31585.63,True,True,False,,,False,92.0,FY2025-Q2
100333,5075,"Tran, Jordan and Williams",Mid Cap Public,ActiveDisclosure,1001,False,Northeast,2026-03-29,2026-05-12,Closed Lost,0,86750.88,True,False,False,Price,In-house Build,False,44.0,FY2026-Q2
100334,5348,Schmitt PLC,Mid Cap Public,ActiveDisclosure,1018,True,Texas/Central,2025-04-15,2025-06-27,Closed Lost,0,77792.09,True,False,False,No Decision / Stalled,Ideagen/Q4,False,73.0,FY2025-Q2
100335,5286,"Becker, Taylor and Davis",Pre-IPO / Private,ActiveDisclosure,1001,False,Northeast,2025-04-28,2025-06-27,Closed Lost,0,49588.03,True,False,True,Budget Cut,Datasite,False,60.0,FY2025-Q2
100336,5233,"Anderson, Roberts and Gilmore",Mid Cap Public,ActiveDisclosure,1020,True,Midwest,2026-05-18,2026-08-02,Needs Analysis,40,51055.21,False,,False,,,False,,FY2026-Q3
100337,5446,Blake Group,Large Cap Public,ActiveDisclosure,1002,False,Midwest,2025-12-05,2026-03-23,Closed Lost,0,66823.11,True,False,False,Budget Cut,Datasite,False,108.0,FY2026-Q1
100338,5441,Hughes Inc,Mid Cap Public,ActiveDisclosure,1000,False,Texas/Central,2024-10-10,2024-12-07,Closed Lost,0,73852.09,True,False,False,No Decision / Stalled,Ideagen/Q4,False,58.0,FY2024-Q4
100339,5073,"Patterson, Smith and Jones",Pre-IPO / Private,ActiveDisclosure,1018,True,Southeast,2024-10-26,2025-01-25,Closed Won,100,50608.61,True,True,False,,,False,91.0,FY2025-Q1
100340,5391,Thompson Ltd,Large Cap Public,ActiveDisclosure,1004,False,Mid-Atlantic,2024-12-21,2025-04-02,Closed Won,100,60505.27,True,True,True,,,False,102.0,FY2025-Q2
100341,5084,"Rodriguez, Brennan and Garrison",Mid Cap Public,ActiveDisclosure,1003,False,Texas/Central,2025-06-15,2025-08-09,Closed Won,100,73608.32,True,True,False,,,False,55.0,FY2025-Q3
100342,5350,Moore Group,Mid Cap Public,ActiveDisclosure,1005,False,Mid-Atlantic,2025-11-01,2026-02-01,Closed Lost,0,56192.12,True,False,False,Lost to Competitor,Workiva,False,92.0,FY2026-Q1
100343,5071,Walsh LLC,Mid Cap Public,ActiveDisclosure,1003,False,Texas/Central,2024-12-10,2025-03-16,Closed Lost,0,61325.65,True,False,False,Feature Gap,Donnelley Legacy/Manual Process,False,96.0,FY2025-Q1
100344,5101,Cortez LLC,Mid Cap Public,ActiveDisclosure,1003,False,Mid-Atlantic,2024-11-10,2025-01-01,Closed Won,100,74087.01,True,True,False,,,False,52.0,FY2025-Q1
100345,5244,Morgan-French,Large Cap Public,ActiveDisclosure,1005,False,Midwest,2024-09-02,2024-11-24,Closed Lost,0,72647.7,True,False,False,Timing - Not Ready,Ideagen/Q4,False,83.0,FY2024-Q4
100346,5020,Hickman Ltd,Pre-IPO / Private,ActiveDisclosure,1005,False,Southeast,2026-01-29,2026-04-16,Closed Lost,0,76033.48,True,False,False,Timing - Not Ready,In-house Build,False,77.0,FY2026-Q2
100347,5058,"Ferrell, Jones and Lewis",Mid Cap Public,ActiveDisclosure,1005,False,West,2024-10-05,2024-12-31,Closed Won,100,40467.77,True,True,False,,,False,87.0,FY2024-Q4
100348,5255,"Sanford, Rivera and Garcia",Large Cap Public,ActiveDisclosure,1004,False,Northeast,2026-01-22,2026-03-05,Closed Won,100,49289.9,True,True,False,,,False,42.0,FY2026-Q1
100349,5063,"Smith, Montoya and Evans",Mid Cap Public,ActiveDisclosure,1003,False,West,2025-11-29,2026-01-10,Closed Lost,0,80631.55,True,False,True,Price,Ideagen/Q4,False,42.0,FY2026-Q1
100350,5228,Cordova Group,Pre-IPO / Private,ActiveDisclosure,1003,False,Mid-Atlantic,2026-01-14,2026-03-23,Closed Lost,0,65873.76,True,False,False,Price,Donnelley Legacy/Manual Process,False,68.0,FY2026-Q1
100351,5207,"Harrison, Johnson and Roberts",Pre-IPO / Private,ActiveDisclosure,1019,True,Northeast,2025-10-01,2025-12-17,Closed Lost,0,60156.32,True,False,False,Price,Donnelley Legacy/Manual Process,False,77.0,FY2025-Q4
100352,5416,"Conner, Li and Santiago",Mid Cap Public,ActiveDisclosure,1000,False,Southeast,2024-10-13,2024-11-14,Closed Lost,0,76750.28,True,False,False,Price,Ideagen/Q4,False,32.0,FY2024-Q4
100353,5231,Dean-Jimenez,Mid Cap Public,ActiveDisclosure,1004,False,Midwest,2026-03-25,2026-05-31,Closed Lost,0,47876.97,True,False,False,Feature Gap,Toppan Merrill,False,67.0,FY2026-Q2
100354,5163,"Wood, Hunter and Peterson",Large Cap Public,ActiveDisclosure,1002,False,Mid-Atlantic,2025-02-13,2025-03-13,Closed Lost,0,33249.03,True,False,False,Timing - Not Ready,In-house Build,False,28.0,FY2025-Q1
100355,5077,Nolan and Sons,Mid Cap Public,ActiveDisclosure,1020,True,West,2024-10-24,2024-12-21,Closed Won,100,26047.46,True,True,True,,,False,58.0,FY2024-Q4
100356,5042,Gray Group,Large Cap Public,ActiveDisclosure,1005,False,Northeast,2025-11-16,2026-01-09,Closed Lost,0,98517.74,True,False,False,Budget Cut,Workiva,False,54.0,FY2026-Q1
100357,5121,"Schmidt, Hansen and Stewart",Large Cap Public,ActiveDisclosure,1003,False,Southeast,2025-01-08,2025-04-20,Closed Won,100,96428.61,True,True,False,,,False,102.0,FY2025-Q2
100358,5147,King-Miller,Pre-IPO / Private,ActiveDisclosure,1000,False,Northeast,2024-10-18,2024-12-08,Closed Lost,0,72798.8,True,False,False,Feature Gap,In-house Build,False,51.0,FY2024-Q4
100359,5041,Hancock Inc,Mid Cap Public,ActiveDisclosure,1004,False,West,2025-10-04,2025-12-20,Closed Lost,0,60136.59,True,False,False,Lost to Competitor,Donnelley Legacy/Manual Process,False,77.0,FY2025-Q4
100360,5123,"Simmons, Meadows and Griffin",Pre-IPO / Private,ActiveDisclosure,1001,False,Midwest,2025-11-06,2025-12-29,Closed Lost,0,65096.46,True,False,True,Lost to Competitor,Toppan Merrill,False,53.0,FY2025-Q4
100361,5078,"Wright, Garcia and Deleon",Large Cap Public,ActiveDisclosure,1001,False,Northeast,2026-03-15,2026-05-28,Closed Won,100,90482.78,True,True,False,,,False,74.0,FY2026-Q2
100362,5162,Reed Group,Mid Cap Public,ActiveDisclosure,1001,False,Mid-Atlantic,2025-10-06,2025-12-26,Closed Lost,0,110554.98,True,False,True,Feature Gap,Toppan Merrill,False,81.0,FY2025-Q4
100363,5087,Walker Ltd,Large Cap Public,ActiveDisclosure,1001,False,Northeast,2026-01-17,2026-03-22,Closed Won,100,84719.61,True,True,False,,,False,64.0,FY2026-Q1
100364,5141,Hooper PLC,Pre-IPO / Private,ActiveDisclosure,1001,False,Midwest,2026-05-19,2026-08-11,Needs Analysis,40,75878.99,False,,False,,,False,,FY2026-Q3
100365,5029,"Johnston, Sanchez and Kennedy",Mid Cap Public,ActiveDisclosure,1004,False,Texas/Central,2024-10-26,2024-12-12,Closed Lost,0,27168.53,True,False,False,Timing - Not Ready,Toppan Merrill,False,47.0,FY2024-Q4
100366,5447,Gilbert-Bullock,Large Cap Public,ActiveDisclosure,1000,False,Midwest,2025-12-28,2026-01-23,Closed Lost,0,65818.81,True,False,True,Price,Donnelley Legacy/Manual Process,False,26.0,FY2026-Q1
100367,5109,"Jackson, Miller and Robertson",Pre-IPO / Private,ActiveDisclosure,1001,False,Mid-Atlantic,2024-08-26,2024-10-14,Closed Lost,0,106888.06,True,False,False,Feature Gap,Datasite,False,49.0,FY2024-Q4
100368,5270,"Sparks, Jackson and Miller",Mid Cap Public,ActiveDisclosure,1000,False,Southeast,2025-01-24,2025-04-14,Closed Lost,0,12406.49,True,False,False,Budget Cut,Workiva,False,80.0,FY2025-Q2
100369,5101,Cortez LLC,Mid Cap Public,ActiveDisclosure,1005,False,Mid-Atlantic,2026-01-26,2026-04-07,Closed Lost,0,61403.92,True,False,False,Budget Cut,Intralinks,False,71.0,FY2026-Q2
100370,5255,"Sanford, Rivera and Garcia",Large Cap Public,ActiveDisclosure,1003,False,Northeast,2026-06-12,2026-07-19,Needs Analysis,40,32856.33,False,,True,,,False,,FY2026-Q3
100371,5452,Brown-Copeland,Large Cap Public,ActiveDisclosure,1020,True,West,2026-01-16,2026-03-22,Closed Won,100,61271.04,True,True,False,,,False,65.0,FY2026-Q1
100372,5019,"Martin, Rose and Obrien",Mid Cap Public,ActiveDisclosure,1004,False,Northeast,2026-02-22,2026-04-29,Closed Won,100,75198.18,True,True,True,,,False,66.0,FY2026-Q2
100373,5207,"Harrison, Johnson and Roberts",Pre-IPO / Private,ActiveDisclosure,1004,False,Northeast,2024-09-14,2024-11-29,Closed Won,100,70312.83,True,True,False,,,False,76.0,FY2024-Q4
100374,5111,Chambers and Sons,Large Cap Public,ActiveDisclosure,1001,False,Texas/Central,2026-01-20,2026-05-10,Closed Lost,0,90633.81,True,False,False,No Decision / Stalled,Workiva,False,110.0,FY2026-Q2
100375,5299,Rodriguez-Hall,Pre-IPO / Private,ActiveDisclosure,1004,False,Northeast,2024-12-05,2025-02-09,Closed Won,100,45484.72,True,True,False,,,False,66.0,FY2025-Q1
100376,5474,Morgan-Lopez,Mid Cap Public,ActiveDisclosure,1004,False,West,2026-05-08,2026-08-29,Needs Analysis,40,67793.82,False,,False,,,False,,FY2026-Q3
100377,5389,Thomas and Sons,Large Cap Public,ActiveDisclosure,1004,False,Texas/Central,2025-01-04,2025-03-24,Closed Won,100,55544.79,True,True,False,,,False,79.0,FY2025-Q1
100378,5354,"Austin, Day and Johnson",Pre-IPO / Private,ActiveDisclosure,1001,False,Northeast,2024-10-02,2025-01-17,Closed Lost,0,31508.31,True,False,True,No Decision / Stalled,Datasite,False,107.0,FY2025-Q1
100379,5073,"Patterson, Smith and Jones",Pre-IPO / Private,ActiveDisclosure,1004,False,Southeast,2026-03-25,2026-07-25,Proposal,60,66639.17,False,,True,,,False,,FY2026-Q3
100380,5042,Gray Group,Large Cap Public,ActiveDisclosure,1000,False,Northeast,2026-03-28,2026-05-16,Closed Lost,0,65342.19,True,False,True,No Decision / Stalled,Donnelley Legacy/Manual Process,False,49.0,FY2026-Q2
100381,5300,Harvey PLC,Pre-IPO / Private,ActiveDisclosure,1000,False,Mid-Atlantic,2026-01-04,2026-03-10,Closed Lost,0,78754.19,True,False,False,No Decision / Stalled,In-house Build,False,65.0,FY2026-Q1
100382,5166,"Hernandez, Thompson and Boyd",Mid Cap Public,ActiveDisclosure,1002,False,Midwest,2024-08-13,2024-11-13,Closed Lost,0,78276.33,True,False,False,Price,Intralinks,False,92.0,FY2024-Q4
100383,5452,Brown-Copeland,Large Cap Public,ActiveDisclosure,1001,False,West,2025-01-31,2025-04-29,Closed Lost,0,32149.37,True,False,True,Budget Cut,Ideagen/Q4,False,88.0,FY2025-Q2
100384,5156,Rodriguez-Johnson,Large Cap Public,ActiveDisclosure,1000,False,Midwest,2024-12-04,2025-03-29,Closed Won,100,29881.91,True,True,True,,,False,115.0,FY2025-Q1
100385,5207,"Harrison, Johnson and Roberts",Pre-IPO / Private,ActiveDisclosure,1004,False,Northeast,2025-03-14,2025-07-22,Closed Lost,0,15821.78,True,False,False,No Decision / Stalled,Donnelley Legacy/Manual Process,False,130.0,FY2025-Q3
100386,5361,Moore-Collins,Mid Cap Public,ActiveDisclosure,1005,False,Midwest,2024-10-29,2024-12-28,Closed Lost,0,39477.56,True,False,True,Price,Ideagen/Q4,False,60.0,FY2024-Q4
100387,5212,Jones and Sons,Large Cap Public,ActiveDisclosure,1020,True,Southeast,2025-11-26,2026-02-26,Closed Won,100,75444.63,True,True,True,,,False,92.0,FY2026-Q1
100388,5126,"Ramirez, Strickland and Washington",Mid Cap Public,ActiveDisclosure,1001,False,Texas/Central,2026-05-07,2026-06-30,Closed Lost,0,83079.59,True,False,True,Timing - Not Ready,Datasite,False,54.0,FY2026-Q2
100389,5285,Byrd-Le,Large Cap Public,ActiveDisclosure,1000,False,West,2026-01-19,2026-04-15,Closed Won,100,75159.89,True,True,True,,,False,86.0,FY2026-Q2
100390,5008,Smith-Bowen,Pre-IPO / Private,ActiveDisclosure,1002,False,Northeast,2026-01-11,2026-02-27,Closed Won,100,105972.43,True,True,False,,,False,47.0,FY2026-Q1
100391,5435,Spencer-Garcia,Pre-IPO / Private,ActiveDisclosure,1004,False,Texas/Central,2025-06-17,2025-11-21,Closed Won,100,42748.07,True,True,True,,,False,157.0,FY2025-Q4
100392,5142,Meadows PLC,Mid Cap Public,ActiveDisclosure,1001,False,Texas/Central,2025-03-15,2025-05-07,Closed Lost,0,94135.04,True,False,False,Timing - Not Ready,Ideagen/Q4,False,53.0,FY2025-Q2
100393,5228,Cordova Group,Pre-IPO / Private,ActiveDisclosure,1004,False,Mid-Atlantic,2026-01-13,2026-03-07,Closed Won,100,22092.41,True,True,True,,,False,53.0,FY2026-Q1
100394,5207,"Harrison, Johnson and Roberts",Pre-IPO / Private,ActiveDisclosure,1003,False,Northeast,2025-01-18,2025-04-03,Closed Lost,0,78905.06,True,False,False,No Decision / Stalled,Intralinks,False,75.0,FY2025-Q2
100395,5457,Jones-Fox,Pre-IPO / Private,ActiveDisclosure,1000,False,Texas/Central,2024-10-10,2024-12-03,Closed Lost,0,77431.64,True,False,True,No Decision / Stalled,Donnelley Legacy/Manual Process,False,54.0,FY2024-Q4
100396,5446,Blake Group,Large Cap Public,ActiveDisclosure,1004,False,Midwest,2026-05-06,2026-07-09,Negotiation,80,117063.0,False,,False,,,False,,FY2026-Q3
100397,5020,Hickman Ltd,Pre-IPO / Private,ActiveDisclosure,1001,False,Southeast,2024-12-19,2025-02-25,Closed Lost,0,27022.15,True,False,False,Feature Gap,Donnelley Legacy/Manual Process,False,68.0,FY2025-Q1
100398,5101,Cortez LLC,Mid Cap Public,ActiveDisclosure,1002,False,Mid-Atlantic,2024-11-14,2025-02-25,Closed Lost,0,59267.77,True,False,False,Budget Cut,Donnelley Legacy/Manual Process,False,103.0,FY2025-Q1
100399,5112,Hernandez Inc,Large Cap Public,ActiveDisclosure,1001,False,Northeast,2025-11-10,2026-01-07,Closed Lost,0,84324.79,True,False,False,Price,Ideagen/Q4,False,58.0,FY2026-Q1
100400,5068,Wagner-King,Pre-IPO / Private,ActiveDisclosure,1001,False,West,2024-11-20,2025-02-06,Closed Won,100,55725.07,True,True,True,,,False,78.0,FY2025-Q1
100401,5426,"Lamb, Martin and Kim",Large Cap Public,ActiveDisclosure,1004,False,Mid-Atlantic,2026-02-15,2026-05-20,Closed Won,100,65796.24,True,True,False,,,False,94.0,FY2026-Q2
100402,5447,Gilbert-Bullock,Large Cap Public,ActiveDisclosure,1004,False,Midwest,2026-01-07,2026-03-07,Closed Lost,0,117107.97,True,False,True,Lost to Competitor,Datasite,False,59.0,FY2026-Q1
100403,5073,"Patterson, Smith and Jones",Pre-IPO / Private,ActiveDisclosure,1002,False,Southeast,2026-02-23,2026-04-14,Closed Won,100,39386.86,True,True,True,,,False,50.0,FY2026-Q2
100404,5301,Herman-Walker,Mid Cap Public,ActiveDisclosure,1018,True,Midwest,2025-11-26,2026-01-12,Closed Lost,0,46753.71,True,False,False,Timing - Not Ready,Toppan Merrill,False,47.0,FY2026-Q1
100405,5260,"Miller, Murphy and Craig",Pre-IPO / Private,ActiveDisclosure,1001,False,Southeast,2024-11-20,2024-12-23,Closed Lost,0,92202.13,True,False,False,Timing - Not Ready,Toppan Merrill,False,33.0,FY2024-Q4
100406,5143,"Alvarado, Miller and Patterson",Mid Cap Public,ActiveDisclosure,1000,False,Texas/Central,2025-11-07,2026-03-07,Closed Won,100,100320.73,True,True,True,,,False,120.0,FY2026-Q1
100407,5032,"Brown, Valdez and Lucas",Pre-IPO / Private,ActiveDisclosure,1000,False,Northeast,2025-03-27,2025-04-21,Closed Lost,0,102609.37,True,False,True,Timing - Not Ready,Ideagen/Q4,False,25.0,FY2025-Q2
100408,5077,Nolan and Sons,Mid Cap Public,ActiveDisclosure,1000,False,West,2025-10-08,2026-01-09,Closed Lost,0,47401.94,True,False,False,No Decision / Stalled,Workiva,False,93.0,FY2026-Q1
100409,5402,"Huang, Cole and Pacheco",Large Cap Public,ActiveDisclosure,1004,False,Southeast,2025-03-26,2025-07-20,Closed Won,100,97284.46,True,True,True,,,False,116.0,FY2025-Q3
100410,5101,Cortez LLC,Mid Cap Public,ActiveDisclosure,1002,False,Mid-Atlantic,2025-02-13,2025-04-09,Closed Lost,0,48657.46,True,False,False,No Decision / Stalled,Donnelley Legacy/Manual Process,False,55.0,FY2025-Q2
100411,5339,Gutierrez Group,Mid Cap Public,ActiveDisclosure,1001,False,West,2024-11-19,2025-01-29,Closed Won,100,27103.48,True,True,True,,,False,71.0,FY2025-Q1
100412,5205,Arnold and Sons,Large Cap Public,ActiveDisclosure,1002,False,Midwest,2024-11-30,2025-02-24,Closed Lost,0,74075.08,True,False,False,Price,Toppan Merrill,False,86.0,FY2025-Q1
100413,5452,Brown-Copeland,Large Cap Public,ActiveDisclosure,1003,False,West,2025-11-05,2025-12-30,Closed Won,100,51251.44,True,True,False,,,False,55.0,FY2025-Q4
100414,5479,Parker-Morrison,Pre-IPO / Private,ActiveDisclosure,1020,True,Southeast,2025-08-24,2025-11-27,Closed Lost,0,56361.41,True,False,True,Lost to Competitor,Toppan Merrill,False,95.0,FY2025-Q4
100415,5266,"Brennan, Wallace and Benson",Large Cap Public,ActiveDisclosure,1001,False,Mid-Atlantic,2026-02-06,2026-04-13,Closed Won,100,49301.6,True,True,False,,,False,66.0,FY2026-Q2
100416,5444,Moody-Taylor,Large Cap Public,ActiveDisclosure,1005,False,Southeast,2026-01-28,2026-05-10,Closed Lost,0,59226.08,True,False,False,No Decision / Stalled,Workiva,False,102.0,FY2026-Q2
100417,5446,Blake Group,Large Cap Public,ActiveDisclosure,1001,False,Midwest,2025-10-25,2025-12-06,Closed Won,100,50253.59,True,True,False,,,False,42.0,FY2025-Q4
100418,5318,Jones PLC,Pre-IPO / Private,ActiveDisclosure,1001,False,Mid-Atlantic,2026-02-16,2026-06-24,Closed Lost,0,55379.86,True,False,False,Timing - Not Ready,Datasite,False,128.0,FY2026-Q2
100419,5416,"Conner, Li and Santiago",Mid Cap Public,ActiveDisclosure,1001,False,Southeast,2026-03-02,2026-05-23,Closed Lost,0,27012.53,True,False,True,Lost to Competitor,Workiva,False,82.0,FY2026-Q2
100420,5199,"Duran, Obrien and Gibbs",Pre-IPO / Private,ActiveDisclosure,1001,False,Mid-Atlantic,2025-11-28,2026-02-16,Closed Lost,0,82763.18,True,False,False,Lost to Competitor,Donnelley Legacy/Manual Process,False,80.0,FY2026-Q1
100421,5166,"Hernandez, Thompson and Boyd",Mid Cap Public,ActiveDisclosure,1020,True,Midwest,2024-10-28,2025-01-05,Closed Won,100,82123.39,True,True,False,,,False,69.0,FY2025-Q1
100422,5011,"Romero, Gonzalez and Brooks",Large Cap Public,ActiveDisclosure,1003,False,Texas/Central,2025-09-12,2025-12-07,Closed Lost,0,72346.66,True,False,False,Feature Gap,Ideagen/Q4,False,86.0,FY2025-Q4
100423,5065,Newton and Sons,Large Cap Public,ActiveDisclosure,1002,False,West,2024-10-08,2025-01-01,Closed Lost,0,72272.19,True,False,True,Lost to Competitor,Ideagen/Q4,False,85.0,FY2025-Q1
100424,5042,Gray Group,Large Cap Public,ActiveDisclosure,1001,False,Northeast,2026-01-07,2026-02-28,Closed Won,100,26561.77,True,True,False,,,False,52.0,FY2026-Q1
100425,5050,Jones Inc,Pre-IPO / Private,ActiveDisclosure,1003,False,Texas/Central,2024-10-28,2025-02-21,Closed Lost,0,67593.88,True,False,False,Feature Gap,Ideagen/Q4,False,116.0,FY2025-Q1
100426,5449,"Bentley, Lynch and Henderson",Mid Cap Public,ActiveDisclosure,1005,False,West,2024-10-17,2024-11-13,Closed Lost,0,63343.84,True,False,False,No Decision / Stalled,Ideagen/Q4,False,27.0,FY2024-Q4
100427,5349,Bell-Lane,Pre-IPO / Private,ActiveDisclosure,1004,False,Texas/Central,2025-01-24,2025-03-14,Closed Lost,0,67035.32,True,False,True,No Decision / Stalled,In-house Build,False,49.0,FY2025-Q1
100428,5271,Harvey-Allen,Pre-IPO / Private,ActiveDisclosure,1005,False,Midwest,2024-11-18,2025-02-08,Closed Won,100,52572.02,True,True,False,,,False,82.0,FY2025-Q1
100429,5075,"Tran, Jordan and Williams",Mid Cap Public,ActiveDisclosure,1003,False,Northeast,2024-10-10,2024-12-28,Closed Lost,0,93383.65,True,False,False,Timing - Not Ready,In-house Build,False,79.0,FY2024-Q4
100430,5286,"Becker, Taylor and Davis",Pre-IPO / Private,ActiveDisclosure,1000,False,Northeast,2024-08-22,2024-11-13,Closed Lost,0,76149.59,True,False,False,Lost to Competitor,Donnelley Legacy/Manual Process,False,83.0,FY2024-Q4
100431,5282,"Beltran, Lozano and Mcgee",Large Cap Public,ActiveDisclosure,1004,False,West,2024-09-03,2024-11-05,Closed Won,100,83201.44,True,True,False,,,False,63.0,FY2024-Q4
100432,5164,Short-Garcia,Pre-IPO / Private,ActiveDisclosure,1000,False,Southeast,2025-12-15,2026-01-09,Closed Lost,0,93608.55,True,False,False,Lost to Competitor,Toppan Merrill,False,25.0,FY2026-Q1
100433,5302,Reid Group,Pre-IPO / Private,ActiveDisclosure,1004,False,Midwest,2025-01-22,2025-03-21,Closed Won,100,69870.68,True,True,False,,,False,58.0,FY2025-Q1
100434,5232,Wolf-Harris,Large Cap Public,ActiveDisclosure,1005,False,Texas/Central,2025-02-22,2025-05-17,Closed Won,100,52735.81,True,True,False,,,False,84.0,FY2025-Q2
100435,5076,Nolan-Flynn,Large Cap Public,ActiveDisclosure,1003,False,West,2024-12-08,2025-03-18,Closed Lost,0,37055.07,True,False,False,Budget Cut,Donnelley Legacy/Manual Process,False,100.0,FY2025-Q1
100436,5302,Reid Group,Pre-IPO / Private,ActiveDisclosure,1019,True,Midwest,2026-06-20,2026-09-27,Prospecting,10,77253.91,False,,True,,,False,,FY2026-Q3
100437,5176,Miller Ltd,Large Cap Public,ActiveDisclosure,1003,False,Northeast,2025-04-09,2025-06-17,Closed Lost,0,20441.52,True,False,True,Timing - Not Ready,Workiva,False,69.0,FY2025-Q2
100438,5109,"Jackson, Miller and Robertson",Pre-IPO / Private,ActiveDisclosure,1018,True,Mid-Atlantic,2025-11-30,2026-02-14,Closed Lost,0,54024.94,True,False,False,No Decision / Stalled,Workiva,False,76.0,FY2026-Q1
100439,5340,Perry-Davis,Large Cap Public,ActiveDisclosure,1004,False,Mid-Atlantic,2026-01-01,2026-03-31,Closed Won,100,34233.4,True,True,False,,,False,89.0,FY2026-Q1
100440,5154,Jackson-Lawson,Pre-IPO / Private,ActiveDisclosure,1001,False,West,2026-01-27,2026-04-08,Closed Lost,0,88012.47,True,False,False,Budget Cut,Toppan Merrill,False,71.0,FY2026-Q2
100441,5139,Johnson-Rogers,Pre-IPO / Private,ActiveDisclosure,1020,True,Northeast,2025-03-21,2025-06-05,Closed Lost,0,47717.52,True,False,True,Lost to Competitor,Toppan Merrill,False,76.0,FY2025-Q2
100442,5073,"Patterson, Smith and Jones",Pre-IPO / Private,ActiveDisclosure,1000,False,Southeast,2025-03-26,2025-06-06,Closed Lost,0,42650.79,True,False,True,Feature Gap,Ideagen/Q4,False,72.0,FY2025-Q2
100443,5209,"Hall, Baker and Moody",Mid Cap Public,ActiveDisclosure,1001,False,Mid-Atlantic,2025-06-27,2025-09-19,Closed Lost,0,56486.24,True,False,False,Feature Gap,Intralinks,False,84.0,FY2025-Q3
100444,5058,"Ferrell, Jones and Lewis",Mid Cap Public,ActiveDisclosure,1002,False,West,2025-02-25,2025-05-17,Closed Won,100,57938.32,True,True,False,,,False,81.0,FY2025-Q2
100445,5435,Spencer-Garcia,Pre-IPO / Private,ActiveDisclosure,1000,False,Texas/Central,2026-03-25,2026-05-29,Closed Won,100,69573.52,True,True,False,,,False,65.0,FY2026-Q2
100446,5141,Hooper PLC,Pre-IPO / Private,ActiveDisclosure,1003,False,Midwest,2026-01-05,2026-02-03,Closed Lost,0,85291.59,True,False,False,No Decision / Stalled,Donnelley Legacy/Manual Process,False,29.0,FY2026-Q1
100447,5301,Herman-Walker,Mid Cap Public,ActiveDisclosure,1004,False,Midwest,2025-12-05,2026-02-26,Closed Won,100,45324.07,True,True,False,,,False,83.0,FY2026-Q1
100448,5135,Smith-Bell,Pre-IPO / Private,ActiveDisclosure,1000,False,West,2025-11-01,2026-02-16,Closed Lost,0,85200.3,True,False,False,Budget Cut,Ideagen/Q4,False,107.0,FY2026-Q1
100449,5444,Moody-Taylor,Large Cap Public,ActiveDisclosure,1003,False,Southeast,2024-10-31,2024-12-15,Closed Won,100,117271.44,True,True,True,,,False,45.0,FY2024-Q4
100450,5305,Davis PLC,Mid Cap Public,ActiveDisclosure,1000,False,Northeast,2025-01-31,2025-04-03,Closed Lost,0,88071.07,True,False,True,Timing - Not Ready,Ideagen/Q4,False,62.0,FY2025-Q2
100451,5447,Gilbert-Bullock,Large Cap Public,ActiveDisclosure,1003,False,Midwest,2025-03-26,2025-07-28,Closed Lost,0,65325.25,True,False,False,No Decision / Stalled,Datasite,False,124.0,FY2025-Q3
100452,5355,"Gallegos, Adams and White",Pre-IPO / Private,ActiveDisclosure,1002,False,Texas/Central,2025-01-31,2025-05-12,Closed Lost,0,63342.19,True,False,True,Budget Cut,Datasite,False,101.0,FY2025-Q2
100453,5031,Gomez-Jenkins,Large Cap Public,ActiveDisclosure,1005,False,Midwest,2024-11-11,2025-02-10,Closed Won,100,91316.6,True,True,False,,,False,91.0,FY2025-Q1
100454,5058,"Ferrell, Jones and Lewis",Mid Cap Public,ActiveDisclosure,1003,False,West,2025-02-26,2025-05-16,Closed Won,100,72155.75,True,True,False,,,False,79.0,FY2025-Q2
100455,5096,Scott Ltd,Mid Cap Public,ActiveDisclosure,1000,False,Midwest,2024-11-30,2025-03-16,Closed Won,100,78369.32,True,True,True,,,False,106.0,FY2025-Q1
100456,5147,King-Miller,Pre-IPO / Private,ActiveDisclosure,1000,False,Northeast,2025-05-03,2025-07-30,Closed Lost,0,63056.63,True,False,True,Feature Gap,Intralinks,False,88.0,FY2025-Q3
100457,5049,Yu Inc,Large Cap Public,ActiveDisclosure,1005,False,Texas/Central,2025-03-17,2025-06-04,Closed Won,100,8000.0,True,True,True,,,False,79.0,FY2025-Q2
100458,5075,"Tran, Jordan and Williams",Mid Cap Public,ActiveDisclosure,1002,False,Northeast,2026-01-21,2026-03-18,Closed Lost,0,80880.34,True,False,False,Budget Cut,Workiva,False,56.0,FY2026-Q1
100459,5316,"Harper, Smith and Buchanan",Pre-IPO / Private,ActiveDisclosure,1004,False,Midwest,2026-03-12,2026-06-06,Closed Lost,0,65083.21,True,False,True,Timing - Not Ready,Intralinks,False,86.0,FY2026-Q2
100460,5318,Jones PLC,Pre-IPO / Private,ActiveDisclosure,1003,False,Mid-Atlantic,2025-11-11,2026-01-08,Closed Lost,0,55449.17,True,False,False,Budget Cut,In-house Build,False,58.0,FY2026-Q1
100461,5132,Brown-Wall,Pre-IPO / Private,ActiveDisclosure,1005,False,Northeast,2024-11-25,2025-02-03,Closed Lost,0,100650.94,True,False,False,No Decision / Stalled,Donnelley Legacy/Manual Process,False,70.0,FY2025-Q1
100462,5073,"Patterson, Smith and Jones",Pre-IPO / Private,ActiveDisclosure,1002,False,Southeast,2024-09-11,2024-12-26,Closed Won,100,68397.91,True,True,False,,,False,106.0,FY2024-Q4
100463,5457,Jones-Fox,Pre-IPO / Private,ActiveDisclosure,1002,False,Texas/Central,2026-03-11,2026-06-20,Closed Lost,0,75005.18,True,False,False,No Decision / Stalled,Toppan Merrill,False,101.0,FY2026-Q2
100464,5449,"Bentley, Lynch and Henderson",Mid Cap Public,ActiveDisclosure,1001,False,West,2025-01-04,2025-02-19,Closed Lost,0,41102.63,True,False,False,Feature Gap,Datasite,False,46.0,FY2025-Q1
100465,5022,"Brooks, Lam and Hayes",Pre-IPO / Private,ActiveDisclosure,1000,False,Mid-Atlantic,2024-09-19,2024-12-27,Closed Won,100,86757.74,True,True,False,,,False,99.0,FY2024-Q4
100466,5265,Good-Hodges,Large Cap Public,ActiveDisclosure,1000,False,Texas/Central,2024-09-23,2024-11-24,Closed Lost,0,80359.9,True,False,True,Budget Cut,Datasite,False,62.0,FY2024-Q4
100467,5061,Moore-Bass,Large Cap Public,ActiveDisclosure,1001,False,Midwest,2024-11-06,2025-01-02,Closed Won,100,59010.29,True,True,False,,,False,57.0,FY2025-Q1
100468,5265,Good-Hodges,Large Cap Public,ActiveDisclosure,1004,False,Texas/Central,2025-10-21,2026-01-06,Closed Lost,0,74237.37,True,False,False,Timing - Not Ready,Donnelley Legacy/Manual Process,False,77.0,FY2026-Q1
100469,5240,Hicks-Hill,Large Cap Public,ActiveDisclosure,1005,False,Mid-Atlantic,2026-02-25,2026-04-04,Closed Lost,0,66302.86,True,False,False,Timing - Not Ready,Donnelley Legacy/Manual Process,False,38.0,FY2026-Q2
100470,5220,Johnston-Hines,Large Cap Public,ActiveDisclosure,1004,False,West,2025-12-28,2026-03-14,Closed Won,100,48361.31,True,True,False,,,False,76.0,FY2026-Q1
100471,5207,"Harrison, Johnson and Roberts",Pre-IPO / Private,ActiveDisclosure,1018,True,Northeast,2024-12-06,2025-03-03,Closed Won,100,57188.88,True,True,False,,,False,87.0,FY2025-Q1
100472,5010,Harrell LLC,Pre-IPO / Private,ActiveDisclosure,1003,False,West,2025-10-31,2025-12-31,Closed Lost,0,38638.33,True,False,False,Timing - Not Ready,Intralinks,False,61.0,FY2025-Q4
100473,5205,Arnold and Sons,Large Cap Public,ActiveDisclosure,1004,False,Midwest,2025-01-09,2025-03-31,Closed Lost,0,103153.13,True,False,False,Lost to Competitor,Intralinks,False,81.0,FY2025-Q1
100474,5441,Hughes Inc,Mid Cap Public,ActiveDisclosure,1003,False,Texas/Central,2025-02-10,2025-04-23,Closed Lost,0,77248.3,True,False,False,Timing - Not Ready,Ideagen/Q4,False,72.0,FY2025-Q2
100475,5380,Jackson-Meza,Pre-IPO / Private,ActiveDisclosure,1004,False,Southeast,2026-06-01,2026-07-06,Negotiation,80,37060.65,False,,True,,,False,,FY2026-Q3
100476,5477,Morrison-Short,Mid Cap Public,ActiveDisclosure,1005,False,Texas/Central,2024-09-08,2024-11-17,Closed Lost,0,87775.86,True,False,False,Budget Cut,Datasite,False,70.0,FY2024-Q4
100477,5133,Stein-Silva,Pre-IPO / Private,ActiveDisclosure,1001,False,Midwest,2025-01-08,2025-03-05,Closed Won,100,48292.98,True,True,True,,,False,56.0,FY2025-Q1
100478,5109,"Jackson, Miller and Robertson",Pre-IPO / Private,ActiveDisclosure,1001,False,Mid-Atlantic,2024-10-12,2025-01-24,Closed Lost,0,50853.29,True,False,True,Feature Gap,Workiva,False,104.0,FY2025-Q1
100479,5244,Morgan-French,Large Cap Public,ActiveDisclosure,1003,False,Midwest,2025-11-22,2026-02-23,Closed Lost,0,98973.64,True,False,False,Price,Datasite,False,93.0,FY2026-Q1
100480,5109,"Jackson, Miller and Robertson",Pre-IPO / Private,ActiveDisclosure,1019,True,Mid-Atlantic,2024-11-26,2025-04-09,Closed Won,100,63846.99,True,True,True,,,False,134.0,FY2025-Q2
100481,5325,"Morris, Thompson and Williams",Large Cap Public,ActiveDisclosure,1000,False,Mid-Atlantic,2025-03-13,2025-05-19,Closed Won,100,62639.29,True,True,True,,,False,67.0,FY2025-Q2
100482,5258,"Booker, Jones and Harrington",Pre-IPO / Private,ActiveDisclosure,1001,False,Southeast,2025-09-26,2025-12-24,Closed Lost,0,118930.15,True,False,False,Price,In-house Build,False,89.0,FY2025-Q4
100483,5402,"Huang, Cole and Pacheco",Large Cap Public,ActiveDisclosure,1002,False,Southeast,2025-10-27,2026-03-16,Closed Lost,0,62524.49,True,False,False,Lost to Competitor,Toppan Merrill,False,140.0,FY2026-Q1
100484,5391,Thompson Ltd,Large Cap Public,ActiveDisclosure,1002,False,Mid-Atlantic,2026-01-13,2026-04-04,Closed Lost,0,69780.62,True,False,False,No Decision / Stalled,Intralinks,False,81.0,FY2026-Q2
100485,5141,Hooper PLC,Pre-IPO / Private,ActiveDisclosure,1020,True,Midwest,2026-05-13,2026-07-29,Proposal,60,38360.32,False,,True,,,False,,FY2026-Q3
100486,5121,"Schmidt, Hansen and Stewart",Large Cap Public,ActiveDisclosure,1003,False,Southeast,2026-02-15,2026-04-16,Closed Lost,0,81531.24,True,False,True,Lost to Competitor,Datasite,False,60.0,FY2026-Q2
100487,5078,"Wright, Garcia and Deleon",Large Cap Public,ActiveDisclosure,1020,True,Northeast,2025-11-23,2026-04-17,Closed Won,100,50834.05,True,True,True,,,False,145.0,FY2026-Q2
100488,5463,Anderson-Bell,Pre-IPO / Private,ActiveDisclosure,1001,False,Mid-Atlantic,2024-10-17,2025-01-06,Closed Won,100,51401.43,True,True,False,,,False,81.0,FY2025-Q1
100489,5060,Suarez LLC,Pre-IPO / Private,ActiveDisclosure,1003,False,Southeast,2025-03-13,2025-05-26,Closed Lost,0,63518.66,True,False,False,Timing - Not Ready,Datasite,False,74.0,FY2025-Q2
100490,5420,Lee-Cooke,Mid Cap Public,ActiveDisclosure,1004,False,Texas/Central,2025-01-10,2025-02-16,Closed Lost,0,64352.69,True,False,False,Feature Gap,Donnelley Legacy/Manual Process,False,37.0,FY2025-Q1
100491,5208,Warner-Gibson,Mid Cap Public,ActiveDisclosure,1004,False,Texas/Central,2026-03-05,2026-06-10,Closed Won,100,79213.24,True,True,False,,,False,97.0,FY2026-Q2
100492,5474,Morgan-Lopez,Mid Cap Public,ActiveDisclosure,1003,False,West,2025-03-26,2025-08-03,Closed Won,100,78105.56,True,True,False,,,False,130.0,FY2025-Q3
100493,5212,Jones and Sons,Large Cap Public,ActiveDisclosure,1004,False,Southeast,2025-01-05,2025-03-05,Closed Lost,0,74559.58,True,False,False,Timing - Not Ready,Intralinks,False,59.0,FY2025-Q1
100494,5477,Morrison-Short,Mid Cap Public,ActiveDisclosure,1004,False,Texas/Central,2025-07-31,2025-11-06,Closed Won,100,91342.91,True,True,True,,,False,98.0,FY2025-Q4
100495,5337,"Wilson, Pena and Rich",Large Cap Public,ActiveDisclosure,1020,True,West,2026-04-17,2026-06-12,Closed Won,100,50163.68,True,True,True,,,False,56.0,FY2026-Q2
100496,5105,"Carroll, Sullivan and Bass",Pre-IPO / Private,ActiveDisclosure,1000,False,Southeast,2024-08-01,2024-10-21,Closed Won,100,60582.21,True,True,False,,,False,81.0,FY2024-Q4
100497,5071,Walsh LLC,Mid Cap Public,ActiveDisclosure,1002,False,Texas/Central,2026-03-30,2026-06-30,Closed Won,100,100887.6,True,True,True,,,False,92.0,FY2026-Q2
100498,5212,Jones and Sons,Large Cap Public,ActiveDisclosure,1000,False,Southeast,2025-01-29,2025-02-12,Closed Lost,0,68938.92,True,False,False,Feature Gap,Workiva,False,14.0,FY2025-Q1
100499,5061,Moore-Bass,Large Cap Public,ActiveDisclosure,1004,False,Midwest,2026-06-25,2026-06-30,Closed Won,100,42996.4,True,True,True,,,False,5.0,FY2026-Q2
100500,5302,Reid Group,Pre-IPO / Private,ActiveDisclosure,1000,False,Midwest,2025-02-06,2025-04-24,Closed Won,100,45174.1,True,True,False,,,False,77.0,FY2025-Q2
100501,5041,Hancock Inc,Mid Cap Public,ActiveDisclosure,1005,False,West,2025-01-10,2025-03-06,Closed Won,100,51952.1,True,True,False,,,False,55.0,FY2025-Q1
100502,5391,Thompson Ltd,Large Cap Public,ActiveDisclosure,1000,False,Mid-Atlantic,2026-01-22,2026-04-25,Closed Lost,0,10205.77,True,False,False,Timing - Not Ready,Datasite,False,93.0,FY2026-Q2
100503,5327,Strickland-Palmer,Pre-IPO / Private,ActiveDisclosure,1001,False,Northeast,2024-10-14,2024-12-19,Closed Lost,0,36589.53,True,False,True,Timing - Not Ready,Datasite,False,66.0,FY2024-Q4
100504,5413,Rangel LLC,Large Cap Public,ActiveDisclosure,1002,False,Midwest,2026-03-06,2026-05-04,Closed Lost,0,43480.02,True,False,False,Timing - Not Ready,Datasite,False,59.0,FY2026-Q2
100505,5400,Gilbert PLC,Large Cap Public,ActiveDisclosure,1003,False,West,2026-01-27,2026-04-14,Closed Lost,0,8000.0,True,False,False,Feature Gap,Datasite,False,77.0,FY2026-Q2
100506,5007,Rodriguez-Graham,Mid Cap Public,ActiveDisclosure,1000,False,Mid-Atlantic,2025-10-01,2025-12-04,Closed Lost,0,92582.29,True,False,False,No Decision / Stalled,In-house Build,False,64.0,FY2025-Q4
100507,5380,Jackson-Meza,Pre-IPO / Private,ActiveDisclosure,1001,False,Southeast,2025-05-05,2025-06-16,Closed Lost,0,83873.85,True,False,False,Price,Ideagen/Q4,False,42.0,FY2025-Q2
100508,5010,Harrell LLC,Pre-IPO / Private,ActiveDisclosure,1000,False,West,2026-02-05,2026-05-14,Closed Lost,0,65424.43,True,False,True,Lost to Competitor,Intralinks,False,98.0,FY2026-Q2
100509,5187,"Carlson, Hooper and Wall",Mid Cap Public,ActiveDisclosure,1002,False,Midwest,2026-02-16,2026-05-15,Closed Lost,0,82576.08,True,False,False,Price,In-house Build,False,88.0,FY2026-Q2
100510,5262,Brennan-Johnson,Large Cap Public,ActiveDisclosure,1005,False,Southeast,2025-02-07,2025-03-23,Closed Lost,0,68703.56,True,False,False,Budget Cut,Intralinks,False,44.0,FY2025-Q1
100511,5032,"Brown, Valdez and Lucas",Pre-IPO / Private,ActiveDisclosure,1002,False,Northeast,2024-10-05,2025-01-20,Closed Won,100,63770.99,True,True,True,,,False,107.0,FY2025-Q1
100512,5082,Patton-Jenkins,Mid Cap Public,ActiveDisclosure,1003,False,Midwest,2025-06-07,2025-09-10,Closed Lost,0,51593.9,True,False,True,Price,Ideagen/Q4,False,95.0,FY2025-Q3
100513,5414,"Hale, Myers and Larson",Pre-IPO / Private,ActiveDisclosure,1005,False,West,2024-11-30,2025-02-11,Closed Won,100,88395.5,True,True,False,,,False,73.0,FY2025-Q1
100514,5034,Wright and Sons,Mid Cap Public,ActiveDisclosure,1000,False,Texas/Central,2026-03-01,2026-05-09,Closed Won,100,77493.23,True,True,False,,,False,69.0,FY2026-Q2
100515,5023,Walker LLC,Pre-IPO / Private,ActiveDisclosure,1000,False,Texas/Central,2024-11-28,2025-01-22,Closed Lost,0,56983.52,True,False,True,Feature Gap,Workiva,False,55.0,FY2025-Q1
100516,5339,Gutierrez Group,Mid Cap Public,ActiveDisclosure,1003,False,West,2024-11-10,2024-12-30,Closed Lost,0,71912.54,True,False,False,Budget Cut,Donnelley Legacy/Manual Process,False,50.0,FY2024-Q4
100517,5153,"Gould, Marshall and Scott",Mid Cap Public,ActiveDisclosure,1019,True,West,2025-12-18,2026-03-26,Closed Won,100,71540.4,True,True,True,,,False,98.0,FY2026-Q1
100518,5268,Howard-Jordan,Mid Cap Public,ActiveDisclosure,1005,False,Mid-Atlantic,2025-06-21,2025-09-03,Closed Won,100,15189.34,True,True,True,,,False,74.0,FY2025-Q3
100519,5049,Yu Inc,Large Cap Public,ActiveDisclosure,1001,False,Texas/Central,2025-09-24,2025-11-01,Closed Lost,0,89891.76,True,False,False,Lost to Competitor,Ideagen/Q4,False,38.0,FY2025-Q4
100520,5363,Ware and Sons,Mid Cap Public,ActiveDisclosure,1001,False,Midwest,2024-10-23,2025-01-04,Closed Lost,0,47136.23,True,False,True,Lost to Competitor,Ideagen/Q4,False,73.0,FY2025-Q1
100521,5375,Jones-Hensley,Large Cap Public,ActiveDisclosure,1001,False,Mid-Atlantic,2024-07-23,2024-09-22,Closed Won,100,95849.69,True,True,False,,,False,61.0,FY2024-Q3
100522,5125,Green-Wright,Mid Cap Public,ActiveDisclosure,1005,False,Midwest,2026-01-12,2026-04-16,Closed Lost,0,57651.68,True,False,True,Feature Gap,Toppan Merrill,False,94.0,FY2026-Q2
100523,5451,Barnes PLC,Mid Cap Public,ActiveDisclosure,1004,False,Mid-Atlantic,2026-02-16,2026-04-07,Closed Won,100,61585.65,True,True,True,,,False,50.0,FY2026-Q2
100524,5036,Baxter Inc,Mid Cap Public,ActiveDisclosure,1004,False,Midwest,2025-01-21,2025-04-27,Closed Won,100,118489.34,True,True,False,,,False,96.0,FY2025-Q2
100525,5064,"Garcia, Humphrey and Baker",Large Cap Public,ActiveDisclosure,1005,False,Texas/Central,2024-07-08,2024-10-13,Closed Lost,0,55667.42,True,False,True,Feature Gap,Datasite,False,97.0,FY2024-Q4
100526,5071,Walsh LLC,Mid Cap Public,ActiveDisclosure,1003,False,Texas/Central,2024-10-09,2025-01-17,Closed Lost,0,78163.4,True,False,True,Timing - Not Ready,Workiva,False,100.0,FY2025-Q1
100527,5155,"Higgins, Strickland and Martin",Mid Cap Public,ActiveDisclosure,1005,False,Southeast,2025-10-11,2026-01-02,Closed Won,100,66058.33,True,True,False,,,False,83.0,FY2026-Q1
100528,5361,Moore-Collins,Mid Cap Public,ActiveDisclosure,1001,False,Midwest,2025-05-08,2025-09-07,Closed Won,100,74094.45,True,True,True,,,False,122.0,FY2025-Q3
100529,5327,Strickland-Palmer,Pre-IPO / Private,ActiveDisclosure,1004,False,Northeast,2025-05-05,2025-07-28,Closed Won,100,62644.34,True,True,False,,,False,84.0,FY2025-Q3
100530,5350,Moore Group,Mid Cap Public,ActiveDisclosure,1003,False,Mid-Atlantic,2025-04-12,2025-07-03,Closed Lost,0,52028.88,True,False,False,Price,Toppan Merrill,False,82.0,FY2025-Q3
100531,5052,"Sanchez, Wheeler and Harvey",Mid Cap Public,ActiveDisclosure,1002,False,Southeast,2025-08-31,2025-12-21,Closed Lost,0,50230.94,True,False,True,No Decision / Stalled,Donnelley Legacy/Manual Process,False,112.0,FY2025-Q4
100532,5057,Smith PLC,Mid Cap Public,ActiveDisclosure,1001,False,Mid-Atlantic,2026-04-29,2026-07-23,Proposal,60,91818.93,False,,False,,,False,,FY2026-Q3
100533,5354,"Austin, Day and Johnson",Pre-IPO / Private,ActiveDisclosure,1004,False,Northeast,2024-11-25,2025-01-23,Closed Lost,0,45625.47,True,False,False,No Decision / Stalled,Workiva,False,59.0,FY2025-Q1
100534,5451,Barnes PLC,Mid Cap Public,ActiveDisclosure,1001,False,Mid-Atlantic,2024-10-29,2025-01-11,Closed Lost,0,62079.91,True,False,True,No Decision / Stalled,Donnelley Legacy/Manual Process,False,74.0,FY2025-Q1
100535,5007,Rodriguez-Graham,Mid Cap Public,ActiveDisclosure,1001,False,Mid-Atlantic,2025-04-06,2025-06-05,Closed Won,100,96075.28,True,True,False,,,False,60.0,FY2025-Q2
100536,5300,Harvey PLC,Pre-IPO / Private,ActiveDisclosure,1001,False,Mid-Atlantic,2026-03-12,2026-04-21,Closed Lost,0,86163.0,True,False,True,Lost to Competitor,Toppan Merrill,False,40.0,FY2026-Q2
100537,5100,"Mccall, Hanson and Alvarado",Large Cap Public,ActiveDisclosure,1004,False,Northeast,2024-11-14,2025-03-05,Closed Lost,0,55522.52,True,False,False,Feature Gap,Datasite,False,111.0,FY2025-Q1
100538,5232,Wolf-Harris,Large Cap Public,ActiveDisclosure,1001,False,Texas/Central,2025-11-15,2026-02-10,Closed Won,100,60235.22,True,True,False,,,False,87.0,FY2026-Q1
100539,5055,"Edwards, Baker and Anderson",Large Cap Public,ActiveDisclosure,1001,False,Texas/Central,2025-08-26,2025-11-20,Closed Lost,0,70193.75,True,False,False,Price,Intralinks,False,86.0,FY2025-Q4
100540,5295,"Ramsey, Whitney and Coffey",Pre-IPO / Private,ActiveDisclosure,1003,False,Mid-Atlantic,2025-11-13,2026-02-11,Closed Lost,0,107148.8,True,False,True,Budget Cut,Donnelley Legacy/Manual Process,False,90.0,FY2026-Q1
100541,5386,Dixon Inc,Large Cap Public,ActiveDisclosure,1004,False,Midwest,2026-02-05,2026-03-03,Closed Lost,0,61398.19,True,False,False,Feature Gap,Ideagen/Q4,False,26.0,FY2026-Q1
100542,5170,Ramirez Group,Pre-IPO / Private,ActiveDisclosure,1000,False,Mid-Atlantic,2025-10-05,2025-12-12,Closed Lost,0,37919.76,True,False,True,Lost to Competitor,In-house Build,False,68.0,FY2025-Q4
100543,5180,Holt-Torres,Pre-IPO / Private,ActiveDisclosure,1002,False,Southeast,2024-08-19,2024-12-20,Closed Lost,0,25519.07,True,False,False,No Decision / Stalled,Donnelley Legacy/Manual Process,False,123.0,FY2024-Q4
100544,5262,Brennan-Johnson,Large Cap Public,ActiveDisclosure,1005,False,Southeast,2026-03-19,2026-04-22,Closed Lost,0,69177.44,True,False,False,Lost to Competitor,Donnelley Legacy/Manual Process,False,34.0,FY2026-Q2
100545,5326,"Fisher, Wilson and Brown",Mid Cap Public,ActiveDisclosure,1020,True,Midwest,2025-11-24,2026-03-22,Closed Lost,0,120564.04,True,False,True,Feature Gap,In-house Build,False,118.0,FY2026-Q1
100546,5274,Santana-Byrd,Mid Cap Public,ActiveDisclosure,1000,False,Midwest,2025-01-22,2025-04-25,Closed Won,100,38718.07,True,True,False,,,False,93.0,FY2025-Q2
100547,5391,Thompson Ltd,Large Cap Public,ActiveDisclosure,1020,True,Mid-Atlantic,2024-11-03,2025-01-02,Closed Lost,0,104313.37,True,False,False,No Decision / Stalled,Workiva,False,60.0,FY2025-Q1
100548,5144,White-Green,Pre-IPO / Private,ActiveDisclosure,1002,False,West,2025-07-24,2025-08-19,Closed Lost,0,102139.18,True,False,True,Feature Gap,Ideagen/Q4,False,26.0,FY2025-Q3
100549,5178,"Alvarez, Joseph and West",Large Cap Public,ActiveDisclosure,1005,False,Northeast,2024-11-25,2025-01-28,Closed Won,100,49917.98,True,True,True,,,False,64.0,FY2025-Q1
100550,5448,Scott and Sons,Pre-IPO / Private,ActiveDisclosure,1001,False,Southeast,2025-09-29,2025-10-26,Closed Lost,0,35323.6,True,False,True,Price,In-house Build,False,27.0,FY2025-Q4
100551,5081,Johnson-Doyle,Pre-IPO / Private,ActiveDisclosure,1004,False,Northeast,2025-11-21,2026-01-13,Closed Lost,0,93321.83,True,False,True,Timing - Not Ready,Donnelley Legacy/Manual Process,False,53.0,FY2026-Q1
100552,5349,Bell-Lane,Pre-IPO / Private,ActiveDisclosure,1001,False,Texas/Central,2026-03-07,2026-04-21,Closed Lost,0,62132.19,True,False,False,No Decision / Stalled,In-house Build,False,45.0,FY2026-Q2
100553,5474,Morgan-Lopez,Mid Cap Public,ActiveDisclosure,1018,True,West,2025-01-28,2025-03-18,Closed Won,100,78174.15,True,True,True,,,False,49.0,FY2025-Q1
100554,5392,Marshall-Elliott,Pre-IPO / Private,ActiveDisclosure,1000,False,West,2026-03-09,2026-05-05,Closed Won,100,29378.55,True,True,False,,,False,57.0,FY2026-Q2
100555,5255,"Sanford, Rivera and Garcia",Large Cap Public,ActiveDisclosure,1005,False,Northeast,2026-03-17,2026-07-23,Negotiation,80,31958.83,False,,True,,,False,,FY2026-Q3
100556,5339,Gutierrez Group,Mid Cap Public,ActiveDisclosure,1002,False,West,2025-10-09,2025-11-03,Closed Lost,0,30554.2,True,False,True,Price,Ideagen/Q4,False,25.0,FY2025-Q4
100557,5363,Ware and Sons,Mid Cap Public,ActiveDisclosure,1005,False,Midwest,2024-09-04,2025-01-10,Closed Lost,0,54900.66,True,False,False,No Decision / Stalled,In-house Build,False,128.0,FY2025-Q1
100558,5262,Brennan-Johnson,Large Cap Public,ActiveDisclosure,1020,True,Southeast,2026-06-12,2026-07-22,Needs Analysis,40,30611.29,False,,False,,,False,,FY2026-Q3
100559,5369,"Estrada, Williams and Foster",Large Cap Public,ActiveDisclosure,1002,False,West,2026-06-23,2026-09-20,Prospecting,10,86147.49,False,,False,,,False,,FY2026-Q3
100560,5176,Miller Ltd,Large Cap Public,ActiveDisclosure,1004,False,Northeast,2026-03-21,2026-04-24,Closed Lost,0,87914.36,True,False,False,Budget Cut,Donnelley Legacy/Manual Process,False,34.0,FY2026-Q2
100561,5169,"Adams, Christian and Rivas",Mid Cap Public,ActiveDisclosure,1001,False,Southeast,2025-02-23,2025-04-16,Closed Won,100,94915.7,True,True,False,,,False,52.0,FY2025-Q2
100562,5329,"Williams, Logan and Camacho",Large Cap Public,ActiveDisclosure,1001,False,Northeast,2024-10-28,2025-01-25,Closed Lost,0,51823.38,True,False,True,Budget Cut,Donnelley Legacy/Manual Process,False,89.0,FY2025-Q1
100563,5359,Davis PLC,Mid Cap Public,ActiveDisclosure,1001,False,Southeast,2026-01-24,2026-04-10,Closed Won,100,111243.95,True,True,False,,,False,76.0,FY2026-Q2
100564,5310,Crosby-Ramirez,Large Cap Public,ActiveDisclosure,1002,False,Northeast,2025-03-17,2025-04-19,Closed Won,100,47383.99,True,True,True,,,False,33.0,FY2025-Q2
100565,5217,Navarro-Munoz,Large Cap Public,ActiveDisclosure,1003,False,Northeast,2024-07-06,2024-10-30,Closed Lost,0,80984.43,True,False,True,Timing - Not Ready,Workiva,False,116.0,FY2024-Q4
100566,5180,Holt-Torres,Pre-IPO / Private,ActiveDisclosure,1000,False,Southeast,2025-11-02,2026-01-21,Closed Lost,0,49294.23,True,False,False,Budget Cut,Intralinks,False,80.0,FY2026-Q1
100567,5420,Lee-Cooke,Mid Cap Public,ActiveDisclosure,1003,False,Texas/Central,2025-10-16,2025-12-11,Closed Lost,0,79226.01,True,False,True,Price,Ideagen/Q4,False,56.0,FY2025-Q4
100568,5382,Kim Inc,Mid Cap Public,ActiveDisclosure,1001,False,Midwest,2026-05-25,2026-07-19,Proposal,60,48331.11,False,,False,,,False,,FY2026-Q3
100569,5057,Smith PLC,Mid Cap Public,ActiveDisclosure,1000,False,Mid-Atlantic,2025-06-27,2025-09-08,Closed Lost,0,97509.79,True,False,False,Budget Cut,Toppan Merrill,False,73.0,FY2025-Q3
100570,5003,Carlson-Cruz,Investment Bank,Venue,1007,False,Mid-Atlantic,2026-02-04,2026-02-25,Closed Lost,0,73622.64,True,False,False,No Decision / Stalled,Toppan Merrill,False,21.0,FY2026-Q1
100571,5069,Davis Group,Private Equity,Venue,1008,False,Southeast,2025-05-18,2025-06-22,Closed Lost,0,8000.0,True,False,False,Budget Cut,Intralinks,False,35.0,FY2025-Q2
100572,5104,"Bentley, Byrd and Orr",Investment Bank,Venue,1008,False,Northeast,2025-10-05,2025-11-20,Closed Won,100,43674.58,True,True,False,,,False,46.0,FY2025-Q4
100573,5307,"Avery, Horton and Fernandez",Private Equity,Venue,1007,False,Mid-Atlantic,2024-12-26,2025-03-02,Closed Lost,0,55372.01,True,False,False,Budget Cut,In-house Build,False,66.0,FY2025-Q1
100574,5258,"Booker, Jones and Harrington",Pre-IPO / Private,Venue,1011,False,Southeast,2024-12-04,2025-01-28,Closed Lost,0,27940.63,True,False,False,No Decision / Stalled,Ideagen/Q4,False,55.0,FY2025-Q1
100575,5171,Christensen PLC,Large Cap Public,Venue,1010,False,Texas/Central,2024-10-08,2024-11-28,Closed Lost,0,8000.0,True,False,False,Lost to Competitor,Intralinks,False,51.0,FY2024-Q4
100576,5373,Thompson-James,Private Equity,Venue,1010,False,West,2025-10-13,2025-11-24,Closed Won,100,78828.8,True,True,False,,,False,42.0,FY2025-Q4
100577,5022,"Brooks, Lam and Hayes",Pre-IPO / Private,Venue,1008,False,Mid-Atlantic,2026-02-28,2026-04-12,Closed Lost,0,8000.0,True,False,False,Price,Workiva,False,43.0,FY2026-Q2
100578,5378,Berry-Mckinney,Investment Bank,Venue,1006,False,Texas/Central,2026-05-05,2026-06-03,Closed Lost,0,63822.0,True,False,False,No Decision / Stalled,Toppan Merrill,False,29.0,FY2026-Q2
100579,5101,Cortez LLC,Mid Cap Public,Venue,1008,False,Mid-Atlantic,2025-05-24,2025-06-23,Closed Won,100,74891.16,True,True,False,,,False,30.0,FY2025-Q2
100580,5190,Williams-Brown,Large Cap Public,Venue,1008,False,Texas/Central,2025-09-24,2025-11-02,Closed Won,100,29332.16,True,True,False,,,False,39.0,FY2025-Q4
100581,5359,Davis PLC,Mid Cap Public,Venue,1020,True,Southeast,2024-10-25,2024-12-17,Closed Lost,0,26038.2,True,False,False,Price,Intralinks,False,53.0,FY2024-Q4
100582,5342,Mcdaniel Group,Private Equity,Venue,1007,False,West,2026-01-13,2026-02-20,Closed Lost,0,83632.43,True,False,False,No Decision / Stalled,In-house Build,False,38.0,FY2026-Q1
100583,5238,Valentine-Holland,Investment Bank,Venue,1008,False,Southeast,2024-12-22,2025-02-05,Closed Lost,0,87271.66,True,False,False,Price,Intralinks,False,45.0,FY2025-Q1
100584,5418,"Henderson, Cox and Cox",Private Equity,Venue,1006,False,West,2025-10-25,2025-12-05,Closed Won,100,33093.26,True,True,False,,,False,41.0,FY2025-Q4
100585,5380,Jackson-Meza,Pre-IPO / Private,Venue,1007,False,Southeast,2024-09-26,2024-12-06,Closed Lost,0,8000.0,True,False,False,Timing - Not Ready,Toppan Merrill,False,71.0,FY2024-Q4
100586,5198,Miller-Wright,Private Equity,Venue,1008,False,Northeast,2026-06-16,2026-07-23,Qualification,25,8000.0,False,,False,,,False,,FY2026-Q3
100587,5466,Brown Group,Private Equity,Venue,1006,False,Midwest,2026-05-17,2026-07-22,Proposal,60,8000.0,False,,False,,,True,,FY2026-Q3
100588,5037,Morton-Chase,Mid Cap Public,Venue,1011,False,Texas/Central,2026-02-01,2026-03-01,Closed Lost,0,36833.38,True,False,False,Budget Cut,Datasite,False,28.0,FY2026-Q1
100589,5377,Atkins PLC,Pre-IPO / Private,Venue,1007,False,Mid-Atlantic,2025-10-24,2025-11-14,Closed Won,100,31044.39,True,True,False,,,False,21.0,FY2025-Q4
100590,5078,"Wright, Garcia and Deleon",Large Cap Public,Venue,1008,False,Northeast,2025-08-05,2025-08-27,Closed Lost,0,8000.0,True,False,False,No Decision / Stalled,Donnelley Legacy/Manual Process,False,22.0,FY2025-Q3
100591,5370,"Brown, Harris and Dougherty",Investment Bank,Venue,1009,False,Texas/Central,2024-07-30,2024-09-14,Closed Lost,0,31380.1,True,False,False,Lost to Competitor,Datasite,False,46.0,FY2024-Q3
100592,5360,Bennett Group,Private Equity,Venue,1007,False,Mid-Atlantic,2025-06-21,2025-07-28,Closed Lost,0,33127.99,True,False,False,Budget Cut,Ideagen/Q4,False,37.0,FY2025-Q3
100593,5436,"Rosales, Mitchell and Hines",Private Equity,Venue,1011,False,Southeast,2024-10-17,2024-11-27,Closed Won,100,75998.96,True,True,False,,,False,41.0,FY2024-Q4
100594,5050,Jones Inc,Pre-IPO / Private,Venue,1010,False,Texas/Central,2026-02-24,2026-03-27,Closed Won,100,35861.29,True,True,False,,,False,31.0,FY2026-Q1
100595,5344,Reynolds Ltd,Investment Bank,Venue,1011,False,Midwest,2025-06-13,2025-07-21,Closed Lost,0,57939.08,True,False,False,Budget Cut,In-house Build,False,38.0,FY2025-Q3
100596,5459,Williams-Hughes,Private Equity,Venue,1007,False,Mid-Atlantic,2026-01-08,2026-02-06,Closed Lost,0,49176.61,True,False,False,Price,Toppan Merrill,False,29.0,FY2026-Q1
100597,5407,Cox LLC,Investment Bank,Venue,1009,False,West,2024-10-25,2024-12-04,Closed Won,100,9698.4,True,True,False,,,False,40.0,FY2024-Q4
100598,5102,"Parker, Ortiz and Powell",Investment Bank,Venue,1009,False,Southeast,2025-09-28,2025-10-18,Closed Won,100,51156.86,True,True,False,,,False,20.0,FY2025-Q4
100599,5325,"Morris, Thompson and Williams",Large Cap Public,Venue,1009,False,Mid-Atlantic,2026-06-01,2026-06-29,Closed Won,100,60876.31,True,True,False,,,False,28.0,FY2026-Q2
100600,5030,Lee-Davis,Large Cap Public,Venue,1007,False,Mid-Atlantic,2024-09-30,2024-10-29,Closed Lost,0,10768.26,True,False,False,Feature Gap,Ideagen/Q4,False,29.0,FY2024-Q4
100601,5023,Walker LLC,Pre-IPO / Private,Venue,1009,False,Texas/Central,2025-10-06,2025-11-14,Closed Lost,0,8000.0,True,False,False,Budget Cut,Intralinks,False,39.0,FY2025-Q4
100602,5376,Graham Group,Private Equity,Venue,1008,False,Texas/Central,2026-05-28,2026-07-22,Proposal,60,25702.16,False,,False,,,False,,FY2026-Q3
100603,5239,Jimenez Ltd,Private Equity,Venue,1008,False,Southeast,2025-09-18,2025-10-24,Closed Lost,0,15926.43,True,False,False,Timing - Not Ready,Workiva,False,36.0,FY2025-Q4
100604,5429,Young-Allen,Private Equity,Venue,1010,False,Southeast,2024-09-01,2024-10-16,Closed Lost,0,46097.47,True,False,False,Price,Toppan Merrill,False,45.0,FY2024-Q4
100605,5036,Baxter Inc,Mid Cap Public,Venue,1006,False,Midwest,2025-07-02,2025-07-22,Closed Won,100,26970.49,True,True,False,,,False,20.0,FY2025-Q3
100606,5192,Garcia-Smith,Investment Bank,Venue,1008,False,Midwest,2026-02-24,2026-04-09,Closed Lost,0,68763.83,True,False,False,Budget Cut,Donnelley Legacy/Manual Process,False,44.0,FY2026-Q2
100607,5292,Coffey-Phillips,Private Equity,Venue,1007,False,West,2026-01-09,2026-02-16,Closed Lost,0,8000.0,True,False,False,Lost to Competitor,In-house Build,False,38.0,FY2026-Q1
100608,5447,Gilbert-Bullock,Large Cap Public,Venue,1007,False,Midwest,2024-12-04,2024-12-25,Closed Won,100,54357.99,True,True,False,,,False,21.0,FY2024-Q4
100609,5218,Davis Ltd,Investment Bank,Venue,1009,False,Mid-Atlantic,2026-04-24,2026-05-26,Closed Lost,0,8000.0,True,False,False,Lost to Competitor,Workiva,False,32.0,FY2026-Q2
100610,5042,Gray Group,Large Cap Public,Venue,1011,False,Northeast,2025-10-09,2025-11-19,Closed Lost,0,101750.37,True,False,False,Budget Cut,In-house Build,False,41.0,FY2025-Q4
100611,5332,Henry Group,Large Cap Public,Venue,1010,False,West,2025-10-08,2025-11-17,Closed Lost,0,83363.53,True,False,False,Budget Cut,Datasite,False,40.0,FY2025-Q4
100612,5385,Cook and Sons,Private Equity,Venue,1006,False,Northeast,2025-01-06,2025-01-25,Closed Lost,0,35845.38,True,False,False,Feature Gap,Intralinks,False,19.0,FY2025-Q1
100613,5030,Lee-Davis,Large Cap Public,Venue,1010,False,Mid-Atlantic,2025-11-25,2025-12-25,Closed Won,100,32845.95,True,True,False,,,False,30.0,FY2025-Q4
100614,5455,Mendez and Sons,Mid Cap Public,Venue,1008,False,Mid-Atlantic,2026-02-01,2026-03-14,Closed Won,100,43541.56,True,True,False,,,False,41.0,FY2026-Q1
100615,5479,Parker-Morrison,Pre-IPO / Private,Venue,1020,True,Southeast,2026-06-07,2026-06-25,Closed Lost,0,41735.04,True,False,False,No Decision / Stalled,Donnelley Legacy/Manual Process,False,18.0,FY2026-Q2
100616,5311,"Wood, Ramos and Sampson",Mid Cap Public,Venue,1010,False,Southeast,2024-09-18,2024-10-15,Closed Won,100,11765.93,True,True,False,,,False,27.0,FY2024-Q4
100617,5251,"Reyes, Chase and Jenkins",Investment Bank,Venue,1011,False,Texas/Central,2026-05-15,2026-06-20,Closed Lost,0,35895.71,True,False,False,Timing - Not Ready,Datasite,False,36.0,FY2026-Q2
100618,5376,Graham Group,Private Equity,Venue,1009,False,Texas/Central,2025-10-23,2025-11-30,Closed Lost,0,35788.25,True,False,False,No Decision / Stalled,Donnelley Legacy/Manual Process,False,38.0,FY2025-Q4
100619,5172,"Barnett, Rogers and Snyder",Investment Bank,Venue,1010,False,Midwest,2025-04-27,2025-06-07,Closed Lost,0,53054.0,True,False,False,Feature Gap,Ideagen/Q4,False,41.0,FY2025-Q2
100620,5104,"Bentley, Byrd and Orr",Investment Bank,Venue,1007,False,Northeast,2025-03-23,2025-04-08,Closed Lost,0,61035.18,True,False,False,Feature Gap,Datasite,False,16.0,FY2025-Q2
100621,5023,Walker LLC,Pre-IPO / Private,Venue,1020,True,Texas/Central,2024-07-27,2024-08-27,Closed Won,100,17824.92,True,True,False,,,False,31.0,FY2024-Q3
100622,5301,Herman-Walker,Mid Cap Public,Venue,1008,False,Midwest,2025-03-15,2025-04-09,Closed Won,100,8913.77,True,True,False,,,False,25.0,FY2025-Q2
100623,5200,Rowe Group,Private Equity,Venue,1007,False,West,2026-03-10,2026-04-09,Closed Lost,0,45011.22,True,False,False,No Decision / Stalled,Ideagen/Q4,False,30.0,FY2026-Q2
100624,5316,"Harper, Smith and Buchanan",Pre-IPO / Private,Venue,1010,False,Midwest,2025-02-26,2025-04-13,Closed Lost,0,60034.93,True,False,False,No Decision / Stalled,Workiva,False,46.0,FY2025-Q2
100625,5065,Newton and Sons,Large Cap Public,Venue,1011,False,West,2025-02-28,2025-03-19,Closed Lost,0,38794.53,True,False,False,Lost to Competitor,In-house Build,False,19.0,FY2025-Q1
100626,5464,Li-Thompson,Investment Bank,Venue,1008,False,Northeast,2025-06-18,2025-07-27,Closed Lost,0,62991.23,True,False,False,Price,Workiva,False,39.0,FY2025-Q3
100627,5198,Miller-Wright,Private Equity,Venue,1008,False,Northeast,2025-10-18,2025-11-26,Closed Lost,0,57730.55,True,False,False,Timing - Not Ready,Intralinks,False,39.0,FY2025-Q4
100628,5067,Harris-Walters,Investment Bank,Venue,1009,False,West,2026-05-30,2026-06-27,Closed Won,100,31826.2,True,True,False,,,False,28.0,FY2026-Q2
100629,5460,King-Smith,Investment Bank,Venue,1009,False,Midwest,2025-09-18,2025-10-31,Closed Won,100,49470.72,True,True,False,,,False,43.0,FY2025-Q4
100630,5271,Harvey-Allen,Pre-IPO / Private,Venue,1008,False,Midwest,2024-08-11,2024-09-23,Closed Lost,0,13860.06,True,False,False,Budget Cut,In-house Build,False,43.0,FY2024-Q3
100631,5069,Davis Group,Private Equity,Venue,1006,False,Southeast,2025-04-05,2025-05-07,Closed Won,100,38246.09,True,True,False,,,False,32.0,FY2025-Q2
100632,5117,Stafford Inc,Large Cap Public,Venue,1011,False,Texas/Central,2026-05-22,2026-06-24,Closed Lost,0,8000.0,True,False,False,Lost to Competitor,In-house Build,False,33.0,FY2026-Q2
100633,5295,"Ramsey, Whitney and Coffey",Pre-IPO / Private,Venue,1007,False,Mid-Atlantic,2026-05-24,2026-06-09,Closed Won,100,18116.15,True,True,False,,,False,16.0,FY2026-Q2
100634,5013,George Group,Large Cap Public,Venue,1018,True,West,2026-05-19,2026-06-30,Closed Won,100,66095.99,True,True,False,,,False,42.0,FY2026-Q2
100635,5054,Donovan-Harris,Private Equity,Venue,1007,False,Mid-Atlantic,2026-06-01,2026-06-26,Closed Lost,0,51008.18,True,False,False,No Decision / Stalled,Intralinks,False,25.0,FY2026-Q2
100636,5332,Henry Group,Large Cap Public,Venue,1007,False,West,2026-05-03,2026-06-21,Closed Lost,0,60261.46,True,False,False,Feature Gap,Workiva,False,49.0,FY2026-Q2
100637,5454,"Andrews, Higgins and Carter",Mid Cap Public,Venue,1007,False,Southeast,2024-09-26,2024-10-28,Closed Won,100,71909.92,True,True,False,,,False,32.0,FY2024-Q4
100638,5251,"Reyes, Chase and Jenkins",Investment Bank,Venue,1011,False,Texas/Central,2025-01-05,2025-01-29,Closed Won,100,39939.09,True,True,False,,,False,24.0,FY2025-Q1
100639,5150,"Williams, Johnson and Wright",Investment Bank,Venue,1006,False,West,2025-10-21,2025-11-27,Closed Lost,0,52725.9,True,False,False,No Decision / Stalled,Ideagen/Q4,False,37.0,FY2025-Q4
100640,5379,Roberts-Sullivan,Investment Bank,Venue,1008,False,Northeast,2026-06-08,2026-07-08,Proposal,60,72363.89,False,,False,,,False,,FY2026-Q3
100641,5049,Yu Inc,Large Cap Public,Venue,1007,False,Texas/Central,2024-08-30,2024-09-26,Closed Lost,0,8000.0,True,False,False,Budget Cut,Intralinks,False,27.0,FY2024-Q3
100642,5001,"Snyder, Campos and Callahan",Private Equity,Venue,1009,False,Mid-Atlantic,2024-10-19,2024-11-18,Closed Won,100,8000.0,True,True,False,,,False,30.0,FY2024-Q4
100643,5454,"Andrews, Higgins and Carter",Mid Cap Public,Venue,1006,False,Southeast,2025-09-25,2025-11-05,Closed Won,100,40129.01,True,True,False,,,False,41.0,FY2025-Q4
100644,5455,Mendez and Sons,Mid Cap Public,Venue,1009,False,Mid-Atlantic,2026-02-05,2026-03-08,Closed Won,100,41314.45,True,True,False,,,False,31.0,FY2026-Q1
100645,5255,"Sanford, Rivera and Garcia",Large Cap Public,Venue,1011,False,Northeast,2024-06-30,2024-07-24,Closed Won,100,65912.64,True,True,False,,,False,24.0,FY2024-Q3
100646,5216,"Fernandez, Kim and George",Mid Cap Public,Venue,1009,False,Texas/Central,2026-06-16,2026-07-24,Qualification,25,86751.3,False,,False,,,False,,FY2026-Q3
100647,5126,"Ramirez, Strickland and Washington",Mid Cap Public,Venue,1009,False,Texas/Central,2026-06-24,2026-08-01,Prospecting,10,44514.85,False,,False,,,False,,FY2026-Q3
100648,5314,Lopez-Martinez,Private Equity,Venue,1006,False,West,2024-09-09,2024-10-24,Closed Won,100,74738.38,True,True,False,,,False,45.0,FY2024-Q4
100649,5461,Cooper Ltd,Pre-IPO / Private,Venue,1008,False,Texas/Central,2025-11-05,2025-11-24,Closed Won,100,111535.73,True,True,False,,,False,19.0,FY2025-Q4
100650,5375,Jones-Hensley,Large Cap Public,Venue,1011,False,Mid-Atlantic,2025-08-14,2025-09-19,Closed Won,100,46193.45,True,True,False,,,False,36.0,FY2025-Q3
100651,5096,Scott Ltd,Mid Cap Public,Venue,1019,True,Midwest,2025-06-13,2025-07-09,Closed Lost,0,23981.17,True,False,False,No Decision / Stalled,Toppan Merrill,False,26.0,FY2025-Q3
100652,5098,"Mcdaniel, Bentley and Mclaughlin",Private Equity,Venue,1006,False,Northeast,2025-05-02,2025-06-09,Closed Lost,0,40957.94,True,False,False,No Decision / Stalled,Donnelley Legacy/Manual Process,False,38.0,FY2025-Q2
100653,5452,Brown-Copeland,Large Cap Public,Venue,1007,False,West,2025-01-10,2025-02-13,Closed Won,100,22315.89,True,True,False,,,False,34.0,FY2025-Q1
100654,5045,"Stanley, Tucker and Lee",Private Equity,Venue,1011,False,Northeast,2024-09-02,2024-10-23,Closed Won,100,17473.02,True,True,False,,,False,51.0,FY2024-Q4
100655,5080,Hancock and Sons,Large Cap Public,Venue,1020,True,Northeast,2024-07-16,2024-08-19,Closed Won,100,71876.19,True,True,False,,,False,34.0,FY2024-Q3
100656,5224,Bailey-Cook,Investment Bank,Venue,1011,False,West,2025-02-01,2025-02-27,Closed Lost,0,71143.38,True,False,False,Feature Gap,Ideagen/Q4,False,26.0,FY2025-Q1
100657,5092,White-Estes,Large Cap Public,Venue,1006,False,Southeast,2026-02-13,2026-04-13,Closed Won,100,30615.69,True,True,False,,,False,59.0,FY2026-Q2
100658,5041,Hancock Inc,Mid Cap Public,Venue,1010,False,West,2025-10-25,2025-11-12,Closed Won,100,44757.56,True,True,False,,,False,18.0,FY2025-Q4
100659,5152,Wells Inc,Large Cap Public,Venue,1006,False,Northeast,2026-04-25,2026-05-23,Closed Lost,0,26463.97,True,False,False,Price,Donnelley Legacy/Manual Process,False,28.0,FY2026-Q2
100660,5278,Castaneda-Rodriguez,Large Cap Public,Venue,1018,True,West,2026-02-25,2026-04-15,Closed Won,100,95361.01,True,True,False,,,False,49.0,FY2026-Q2
100661,5080,Hancock and Sons,Large Cap Public,Venue,1009,False,Northeast,2024-09-02,2024-09-26,Closed Won,100,70650.39,True,True,False,,,False,24.0,FY2024-Q3
100662,5073,"Patterson, Smith and Jones",Pre-IPO / Private,Venue,1011,False,Southeast,2025-05-28,2025-06-26,Closed Lost,0,41969.69,True,False,False,Lost to Competitor,Datasite,False,29.0,FY2025-Q2
100663,5100,"Mccall, Hanson and Alvarado",Large Cap Public,Venue,1019,True,Northeast,2025-06-08,2025-07-03,Closed Won,100,48833.99,True,True,False,,,False,25.0,FY2025-Q3
100664,5181,"Wood, Tran and Cooper",Private Equity,Venue,1007,False,Northeast,2026-01-17,2026-03-01,Closed Lost,0,15651.86,True,False,False,Price,Intralinks,False,43.0,FY2026-Q1
100665,5277,Bruce-Gonzalez,Investment Bank,Venue,1006,False,Texas/Central,2024-12-08,2025-01-10,Closed Won,100,65719.24,True,True,False,,,False,33.0,FY2025-Q1
100666,5341,Edwards-Scott,Private Equity,Venue,1008,False,Southeast,2026-06-23,2026-07-06,Needs Analysis,40,73985.17,False,,False,,,False,,FY2026-Q3
100667,5023,Walker LLC,Pre-IPO / Private,Venue,1007,False,Texas/Central,2026-06-08,2026-07-04,Negotiation,80,26219.68,False,,False,,,False,,FY2026-Q3
100668,5045,"Stanley, Tucker and Lee",Private Equity,Venue,1011,False,Northeast,2025-08-25,2025-09-21,Closed Won,100,118598.83,True,True,False,,,False,27.0,FY2025-Q3
100669,5082,Patton-Jenkins,Mid Cap Public,Venue,1008,False,Midwest,2024-09-28,2024-11-13,Closed Won,100,18362.52,True,True,False,,,False,46.0,FY2024-Q4
100670,5270,"Sparks, Jackson and Miller",Mid Cap Public,Venue,1006,False,Southeast,2026-01-22,2026-03-22,Closed Lost,0,32626.57,True,False,False,Price,In-house Build,False,59.0,FY2026-Q1
100671,5304,Torres Group,Private Equity,Venue,1009,False,Northeast,2026-01-03,2026-02-02,Closed Lost,0,28810.59,True,False,False,Feature Gap,Intralinks,False,30.0,FY2026-Q1
100672,5153,"Gould, Marshall and Scott",Mid Cap Public,Venue,1011,False,West,2024-08-23,2024-10-11,Closed Lost,0,61102.91,True,False,False,Budget Cut,Donnelley Legacy/Manual Process,False,49.0,FY2024-Q4
100673,5077,Nolan and Sons,Mid Cap Public,Venue,1007,False,West,2024-08-13,2024-09-25,Closed Lost,0,94749.25,True,False,False,No Decision / Stalled,In-house Build,False,43.0,FY2024-Q3
100674,5409,"Williams, Mccoy and Cook",Private Equity,Venue,1011,False,Texas/Central,2025-10-07,2025-11-12,Closed Won,100,58850.36,True,True,False,,,False,36.0,FY2025-Q4
100675,5159,Vargas Ltd,Large Cap Public,Venue,1020,True,Midwest,2024-12-27,2025-01-22,Closed Won,100,9962.07,True,True,False,,,False,26.0,FY2025-Q1
100676,5007,Rodriguez-Graham,Mid Cap Public,Venue,1008,False,Mid-Atlantic,2025-09-28,2025-11-04,Closed Lost,0,51533.19,True,False,False,Feature Gap,Toppan Merrill,False,37.0,FY2025-Q4
100677,5040,Russell Group,Investment Bank,Venue,1008,False,Midwest,2025-02-20,2025-03-19,Closed Won,100,81406.97,True,True,False,,,False,27.0,FY2025-Q1
100678,5242,"Thomas, Lee and Greene",Private Equity,Venue,1009,False,Texas/Central,2024-09-13,2024-10-10,Closed Won,100,39720.1,True,True,False,,,False,27.0,FY2024-Q4
100679,5347,"Pugh, Henderson and Moon",Private Equity,Venue,1007,False,Texas/Central,2024-11-25,2025-01-14,Closed Won,100,83675.68,True,True,False,,,False,50.0,FY2025-Q1
100680,5296,"Diaz, Gibbs and Smith",Large Cap Public,Venue,1011,False,Midwest,2025-10-11,2025-12-02,Closed Won,100,37966.99,True,True,False,,,False,52.0,FY2025-Q4
100681,5043,House-Glover,Large Cap Public,Venue,1006,False,Mid-Atlantic,2025-01-23,2025-02-08,Closed Lost,0,38650.9,True,False,False,Price,Datasite,False,16.0,FY2025-Q1
100682,5386,Dixon Inc,Large Cap Public,Venue,1009,False,Midwest,2024-10-21,2024-11-28,Closed Lost,0,15349.87,True,False,False,No Decision / Stalled,Intralinks,False,38.0,FY2024-Q4
100683,5163,"Wood, Hunter and Peterson",Large Cap Public,Venue,1010,False,Mid-Atlantic,2026-03-10,2026-04-12,Closed Lost,0,43815.25,True,False,False,Timing - Not Ready,In-house Build,False,33.0,FY2026-Q2
100684,5027,Jones-Young,Investment Bank,Venue,1010,False,Southeast,2024-09-26,2024-11-07,Closed Lost,0,31079.17,True,False,False,Lost to Competitor,In-house Build,False,42.0,FY2024-Q4
100685,5080,Hancock and Sons,Large Cap Public,Venue,1011,False,Northeast,2025-10-16,2025-10-28,Closed Lost,0,8000.0,True,False,False,Lost to Competitor,Intralinks,False,12.0,FY2025-Q4
100686,5116,Hernandez Ltd,Mid Cap Public,Venue,1010,False,Northeast,2025-09-17,2025-11-05,Closed Lost,0,52794.26,True,False,False,Timing - Not Ready,Workiva,False,49.0,FY2025-Q4
100687,5392,Marshall-Elliott,Pre-IPO / Private,Venue,1010,False,West,2024-08-14,2024-09-02,Closed Won,100,86966.81,True,True,False,,,False,19.0,FY2024-Q3
100688,5332,Henry Group,Large Cap Public,Venue,1009,False,West,2026-06-13,2026-07-25,Needs Analysis,40,8000.0,False,,False,,,False,,FY2026-Q3
100689,5177,Freeman-Chang,Mid Cap Public,Venue,1011,False,West,2026-01-22,2026-02-14,Closed Lost,0,8000.0,True,False,False,Lost to Competitor,Intralinks,False,23.0,FY2026-Q1
100690,5087,Walker Ltd,Large Cap Public,Venue,1006,False,Northeast,2025-04-28,2025-05-19,Closed Lost,0,64437.09,True,False,False,No Decision / Stalled,Intralinks,False,21.0,FY2025-Q2
100691,5004,"Ferrell, Rice and Maddox",Private Equity,Venue,1011,False,Midwest,2025-10-13,2025-11-23,Closed Lost,0,31861.14,True,False,False,Budget Cut,Donnelley Legacy/Manual Process,False,41.0,FY2025-Q4
100692,5061,Moore-Bass,Large Cap Public,Venue,1011,False,Midwest,2025-08-19,2025-09-24,Closed Lost,0,88778.88,True,False,False,Feature Gap,Workiva,False,36.0,FY2025-Q3
100693,5312,Garcia-Jennings,Mid Cap Public,Venue,1011,False,Midwest,2024-09-10,2024-11-05,Closed Won,100,49660.96,True,True,False,,,False,56.0,FY2024-Q4
100694,5215,Lyons-Bender,Investment Bank,Venue,1006,False,Southeast,2025-01-28,2025-03-15,Closed Lost,0,42560.55,True,False,False,No Decision / Stalled,Toppan Merrill,False,46.0,FY2025-Q1
100695,5218,Davis Ltd,Investment Bank,Venue,1006,False,Mid-Atlantic,2026-05-21,2026-06-30,Closed Won,100,53709.55,True,True,False,,,False,40.0,FY2026-Q2
100696,5435,Spencer-Garcia,Pre-IPO / Private,Venue,1020,True,Texas/Central,2026-06-21,2026-08-14,Prospecting,10,19079.73,False,,False,,,False,,FY2026-Q3
100697,5081,Johnson-Doyle,Pre-IPO / Private,Venue,1006,False,Northeast,2025-06-07,2025-07-06,Closed Lost,0,75557.9,True,False,False,Feature Gap,Ideagen/Q4,False,29.0,FY2025-Q3
100698,5412,"Marks, Cook and Aguilar",Private Equity,Venue,1008,False,Midwest,2025-02-15,2025-03-31,Closed Lost,0,31018.23,True,False,False,Budget Cut,Datasite,False,44.0,FY2025-Q1
100699,5435,Spencer-Garcia,Pre-IPO / Private,Venue,1009,False,Texas/Central,2024-09-02,2024-09-22,Closed Lost,0,24150.81,True,False,False,Timing - Not Ready,Ideagen/Q4,False,20.0,FY2024-Q3
100700,5232,Wolf-Harris,Large Cap Public,Venue,1011,False,Texas/Central,2025-10-24,2025-11-16,Closed Lost,0,26592.71,True,False,False,No Decision / Stalled,Donnelley Legacy/Manual Process,False,23.0,FY2025-Q4
100701,5256,Garcia-Lozano,Investment Bank,Venue,1006,False,Mid-Atlantic,2026-06-09,2026-07-02,Negotiation,80,63321.59,False,,False,,,False,,FY2026-Q3
100702,5337,"Wilson, Pena and Rich",Large Cap Public,Venue,1018,True,West,2024-09-27,2024-10-26,Closed Won,100,8000.0,True,True,False,,,False,29.0,FY2024-Q4
100703,5126,"Ramirez, Strickland and Washington",Mid Cap Public,Venue,1006,False,Texas/Central,2024-10-19,2024-12-03,Closed Lost,0,33060.7,True,False,False,Budget Cut,Intralinks,False,45.0,FY2024-Q4
100704,5272,"Thomas, Murray and King",Private Equity,Venue,1011,False,West,2025-01-25,2025-02-27,Closed Won,100,8000.0,True,True,False,,,False,33.0,FY2025-Q1
100705,5141,Hooper PLC,Pre-IPO / Private,Venue,1007,False,Midwest,2026-05-29,2026-06-15,Closed Lost,0,34955.6,True,False,False,Budget Cut,Donnelley Legacy/Manual Process,False,17.0,FY2026-Q2
100706,5200,Rowe Group,Private Equity,Venue,1007,False,West,2025-04-24,2025-05-30,Closed Lost,0,8000.0,True,False,False,Timing - Not Ready,Toppan Merrill,False,36.0,FY2025-Q2
100707,5232,Wolf-Harris,Large Cap Public,Venue,1008,False,Texas/Central,2026-05-02,2026-06-06,Closed Lost,0,15322.36,True,False,False,Feature Gap,Toppan Merrill,False,35.0,FY2026-Q2
100708,5278,Castaneda-Rodriguez,Large Cap Public,Venue,1008,False,West,2026-01-12,2026-01-22,Closed Lost,0,20881.2,True,False,False,No Decision / Stalled,Intralinks,False,10.0,FY2026-Q1
100709,5386,Dixon Inc,Large Cap Public,Venue,1008,False,Midwest,2025-02-17,2025-03-24,Closed Lost,0,28618.87,True,False,False,Price,Intralinks,False,35.0,FY2025-Q1
100710,5083,"Shields, Cochran and Adams",Investment Bank,Venue,1011,False,Mid-Atlantic,2025-04-18,2025-05-15,Closed Lost,0,50471.01,True,False,False,Feature Gap,Ideagen/Q4,False,27.0,FY2025-Q2
100711,5066,Campbell-Clark,Mid Cap Public,Venue,1019,True,Mid-Atlantic,2024-12-12,2025-01-03,Closed Lost,0,42937.72,True,False,False,Budget Cut,Datasite,False,22.0,FY2025-Q1
100712,5114,Gibson Ltd,Private Equity,Venue,1011,False,Mid-Atlantic,2025-01-04,2025-01-18,Closed Won,100,44831.5,True,True,False,,,False,14.0,FY2025-Q1
100713,5346,"Hoffman, Santiago and Jenkins",Private Equity,Venue,1009,False,West,2025-06-17,2025-07-17,Closed Lost,0,70196.85,True,False,False,Lost to Competitor,In-house Build,False,30.0,FY2025-Q3
100714,5348,Schmitt PLC,Mid Cap Public,Venue,1011,False,Texas/Central,2025-05-23,2025-06-28,Closed Lost,0,55820.75,True,False,False,Timing - Not Ready,Datasite,False,36.0,FY2025-Q2
100715,5118,Robinson-Brock,Mid Cap Public,Venue,1008,False,Southeast,2026-06-22,2026-07-30,Qualification,25,47577.58,False,,False,,,False,,FY2026-Q3
100716,5038,Williams PLC,Private Equity,Venue,1010,False,Midwest,2026-05-13,2026-06-18,Closed Lost,0,51320.56,True,False,False,Budget Cut,Datasite,False,36.0,FY2026-Q2
100717,5113,Riggs PLC,Investment Bank,Venue,1006,False,West,2024-10-23,2024-12-02,Closed Won,100,29329.44,True,True,False,,,False,40.0,FY2024-Q4
100718,5054,Donovan-Harris,Private Equity,Venue,1009,False,Mid-Atlantic,2024-10-27,2024-12-01,Closed Lost,0,25243.42,True,False,False,Lost to Competitor,Donnelley Legacy/Manual Process,False,35.0,FY2024-Q4
100719,5131,Russell-Daniels,Private Equity,Venue,1010,False,Midwest,2024-10-02,2024-11-01,Closed Lost,0,60254.83,True,False,False,Timing - Not Ready,In-house Build,False,30.0,FY2024-Q4
100720,5435,Spencer-Garcia,Pre-IPO / Private,Venue,1019,True,Texas/Central,2025-04-10,2025-05-22,Closed Lost,0,48558.51,True,False,False,Price,In-house Build,False,42.0,FY2025-Q2
100721,5184,Stewart Ltd,Large Cap Public,Venue,1010,False,West,2025-01-15,2025-01-25,Closed Lost,0,61886.7,True,False,False,Price,Toppan Merrill,False,10.0,FY2025-Q1
100722,5075,"Tran, Jordan and Williams",Mid Cap Public,Venue,1008,False,Northeast,2025-08-11,2025-09-06,Closed Won,100,96171.14,True,True,False,,,False,26.0,FY2025-Q3
100723,5031,Gomez-Jenkins,Large Cap Public,Venue,1009,False,Midwest,2025-04-17,2025-06-03,Closed Lost,0,11669.75,True,False,False,Price,Intralinks,False,47.0,FY2025-Q2
100724,5316,"Harper, Smith and Buchanan",Pre-IPO / Private,Venue,1009,False,Midwest,2025-09-27,2025-11-20,Closed Lost,0,43712.94,True,False,False,No Decision / Stalled,Intralinks,False,54.0,FY2025-Q4
100725,5411,King-York,Investment Bank,Venue,1006,False,Midwest,2025-08-28,2025-10-13,Closed Won,100,8000.0,True,True,False,,,False,46.0,FY2025-Q4
100726,5220,Johnston-Hines,Large Cap Public,Venue,1010,False,West,2025-10-29,2025-12-13,Closed Lost,0,18576.68,True,False,False,Price,In-house Build,False,45.0,FY2025-Q4
100727,5077,Nolan and Sons,Mid Cap Public,Venue,1008,False,West,2025-07-19,2025-09-01,Closed Lost,0,51647.53,True,False,False,Timing - Not Ready,Donnelley Legacy/Manual Process,False,44.0,FY2025-Q3
100728,5360,Bennett Group,Private Equity,Venue,1007,False,Mid-Atlantic,2026-02-01,2026-03-29,Closed Won,100,97315.87,True,True,False,,,False,56.0,FY2026-Q1
100729,5172,"Barnett, Rogers and Snyder",Investment Bank,Venue,1008,False,Midwest,2025-05-05,2025-06-04,Closed Lost,0,52662.78,True,False,False,Feature Gap,Donnelley Legacy/Manual Process,False,30.0,FY2025-Q2
100730,5112,Hernandez Inc,Large Cap Public,Venue,1011,False,Northeast,2024-12-04,2024-12-27,Closed Lost,0,8000.0,True,False,False,Feature Gap,Toppan Merrill,False,23.0,FY2024-Q4
100731,5449,"Bentley, Lynch and Henderson",Mid Cap Public,Venue,1011,False,West,2025-08-31,2025-10-14,Closed Won,100,80998.58,True,True,False,,,False,44.0,FY2025-Q4
100732,5188,Perez-White,Large Cap Public,Venue,1008,False,Texas/Central,2024-09-06,2024-09-26,Closed Lost,0,88822.89,True,False,False,Timing - Not Ready,Donnelley Legacy/Manual Process,False,20.0,FY2024-Q3
100733,5176,Miller Ltd,Large Cap Public,Venue,1008,False,Northeast,2026-06-10,2026-07-09,Proposal,60,41392.76,False,,False,,,False,,FY2026-Q3
100734,5114,Gibson Ltd,Private Equity,Venue,1008,False,Mid-Atlantic,2025-03-22,2025-04-13,Closed Lost,0,8000.0,True,False,False,Feature Gap,Intralinks,False,22.0,FY2025-Q2
100735,5066,Campbell-Clark,Mid Cap Public,Venue,1011,False,Mid-Atlantic,2024-12-14,2025-01-22,Closed Lost,0,46706.42,True,False,False,No Decision / Stalled,Workiva,False,39.0,FY2025-Q1
100736,5296,"Diaz, Gibbs and Smith",Large Cap Public,Venue,1011,False,Midwest,2024-09-16,2024-10-26,Closed Won,100,26718.15,True,True,False,,,False,40.0,FY2024-Q4
100737,5210,"Guerrero, Peck and Coleman",Large Cap Public,Venue,1008,False,Northeast,2026-01-07,2026-02-19,Closed Lost,0,36035.27,True,False,False,Feature Gap,Ideagen/Q4,False,43.0,FY2026-Q1
100738,5261,"James, Stewart and Higgins",Investment Bank,Venue,1010,False,Midwest,2026-06-04,2026-07-04,Negotiation,80,71129.24,False,,False,,,False,,FY2026-Q3
100739,5154,Jackson-Lawson,Pre-IPO / Private,Venue,1009,False,West,2024-07-13,2024-08-22,Closed Lost,0,79176.42,True,False,False,Lost to Competitor,Workiva,False,40.0,FY2024-Q3
100740,5106,Mitchell-Jordan,Investment Bank,Venue,1010,False,Texas/Central,2025-01-08,2025-02-22,Closed Lost,0,39348.54,True,False,False,Timing - Not Ready,Ideagen/Q4,False,45.0,FY2025-Q1
100741,5163,"Wood, Hunter and Peterson",Large Cap Public,Venue,1006,False,Mid-Atlantic,2026-01-15,2026-02-15,Closed Lost,0,74001.65,True,False,False,Price,Workiva,False,31.0,FY2026-Q1
100742,5397,"Brown, Romero and Collins",Large Cap Public,Venue,1007,False,Northeast,2025-05-15,2025-06-28,Closed Lost,0,19138.18,True,False,False,Timing - Not Ready,In-house Build,False,44.0,FY2025-Q2
100743,5339,Gutierrez Group,Mid Cap Public,Venue,1008,False,West,2025-06-15,2025-07-20,Closed Won,100,53952.44,True,True,False,,,False,35.0,FY2025-Q3
100744,5340,Perry-Davis,Large Cap Public,Venue,1011,False,Mid-Atlantic,2025-02-12,2025-04-03,Closed Won,100,8000.0,True,True,False,,,False,50.0,FY2025-Q2
100745,5441,Hughes Inc,Mid Cap Public,Venue,1007,False,Texas/Central,2025-05-10,2025-05-25,Closed Lost,0,60667.08,True,False,False,Budget Cut,Toppan Merrill,False,15.0,FY2025-Q2
100746,5215,Lyons-Bender,Investment Bank,Venue,1009,False,Southeast,2024-09-17,2024-10-17,Closed Lost,0,51717.77,True,False,False,Price,Intralinks,False,30.0,FY2024-Q4
100747,5295,"Ramsey, Whitney and Coffey",Pre-IPO / Private,Venue,1019,True,Mid-Atlantic,2025-10-23,2025-11-27,Closed Won,100,91459.73,True,True,False,,,False,35.0,FY2025-Q4
100748,5185,"Tapia, Vaughn and Lee",Private Equity,Venue,1006,False,Texas/Central,2026-05-14,2026-05-30,Closed Lost,0,70770.78,True,False,False,Timing - Not Ready,Intralinks,False,16.0,FY2026-Q2
100749,5160,Garcia LLC,Private Equity,Venue,1008,False,Southeast,2025-01-20,2025-02-25,Closed Won,100,108860.08,True,True,False,,,False,36.0,FY2025-Q1
100750,5077,Nolan and Sons,Mid Cap Public,Venue,1010,False,West,2025-06-21,2025-07-17,Closed Lost,0,109207.24,True,False,False,Timing - Not Ready,Intralinks,False,26.0,FY2025-Q3
100751,5159,Vargas Ltd,Large Cap Public,Venue,1006,False,Midwest,2024-10-09,2024-11-27,Closed Lost,0,31773.01,True,False,False,Feature Gap,Intralinks,False,49.0,FY2024-Q4
100752,5407,Cox LLC,Investment Bank,Venue,1011,False,West,2026-01-01,2026-01-20,Closed Won,100,67192.37,True,True,False,,,False,19.0,FY2026-Q1
100753,5040,Russell Group,Investment Bank,Venue,1010,False,Midwest,2025-10-29,2025-11-22,Closed Won,100,73183.57,True,True,False,,,False,24.0,FY2025-Q4
100754,5278,Castaneda-Rodriguez,Large Cap Public,Venue,1009,False,West,2025-01-01,2025-01-23,Closed Lost,0,46097.58,True,False,False,Timing - Not Ready,Intralinks,False,22.0,FY2025-Q1
100755,5190,Williams-Brown,Large Cap Public,Venue,1008,False,Texas/Central,2024-10-23,2024-11-02,Closed Won,100,73765.88,True,True,False,,,False,10.0,FY2024-Q4
100756,5037,Morton-Chase,Mid Cap Public,Venue,1011,False,Texas/Central,2025-12-14,2026-01-09,Closed Won,100,8000.0,True,True,False,,,False,26.0,FY2026-Q1
100757,5087,Walker Ltd,Large Cap Public,Venue,1006,False,Northeast,2024-09-22,2024-10-16,Closed Won,100,8000.0,True,True,False,,,False,24.0,FY2024-Q4
100758,5156,Rodriguez-Johnson,Large Cap Public,Venue,1009,False,Midwest,2026-06-03,2026-06-19,Closed Won,100,25676.95,True,True,False,,,False,16.0,FY2026-Q2
100759,5223,"Graham, Olsen and Costa",Private Equity,Venue,1006,False,West,2025-09-11,2025-10-30,Closed Lost,0,47746.89,True,False,False,Budget Cut,Toppan Merrill,False,49.0,FY2025-Q4
100760,5406,"Kim, Gonzales and Mills",Investment Bank,Venue,1011,False,Southeast,2024-12-30,2025-02-26,Closed Won,100,68166.75,True,True,False,,,False,58.0,FY2025-Q1
100761,5307,"Avery, Horton and Fernandez",Private Equity,Venue,1009,False,Mid-Atlantic,2024-09-25,2024-10-25,Closed Won,100,46462.97,True,True,False,,,False,30.0,FY2024-Q4
100762,5402,"Huang, Cole and Pacheco",Large Cap Public,Venue,1007,False,Southeast,2024-10-12,2024-11-05,Closed Won,100,60625.44,True,True,False,,,False,24.0,FY2024-Q4
100763,5282,"Beltran, Lozano and Mcgee",Large Cap Public,Venue,1009,False,West,2025-06-11,2025-07-15,Closed Won,100,56367.23,True,True,False,,,False,34.0,FY2025-Q3
100764,5432,Strickland-Shaw,Investment Bank,Venue,1010,False,Midwest,2025-11-23,2025-12-10,Closed Lost,0,43289.77,True,False,False,Feature Gap,Donnelley Legacy/Manual Process,False,17.0,FY2025-Q4
100765,5121,"Schmidt, Hansen and Stewart",Large Cap Public,Venue,1009,False,Southeast,2025-10-30,2025-12-18,Closed Lost,0,25009.74,True,False,False,Timing - Not Ready,Datasite,False,49.0,FY2025-Q4
100766,5151,Howell and Sons,Investment Bank,Venue,1008,False,West,2025-10-08,2025-11-25,Closed Lost,0,37500.77,True,False,False,Lost to Competitor,Toppan Merrill,False,48.0,FY2025-Q4
100767,5066,Campbell-Clark,Mid Cap Public,Venue,1018,True,Mid-Atlantic,2024-07-30,2024-09-06,Closed Lost,0,35812.07,True,False,False,Price,Intralinks,False,38.0,FY2024-Q3
100768,5363,Ware and Sons,Mid Cap Public,Venue,1006,False,Midwest,2024-12-03,2024-12-23,Closed Lost,0,59906.03,True,False,False,Timing - Not Ready,Ideagen/Q4,False,20.0,FY2024-Q4
100769,5074,"Mckee, Gardner and Davenport",Investment Bank,Venue,1011,False,Northeast,2025-10-20,2025-12-10,Closed Lost,0,50203.17,True,False,False,Timing - Not Ready,Datasite,False,51.0,FY2025-Q4
100770,5297,"Martinez, Richardson and Curry",Mid Cap Public,Venue,1006,False,Southeast,2026-01-04,2026-01-28,Closed Lost,0,19932.34,True,False,False,Price,Donnelley Legacy/Manual Process,False,24.0,FY2026-Q1
100771,5010,Harrell LLC,Pre-IPO / Private,Venue,1009,False,West,2025-05-18,2025-06-28,Closed Lost,0,24273.21,True,False,False,Price,Intralinks,False,41.0,FY2025-Q2
100772,5432,Strickland-Shaw,Investment Bank,Venue,1008,False,Midwest,2026-05-06,2026-05-16,Closed Lost,0,35473.99,True,False,False,Lost to Competitor,Donnelley Legacy/Manual Process,False,10.0,FY2026-Q2
100773,5141,Hooper PLC,Pre-IPO / Private,Venue,1006,False,Midwest,2024-11-14,2025-01-01,Closed Lost,0,8000.0,True,False,False,Budget Cut,Toppan Merrill,False,48.0,FY2025-Q1
100774,5197,Hernandez PLC,Private Equity,Venue,1007,False,Midwest,2025-10-30,2025-11-18,Closed Lost,0,8000.0,True,False,False,Budget Cut,Datasite,False,19.0,FY2025-Q4
100775,5035,"West, Henderson and Ramirez",Investment Bank,Venue,1010,False,Texas/Central,2026-02-25,2026-03-07,Closed Lost,0,21270.8,True,False,False,No Decision / Stalled,Datasite,False,10.0,FY2026-Q1
100776,5030,Lee-Davis,Large Cap Public,Venue,1010,False,Mid-Atlantic,2025-06-22,2025-08-01,Closed Won,100,91332.15,True,True,False,,,False,40.0,FY2025-Q3
100777,5098,"Mcdaniel, Bentley and Mclaughlin",Private Equity,Venue,1009,False,Northeast,2025-06-14,2025-07-10,Closed Won,100,8000.0,True,True,False,,,False,26.0,FY2025-Q3
100778,5194,Sheppard LLC,Mid Cap Public,Venue,1007,False,Mid-Atlantic,2026-05-08,2026-06-20,Closed Lost,0,68907.36,True,False,False,Timing - Not Ready,Workiva,False,43.0,FY2026-Q2
100779,5378,Berry-Mckinney,Investment Bank,Venue,1006,False,Texas/Central,2024-09-05,2024-10-06,Closed Won,100,24184.3,True,True,False,,,False,31.0,FY2024-Q4
100780,5457,Jones-Fox,Pre-IPO / Private,Venue,1009,False,Texas/Central,2026-01-02,2026-02-10,Closed Lost,0,8000.0,True,False,False,Budget Cut,In-house Build,False,39.0,FY2026-Q1
100781,5125,Green-Wright,Mid Cap Public,Venue,1011,False,Midwest,2025-09-04,2025-10-20,Closed Lost,0,60971.19,True,False,False,Price,Datasite,False,46.0,FY2025-Q4
100782,5313,"Winters, Newman and Brown",Private Equity,Venue,1010,False,Midwest,2026-02-04,2026-03-17,Closed Won,100,18291.84,True,True,False,,,False,41.0,FY2026-Q1
100783,5329,"Williams, Logan and Camacho",Large Cap Public,Venue,1007,False,Northeast,2024-10-10,2024-11-11,Closed Won,100,49925.4,True,True,False,,,False,32.0,FY2024-Q4
100784,5041,Hancock Inc,Mid Cap Public,Venue,1010,False,West,2026-05-14,2026-07-05,Negotiation,80,58962.34,False,,False,,,False,,FY2026-Q3
100785,5221,Ruiz Ltd,Large Cap Public,Venue,1006,False,Southeast,2025-01-22,2025-02-21,Closed Lost,0,52076.23,True,False,False,Timing - Not Ready,Intralinks,False,30.0,FY2025-Q1
100786,5070,Williams-Cook,Private Equity,Venue,1009,False,Texas/Central,2025-03-28,2025-05-02,Closed Lost,0,8000.0,True,False,False,Timing - Not Ready,Toppan Merrill,False,35.0,FY2025-Q2
100787,5132,Brown-Wall,Pre-IPO / Private,Venue,1019,True,Northeast,2026-02-12,2026-03-15,Closed Won,100,48785.77,True,True,False,,,False,31.0,FY2026-Q1
100788,5329,"Williams, Logan and Camacho",Large Cap Public,Venue,1006,False,Northeast,2025-01-30,2025-03-06,Closed Lost,0,63118.21,True,False,False,No Decision / Stalled,In-house Build,False,35.0,FY2025-Q1
100789,5340,Perry-Davis,Large Cap Public,Venue,1008,False,Mid-Atlantic,2025-09-16,2025-10-06,Closed Won,100,52060.57,True,True,False,,,False,20.0,FY2025-Q4
100790,5360,Bennett Group,Private Equity,Venue,1010,False,Mid-Atlantic,2025-10-07,2025-11-05,Closed Won,100,76875.98,True,True,False,,,False,29.0,FY2025-Q4
100791,5019,"Martin, Rose and Obrien",Mid Cap Public,Venue,1007,False,Northeast,2025-01-07,2025-02-21,Closed Lost,0,55538.81,True,False,False,Feature Gap,Donnelley Legacy/Manual Process,False,45.0,FY2025-Q1
100792,5064,"Garcia, Humphrey and Baker",Large Cap Public,Venue,1011,False,Texas/Central,2025-09-17,2025-10-19,Closed Lost,0,47624.43,True,False,False,Timing - Not Ready,Intralinks,False,32.0,FY2025-Q4
100793,5257,Bowen Group,Investment Bank,Venue,1007,False,Mid-Atlantic,2025-10-16,2025-11-28,Closed Lost,0,28119.01,True,False,False,No Decision / Stalled,Ideagen/Q4,False,43.0,FY2025-Q4
100794,5382,Kim Inc,Mid Cap Public,Venue,1006,False,Midwest,2025-08-24,2025-09-27,Closed Lost,0,75018.9,True,False,False,Budget Cut,Datasite,False,34.0,FY2025-Q3
100795,5317,Zhang PLC,Investment Bank,Venue,1007,False,Midwest,2026-04-22,2026-06-18,Closed Won,100,24761.57,True,True,False,,,False,57.0,FY2026-Q2
100796,5458,"Hartman, Romero and Smith",Investment Bank,Venue,1008,False,Midwest,2024-11-30,2025-01-14,Closed Lost,0,8000.0,True,False,False,Timing - Not Ready,Donnelley Legacy/Manual Process,False,45.0,FY2025-Q1
100797,5027,Jones-Young,Investment Bank,Venue,1007,False,Southeast,2025-01-22,2025-03-01,Closed Won,100,70323.59,True,True,False,,,False,38.0,FY2025-Q1
100798,5427,Diaz-Ball,Private Equity,Venue,1011,False,Midwest,2026-05-05,2026-06-07,Closed Lost,0,40271.96,True,False,False,Feature Gap,Donnelley Legacy/Manual Process,False,33.0,FY2026-Q2
100799,5442,Walker-Flores,Investment Bank,Venue,1008,False,Northeast,2024-09-23,2024-10-29,Closed Lost,0,47158.16,True,False,False,Budget Cut,Datasite,False,36.0,FY2024-Q4
100800,5021,"Harris, Collins and Carney",Pre-IPO / Private,Venue,1009,False,Mid-Atlantic,2026-05-04,2026-05-29,Closed Lost,0,83127.41,True,False,False,Feature Gap,Ideagen/Q4,False,25.0,FY2026-Q2
100801,5057,Smith PLC,Mid Cap Public,Venue,1020,True,Mid-Atlantic,2025-02-26,2025-03-28,Closed Lost,0,103966.82,True,False,False,Price,In-house Build,False,30.0,FY2025-Q1
100802,5252,Garner-Thornton,Investment Bank,Venue,1007,False,Mid-Atlantic,2025-12-19,2026-01-14,Closed Lost,0,41553.45,True,False,False,No Decision / Stalled,Datasite,False,26.0,FY2026-Q1
100803,5081,Johnson-Doyle,Pre-IPO / Private,Venue,1007,False,Northeast,2025-02-26,2025-03-20,Closed Won,100,45379.3,True,True,False,,,False,22.0,FY2025-Q1
100804,5163,"Wood, Hunter and Peterson",Large Cap Public,Venue,1009,False,Mid-Atlantic,2025-02-04,2025-02-26,Closed Won,100,38383.46,True,True,False,,,False,22.0,FY2025-Q1
100805,5256,Garcia-Lozano,Investment Bank,Venue,1010,False,Mid-Atlantic,2026-02-23,2026-03-21,Closed Won,100,46204.66,True,True,False,,,False,26.0,FY2026-Q1
100806,5122,Salazar-Ball,Private Equity,Venue,1009,False,West,2025-05-20,2025-06-12,Closed Lost,0,23516.26,True,False,False,No Decision / Stalled,Ideagen/Q4,False,23.0,FY2025-Q2
100807,5302,Reid Group,Pre-IPO / Private,Venue,1006,False,Midwest,2026-03-12,2026-04-11,Closed Lost,0,24103.75,True,False,False,Feature Gap,Intralinks,False,30.0,FY2026-Q2
100808,5212,Jones and Sons,Large Cap Public,Venue,1011,False,Southeast,2026-01-16,2026-02-13,Closed Lost,0,8000.0,True,False,False,No Decision / Stalled,Ideagen/Q4,False,28.0,FY2026-Q1
100809,5396,Welch-Hogan,Investment Bank,Venue,1009,False,Texas/Central,2025-09-26,2025-10-10,Closed Lost,0,26791.24,True,False,False,No Decision / Stalled,Datasite,False,14.0,FY2025-Q4
100810,5359,Davis PLC,Mid Cap Public,Venue,1007,False,Southeast,2025-02-26,2025-03-22,Closed Lost,0,30567.88,True,False,False,Feature Gap,Datasite,False,24.0,FY2025-Q1
100811,5210,"Guerrero, Peck and Coleman",Large Cap Public,Venue,1019,True,Northeast,2024-08-03,2024-09-14,Closed Won,100,8000.0,True,True,False,,,False,42.0,FY2024-Q3
100812,5181,"Wood, Tran and Cooper",Private Equity,Venue,1006,False,Northeast,2025-06-05,2025-06-26,Closed Lost,0,9526.11,True,False,False,Feature Gap,Datasite,False,21.0,FY2025-Q2
100813,5098,"Mcdaniel, Bentley and Mclaughlin",Private Equity,Venue,1010,False,Northeast,2024-09-05,2024-09-26,Closed Lost,0,15536.61,True,False,False,Timing - Not Ready,Toppan Merrill,False,21.0,FY2024-Q3
100814,5307,"Avery, Horton and Fernandez",Private Equity,Venue,1006,False,Mid-Atlantic,2025-10-07,2025-10-25,Closed Lost,0,67760.02,True,False,False,Lost to Competitor,Toppan Merrill,False,18.0,FY2025-Q4
100815,5398,Johnson-Wood,Private Equity,Venue,1011,False,Mid-Atlantic,2026-04-17,2026-06-01,Closed Won,100,109381.32,True,True,False,,,False,45.0,FY2026-Q2
100816,5332,Henry Group,Large Cap Public,Venue,1018,True,West,2024-09-22,2024-11-10,Closed Lost,0,30032.35,True,False,False,Feature Gap,Ideagen/Q4,False,49.0,FY2024-Q4
100817,5333,Lam LLC,Investment Bank,Venue,1008,False,Southeast,2026-02-28,2026-04-01,Closed Lost,0,43709.54,True,False,False,Feature Gap,Intralinks,False,32.0,FY2026-Q2
100818,5339,Gutierrez Group,Mid Cap Public,Venue,1007,False,West,2025-05-31,2025-06-28,Closed Won,100,8000.0,True,True,False,,,False,28.0,FY2025-Q2
100819,5130,Mccarthy Inc,Large Cap Public,Venue,1009,False,West,2025-01-02,2025-02-03,Closed Lost,0,55518.79,True,False,False,Timing - Not Ready,Intralinks,False,32.0,FY2025-Q1
100820,5049,Yu Inc,Large Cap Public,Venue,1009,False,Texas/Central,2025-02-19,2025-03-02,Closed Won,100,30921.85,True,True,False,,,False,11.0,FY2025-Q1
100821,5110,"Harvey, Davis and Crane",Private Equity,Venue,1010,False,Texas/Central,2024-12-19,2025-02-03,Closed Won,100,95502.37,True,True,False,,,False,46.0,FY2025-Q1
100822,5144,White-Green,Pre-IPO / Private,Venue,1006,False,West,2025-07-11,2025-08-08,Closed Lost,0,64902.7,True,False,False,Budget Cut,Ideagen/Q4,False,28.0,FY2025-Q3
100823,5062,"Turner, Riggs and Roman",Pre-IPO / Private,Venue,1007,False,Mid-Atlantic,2026-05-20,2026-06-29,Closed Lost,0,8000.0,True,False,False,Lost to Competitor,Ideagen/Q4,False,40.0,FY2026-Q2
100824,5463,Anderson-Bell,Pre-IPO / Private,Venue,1007,False,Mid-Atlantic,2025-03-29,2025-05-04,Closed Lost,0,38662.61,True,False,False,Lost to Competitor,In-house Build,False,36.0,FY2025-Q2
100825,5432,Strickland-Shaw,Investment Bank,Venue,1009,False,Midwest,2025-01-09,2025-02-10,Closed Lost,0,51422.9,True,False,False,Price,Datasite,False,32.0,FY2025-Q1
100826,5112,Hernandez Inc,Large Cap Public,Venue,1007,False,Northeast,2025-02-26,2025-04-13,Closed Won,100,45194.97,True,True,False,,,False,46.0,FY2025-Q2
100827,5432,Strickland-Shaw,Investment Bank,Venue,1009,False,Midwest,2025-05-27,2025-06-23,Closed Lost,0,8000.0,True,False,False,Feature Gap,Donnelley Legacy/Manual Process,False,27.0,FY2025-Q2
100828,5093,Johnson-Carlson,Pre-IPO / Private,Venue,1018,True,Northeast,2026-03-03,2026-04-06,Closed Won,100,78086.71,True,True,False,,,False,34.0,FY2026-Q2
100829,5407,Cox LLC,Investment Bank,Venue,1010,False,West,2025-10-25,2025-12-23,Closed Lost,0,30171.8,True,False,False,Timing - Not Ready,Toppan Merrill,False,59.0,FY2025-Q4
100830,5139,Johnson-Rogers,Pre-IPO / Private,Venue,1008,False,Northeast,2024-07-05,2024-08-14,Closed Lost,0,49928.83,True,False,False,Feature Gap,Datasite,False,40.0,FY2024-Q3
100831,5127,Hill Inc,Pre-IPO / Private,Venue,1018,True,Southeast,2026-01-23,2026-03-04,Closed Won,100,39608.57,True,True,False,,,False,40.0,FY2026-Q1
100832,5228,Cordova Group,Pre-IPO / Private,Venue,1008,False,Mid-Atlantic,2025-10-22,2025-11-21,Closed Lost,0,8000.0,True,False,False,Budget Cut,Intralinks,False,30.0,FY2025-Q4
100833,5217,Navarro-Munoz,Large Cap Public,Venue,1007,False,Northeast,2024-10-27,2024-12-14,Closed Lost,0,10050.14,True,False,False,No Decision / Stalled,Toppan Merrill,False,48.0,FY2024-Q4
100834,5399,Jones-Lin,Mid Cap Public,Venue,1008,False,Midwest,2025-09-13,2025-09-28,Closed Lost,0,60156.68,True,False,False,No Decision / Stalled,In-house Build,False,15.0,FY2025-Q3
100835,5438,Davis-Lozano,Investment Bank,Venue,1008,False,West,2025-09-19,2025-10-16,Closed Lost,0,50379.08,True,False,False,Budget Cut,Ideagen/Q4,False,27.0,FY2025-Q4
100836,5312,Garcia-Jennings,Mid Cap Public,Venue,1011,False,Midwest,2026-01-20,2026-03-05,Closed Lost,0,22106.81,True,False,False,Budget Cut,Workiva,False,44.0,FY2026-Q1
100837,5300,Harvey PLC,Pre-IPO / Private,Venue,1009,False,Mid-Atlantic,2024-11-29,2025-01-06,Closed Won,100,37149.85,True,True,False,,,False,38.0,FY2025-Q1
100838,5098,"Mcdaniel, Bentley and Mclaughlin",Private Equity,Venue,1009,False,Northeast,2025-10-21,2025-12-19,Closed Won,100,23032.36,True,True,False,,,False,59.0,FY2025-Q4
100839,5125,Green-Wright,Mid Cap Public,Venue,1009,False,Midwest,2026-01-25,2026-02-24,Closed Won,100,21949.74,True,True,False,,,False,30.0,FY2026-Q1
100840,5009,"Baker, Mason and White",Investment Bank,Venue,1008,False,Northeast,2024-11-03,2024-12-26,Closed Won,100,38652.1,True,True,False,,,False,53.0,FY2024-Q4
100841,5179,Davis and Sons,Investment Bank,Venue,1010,False,Midwest,2026-01-27,2026-02-20,Closed Won,100,33277.21,True,True,False,,,False,24.0,FY2026-Q1
100842,5380,Jackson-Meza,Pre-IPO / Private,Venue,1009,False,Southeast,2024-09-16,2024-10-19,Closed Lost,0,107287.12,True,False,False,No Decision / Stalled,Workiva,False,33.0,FY2024-Q4
100843,5426,"Lamb, Martin and Kim",Large Cap Public,Venue,1006,False,Mid-Atlantic,2026-05-28,2026-06-29,Closed Won,100,73613.87,True,True,False,,,False,32.0,FY2026-Q2
100844,5070,Williams-Cook,Private Equity,Venue,1007,False,Texas/Central,2024-10-16,2024-11-27,Closed Won,100,46717.66,True,True,False,,,False,42.0,FY2024-Q4
100845,5297,"Martinez, Richardson and Curry",Mid Cap Public,Venue,1009,False,Southeast,2026-06-24,2026-07-26,Prospecting,10,8000.0,False,,False,,,False,,FY2026-Q3
100846,5315,Davis-Lewis,Investment Bank,Venue,1008,False,Texas/Central,2026-02-28,2026-04-08,Closed Lost,0,64284.45,True,False,False,Feature Gap,In-house Build,False,39.0,FY2026-Q2
100847,5346,"Hoffman, Santiago and Jenkins",Private Equity,Venue,1011,False,West,2025-05-28,2025-07-13,Closed Lost,0,8000.0,True,False,False,Timing - Not Ready,Intralinks,False,46.0,FY2025-Q3
100848,5184,Stewart Ltd,Large Cap Public,Venue,1018,True,West,2025-04-15,2025-05-31,Closed Lost,0,8272.08,True,False,False,Timing - Not Ready,Donnelley Legacy/Manual Process,False,46.0,FY2025-Q2
100849,5197,Hernandez PLC,Private Equity,Venue,1009,False,Midwest,2025-08-12,2025-09-15,Closed Won,100,111733.47,True,True,False,,,False,34.0,FY2025-Q3
100850,5325,"Morris, Thompson and Williams",Large Cap Public,Venue,1011,False,Mid-Atlantic,2025-08-16,2025-09-16,Closed Won,100,41016.83,True,True,False,,,False,31.0,FY2025-Q3
100851,5111,Chambers and Sons,Large Cap Public,Venue,1010,False,Texas/Central,2025-05-13,2025-05-29,Closed Won,100,71039.0,True,True,False,,,False,16.0,FY2025-Q2
100852,5067,Harris-Walters,Investment Bank,Venue,1006,False,West,2026-01-27,2026-03-14,Closed Lost,0,39558.68,True,False,False,No Decision / Stalled,In-house Build,False,46.0,FY2026-Q1
100853,5422,"Wise, Conley and Stephenson",Investment Bank,Venue,1006,False,Northeast,2025-09-17,2025-10-21,Closed Won,100,54763.18,True,True,False,,,False,34.0,FY2025-Q4
100854,5188,Perez-White,Large Cap Public,Venue,1011,False,Texas/Central,2025-10-17,2025-11-21,Closed Lost,0,8000.0,True,False,False,Lost to Competitor,Donnelley Legacy/Manual Process,False,35.0,FY2025-Q4
100855,5362,Frank-Bradley,Mid Cap Public,Venue,1009,False,Northeast,2024-09-23,2024-10-22,Closed Won,100,20358.8,True,True,False,,,False,29.0,FY2024-Q4
100856,5292,Coffey-Phillips,Private Equity,Venue,1007,False,West,2025-05-03,2025-05-26,Closed Lost,0,27569.82,True,False,False,No Decision / Stalled,Ideagen/Q4,False,23.0,FY2025-Q2
100857,5059,Anderson-Bailey,Private Equity,Venue,1006,False,Northeast,2026-02-02,2026-03-25,Closed Lost,0,60260.01,True,False,False,Timing - Not Ready,Workiva,False,51.0,FY2026-Q1
100858,5408,Ortiz-Morgan,Investment Bank,Venue,1009,False,Mid-Atlantic,2025-09-08,2025-10-26,Closed Lost,0,80340.24,True,False,False,Timing - Not Ready,Ideagen/Q4,False,48.0,FY2025-Q4
100859,5289,Burgess-Thompson,Investment Bank,Venue,1006,False,Texas/Central,2025-06-28,2025-07-26,Closed Lost,0,57160.73,True,False,False,Price,Workiva,False,28.0,FY2025-Q3
100860,5477,Morrison-Short,Mid Cap Public,Venue,1011,False,Texas/Central,2025-08-06,2025-09-05,Closed Won,100,38950.32,True,True,False,,,False,30.0,FY2025-Q3
100861,5375,Jones-Hensley,Large Cap Public,Venue,1009,False,Mid-Atlantic,2025-10-08,2025-11-24,Closed Lost,0,8000.0,True,False,False,No Decision / Stalled,Datasite,False,47.0,FY2025-Q4
100862,5390,Morrison Ltd,Private Equity,Venue,1006,False,Southeast,2025-01-07,2025-02-12,Closed Lost,0,46693.06,True,False,False,Timing - Not Ready,Datasite,False,36.0,FY2025-Q1
100863,5448,Scott and Sons,Pre-IPO / Private,Venue,1006,False,Southeast,2024-10-16,2024-11-23,Closed Won,100,8000.0,True,True,False,,,False,38.0,FY2024-Q4
100864,5120,Bryant Group,Private Equity,Venue,1011,False,Northeast,2024-07-13,2024-09-04,Closed Won,100,32844.77,True,True,False,,,False,53.0,FY2024-Q3
100865,5392,Marshall-Elliott,Pre-IPO / Private,Venue,1010,False,West,2025-05-06,2025-06-11,Closed Won,100,65548.17,True,True,False,,,False,36.0,FY2025-Q2
100866,5166,"Hernandez, Thompson and Boyd",Mid Cap Public,Venue,1008,False,Midwest,2026-06-06,2026-06-30,Closed Won,100,53739.05,True,True,False,,,False,24.0,FY2026-Q2
100867,5105,"Carroll, Sullivan and Bass",Pre-IPO / Private,Venue,1011,False,Southeast,2024-10-22,2024-11-21,Closed Lost,0,67338.84,True,False,False,Price,Intralinks,False,30.0,FY2024-Q4
100868,5429,Young-Allen,Private Equity,Venue,1011,False,Southeast,2026-04-25,2026-05-23,Closed Lost,0,56335.88,True,False,False,Timing - Not Ready,Intralinks,False,28.0,FY2026-Q2
100869,5019,"Martin, Rose and Obrien",Mid Cap Public,Venue,1007,False,Northeast,2025-05-04,2025-06-17,Closed Lost,0,8000.0,True,False,False,Price,Workiva,False,44.0,FY2025-Q2
100870,5078,"Wright, Garcia and Deleon",Large Cap Public,Venue,1009,False,Northeast,2025-09-28,2025-10-29,Closed Won,100,8000.0,True,True,False,,,False,31.0,FY2025-Q4
100871,5182,"Pierce, Bell and Chavez",Private Equity,Venue,1008,False,Mid-Atlantic,2026-02-19,2026-03-30,Closed Lost,0,64433.28,True,False,False,Budget Cut,Workiva,False,39.0,FY2026-Q1
100872,5305,Davis PLC,Mid Cap Public,Venue,1009,False,Northeast,2024-07-08,2024-08-15,Closed Lost,0,59687.15,True,False,False,Budget Cut,Toppan Merrill,False,38.0,FY2024-Q3
100873,5139,Johnson-Rogers,Pre-IPO / Private,Venue,1010,False,Northeast,2025-04-23,2025-06-19,Closed Lost,0,8000.0,True,False,False,Timing - Not Ready,Toppan Merrill,False,57.0,FY2025-Q2
100874,5307,"Avery, Horton and Fernandez",Private Equity,Venue,1010,False,Mid-Atlantic,2025-02-22,2025-04-08,Closed Won,100,78791.39,True,True,False,,,False,45.0,FY2025-Q2
100875,5471,Kelly-Norman,Private Equity,Venue,1008,False,Texas/Central,2025-05-19,2025-06-29,Closed Lost,0,45090.82,True,False,False,Budget Cut,Donnelley Legacy/Manual Process,False,41.0,FY2025-Q2
100876,5220,Johnston-Hines,Large Cap Public,Venue,1006,False,West,2026-04-22,2026-06-13,Closed Won,100,8000.0,True,True,False,,,False,52.0,FY2026-Q2
100877,5127,Hill Inc,Pre-IPO / Private,Venue,1007,False,Southeast,2025-10-23,2025-11-20,Closed Lost,0,33197.36,True,False,False,Timing - Not Ready,Toppan Merrill,False,28.0,FY2025-Q4
100878,5125,Green-Wright,Mid Cap Public,Venue,1008,False,Midwest,2026-05-03,2026-06-24,Closed Lost,0,85108.62,True,False,False,Budget Cut,Donnelley Legacy/Manual Process,False,52.0,FY2026-Q2
100879,5307,"Avery, Horton and Fernandez",Private Equity,Venue,1007,False,Mid-Atlantic,2025-10-26,2025-12-02,Closed Lost,0,30239.54,True,False,False,No Decision / Stalled,Toppan Merrill,False,37.0,FY2025-Q4
100880,5012,Ryan PLC,Private Equity,Venue,1007,False,Northeast,2024-09-26,2024-11-12,Closed Won,100,92829.56,True,True,False,,,False,47.0,FY2024-Q4
100881,5086,Torres-Pope,Investment Bank,Venue,1006,False,Southeast,2025-11-17,2025-12-19,Closed Lost,0,24271.3,True,False,False,No Decision / Stalled,Datasite,False,32.0,FY2025-Q4
100882,5074,"Mckee, Gardner and Davenport",Investment Bank,Venue,1010,False,Northeast,2026-05-24,2026-06-30,Closed Won,100,26508.54,True,True,False,,,False,37.0,FY2026-Q2
100883,5342,Mcdaniel Group,Private Equity,Venue,1006,False,West,2024-10-24,2024-11-21,Closed Lost,0,60399.82,True,False,False,Budget Cut,Datasite,False,28.0,FY2024-Q4
100884,5067,Harris-Walters,Investment Bank,Venue,1010,False,West,2025-06-28,2025-08-09,Closed Won,100,67793.03,True,True,False,,,False,42.0,FY2025-Q3
100885,5166,"Hernandez, Thompson and Boyd",Mid Cap Public,Venue,1010,False,Midwest,2026-06-06,2026-06-16,Closed Lost,0,61316.99,True,False,False,Feature Gap,Workiva,False,10.0,FY2026-Q2
100886,5096,Scott Ltd,Mid Cap Public,Venue,1006,False,Midwest,2025-10-11,2025-10-26,Closed Lost,0,8000.0,True,False,False,Timing - Not Ready,In-house Build,False,15.0,FY2025-Q4
100887,5419,Bean LLC,Investment Bank,Venue,1006,False,Midwest,2026-01-26,2026-03-03,Closed Won,100,91509.65,True,True,False,,,False,36.0,FY2026-Q1
100888,5318,Jones PLC,Pre-IPO / Private,Venue,1007,False,Mid-Atlantic,2025-01-26,2025-02-21,Closed Lost,0,11081.98,True,False,False,Feature Gap,Donnelley Legacy/Manual Process,False,26.0,FY2025-Q1
100889,5454,"Andrews, Higgins and Carter",Mid Cap Public,Venue,1008,False,Southeast,2024-10-09,2024-11-11,Closed Won,100,71283.78,True,True,False,,,False,33.0,FY2024-Q4
100890,5409,"Williams, Mccoy and Cook",Private Equity,Venue,1006,False,Texas/Central,2025-09-22,2025-10-06,Closed Won,100,71546.25,True,True,False,,,False,14.0,FY2025-Q4
100891,5216,"Fernandez, Kim and George",Mid Cap Public,Venue,1007,False,Texas/Central,2025-06-14,2025-08-02,Closed Won,100,51280.86,True,True,False,,,False,49.0,FY2025-Q3
100892,5100,"Mccall, Hanson and Alvarado",Large Cap Public,Venue,1010,False,Northeast,2026-05-11,2026-07-01,Negotiation,80,70231.12,False,,False,,,False,,FY2026-Q3
100893,5350,Moore Group,Mid Cap Public,Venue,1010,False,Mid-Atlantic,2025-10-12,2025-11-23,Closed Lost,0,8000.0,True,False,False,No Decision / Stalled,Workiva,False,42.0,FY2025-Q4
100894,5157,Johnston-Odonnell,Large Cap Public,Venue,1009,False,Midwest,2024-09-24,2024-11-14,Closed Lost,0,47645.08,True,False,False,Lost to Competitor,Donnelley Legacy/Manual Process,False,51.0,FY2024-Q4
100895,5222,Moon-White,Investment Bank,Venue,1007,False,Texas/Central,2026-05-07,2026-06-03,Closed Lost,0,62050.62,True,False,False,Price,Toppan Merrill,False,27.0,FY2026-Q2
100896,5254,"Pollard, Simpson and Johnson",Private Equity,Venue,1008,False,West,2026-05-28,2026-07-01,Negotiation,80,25606.41,False,,False,,,True,,FY2026-Q3
100897,5243,"Suarez, Shields and Hill",Private Equity,Venue,1008,False,Southeast,2025-06-17,2025-07-13,Closed Lost,0,8000.0,True,False,False,Timing - Not Ready,Intralinks,False,26.0,FY2025-Q3
100898,5389,Thomas and Sons,Large Cap Public,Venue,1010,False,Texas/Central,2025-09-29,2025-11-07,Closed Lost,0,46188.22,True,False,False,Timing - Not Ready,Toppan Merrill,False,39.0,FY2025-Q4
100899,5084,"Rodriguez, Brennan and Garrison",Mid Cap Public,Venue,1011,False,Texas/Central,2026-06-14,2026-07-12,Needs Analysis,40,52410.5,False,,False,,,False,,FY2026-Q3
100900,5271,Harvey-Allen,Pre-IPO / Private,Venue,1020,True,Midwest,2025-05-04,2025-06-13,Closed Won,100,25072.46,True,True,False,,,False,40.0,FY2025-Q2
100901,5209,"Hall, Baker and Moody",Mid Cap Public,Venue,1006,False,Mid-Atlantic,2026-01-04,2026-02-02,Closed Lost,0,52171.54,True,False,False,No Decision / Stalled,In-house Build,False,29.0,FY2026-Q1
100902,5249,Gibson-Morris,Investment Bank,Venue,1010,False,Northeast,2026-04-11,2026-05-19,Closed Lost,0,45719.25,True,False,False,Lost to Competitor,Ideagen/Q4,False,38.0,FY2026-Q2
100903,5254,"Pollard, Simpson and Johnson",Private Equity,Venue,1006,False,West,2025-09-05,2025-11-02,Closed Lost,0,43492.27,True,False,False,No Decision / Stalled,Datasite,False,58.0,FY2025-Q4
100904,5067,Harris-Walters,Investment Bank,Venue,1011,False,West,2025-06-27,2025-07-16,Closed Lost,0,46904.02,True,False,False,Budget Cut,Datasite,False,19.0,FY2025-Q3
100905,5205,Arnold and Sons,Large Cap Public,Venue,1010,False,Midwest,2025-02-26,2025-04-20,Closed Lost,0,8000.0,True,False,False,Feature Gap,Toppan Merrill,False,53.0,FY2025-Q2
100906,5362,Frank-Bradley,Mid Cap Public,Venue,1011,False,Northeast,2025-06-23,2025-07-11,Closed Lost,0,47977.71,True,False,False,Feature Gap,In-house Build,False,18.0,FY2025-Q3
100907,5102,"Parker, Ortiz and Powell",Investment Bank,Venue,1010,False,Southeast,2024-10-15,2024-11-22,Closed Won,100,44052.05,True,True,False,,,False,38.0,FY2024-Q4
100908,5197,Hernandez PLC,Private Equity,Venue,1011,False,Midwest,2025-10-08,2025-11-21,Closed Lost,0,22620.32,True,False,False,Budget Cut,Workiva,False,44.0,FY2025-Q4
100909,5406,"Kim, Gonzales and Mills",Investment Bank,Venue,1007,False,Southeast,2024-09-01,2024-10-14,Closed Lost,0,22008.66,True,False,False,Budget Cut,Workiva,False,43.0,FY2024-Q4
100910,5448,Scott and Sons,Pre-IPO / Private,Venue,1010,False,Southeast,2026-05-24,2026-06-30,Negotiation,80,14581.72,False,,False,,,False,,FY2026-Q2
100911,5020,Hickman Ltd,Pre-IPO / Private,Venue,1009,False,Southeast,2025-09-23,2025-10-16,Closed Lost,0,41641.89,True,False,False,Budget Cut,Ideagen/Q4,False,23.0,FY2025-Q4
100912,5284,Robinson-Lee,Investment Bank,Venue,1009,False,Texas/Central,2024-10-28,2024-11-22,Closed Lost,0,79883.73,True,False,False,Feature Gap,Intralinks,False,25.0,FY2024-Q4
100913,5100,"Mccall, Hanson and Alvarado",Large Cap Public,Venue,1009,False,Northeast,2024-10-29,2024-11-27,Closed Won,100,12312.41,True,True,False,,,False,29.0,FY2024-Q4
100914,5268,Howard-Jordan,Mid Cap Public,Venue,1010,False,Mid-Atlantic,2026-02-05,2026-02-21,Closed Won,100,13290.94,True,True,False,,,False,16.0,FY2026-Q1
100915,5324,Smith and Sons,Private Equity,Venue,1008,False,West,2025-05-08,2025-06-03,Closed Won,100,45607.3,True,True,False,,,False,26.0,FY2025-Q2
100916,5247,"Burns, Hernandez and Ryan",Private Equity,Venue,1006,False,Mid-Atlantic,2024-11-23,2024-12-30,Closed Lost,0,69159.59,True,False,False,No Decision / Stalled,Datasite,False,37.0,FY2024-Q4
100917,5022,"Brooks, Lam and Hayes",Pre-IPO / Private,Venue,1009,False,Mid-Atlantic,2025-01-03,2025-02-15,Closed Won,100,68112.16,True,True,False,,,False,43.0,FY2025-Q1
100918,5266,"Brennan, Wallace and Benson",Large Cap Public,Venue,1018,True,Mid-Atlantic,2025-06-22,2025-08-01,Closed Won,100,42843.56,True,True,False,,,False,40.0,FY2025-Q3
100919,5420,Lee-Cooke,Mid Cap Public,Venue,1008,False,Texas/Central,2025-05-13,2025-06-24,Closed Lost,0,11516.6,True,False,False,Budget Cut,Ideagen/Q4,False,42.0,FY2025-Q2
100920,5139,Johnson-Rogers,Pre-IPO / Private,Venue,1011,False,Northeast,2026-03-12,2026-04-17,Closed Lost,0,86946.03,True,False,False,Budget Cut,Toppan Merrill,False,36.0,FY2026-Q2
100921,5133,Stein-Silva,Pre-IPO / Private,Venue,1020,True,Midwest,2025-05-29,2025-06-17,Closed Lost,0,43259.32,True,False,False,Budget Cut,Donnelley Legacy/Manual Process,False,19.0,FY2025-Q2
100922,5297,"Martinez, Richardson and Curry",Mid Cap Public,Venue,1020,True,Southeast,2025-08-08,2025-08-30,Closed Lost,0,44950.08,True,False,False,Feature Gap,Datasite,False,22.0,FY2025-Q3
100923,5110,"Harvey, Davis and Crane",Private Equity,Venue,1011,False,Texas/Central,2024-09-28,2024-11-20,Closed Won,100,38677.03,True,True,False,,,False,53.0,FY2024-Q4
100924,5355,"Gallegos, Adams and White",Pre-IPO / Private,Venue,1011,False,Texas/Central,2026-01-25,2026-02-28,Closed Lost,0,87169.49,True,False,False,Lost to Competitor,In-house Build,False,34.0,FY2026-Q1
100925,5352,"Richardson, Farmer and Andrews",Large Cap Public,Venue,1010,False,Southeast,2026-02-10,2026-03-29,Closed Lost,0,30567.67,True,False,False,Budget Cut,In-house Build,False,47.0,FY2026-Q1
100926,5473,Paul-Kline,Pre-IPO / Private,Venue,1007,False,Mid-Atlantic,2024-07-19,2024-09-11,Closed Lost,0,30940.83,True,False,False,No Decision / Stalled,Ideagen/Q4,False,54.0,FY2024-Q3
100927,5129,"Miller, Hernandez and Reyes",Private Equity,Venue,1010,False,West,2026-02-13,2026-04-02,Closed Lost,0,23453.93,True,False,False,Budget Cut,In-house Build,False,48.0,FY2026-Q2
100928,5118,Robinson-Brock,Mid Cap Public,Venue,1006,False,Southeast,2024-07-23,2024-08-25,Closed Lost,0,34138.37,True,False,False,No Decision / Stalled,Donnelley Legacy/Manual Process,False,33.0,FY2024-Q3
100929,5293,Brock-Mcdonald,Investment Bank,Venue,1006,False,Southeast,2024-10-01,2024-11-12,Closed Lost,0,25038.84,True,False,False,No Decision / Stalled,Intralinks,False,42.0,FY2024-Q4
100930,5112,Hernandez Inc,Large Cap Public,Venue,1007,False,Northeast,2024-12-04,2024-12-27,Closed Won,100,27928.1,True,True,False,,,False,23.0,FY2024-Q4
100931,5290,Buchanan LLC,Investment Bank,Venue,1006,False,Mid-Atlantic,2025-01-01,2025-02-05,Closed Won,100,40840.99,True,True,False,,,False,35.0,FY2025-Q1
100932,5277,Bruce-Gonzalez,Investment Bank,Venue,1008,False,Texas/Central,2025-05-23,2025-06-30,Closed Won,100,54486.79,True,True,False,,,False,38.0,FY2025-Q2
100933,5023,Walker LLC,Pre-IPO / Private,Venue,1010,False,Texas/Central,2024-08-22,2024-10-06,Closed Won,100,45633.11,True,True,False,,,False,45.0,FY2024-Q4
100934,5075,"Tran, Jordan and Williams",Mid Cap Public,Venue,1008,False,Northeast,2024-10-25,2024-12-09,Closed Lost,0,71555.58,True,False,False,Budget Cut,Workiva,False,45.0,FY2024-Q4
100935,5297,"Martinez, Richardson and Curry",Mid Cap Public,Venue,1006,False,Southeast,2025-02-24,2025-03-20,Closed Won,100,43224.91,True,True,False,,,False,24.0,FY2025-Q1
100936,5422,"Wise, Conley and Stephenson",Investment Bank,Venue,1009,False,Northeast,2025-05-07,2025-05-27,Closed Won,100,65944.68,True,True,False,,,False,20.0,FY2025-Q2
100937,5446,Blake Group,Large Cap Public,Venue,1008,False,Midwest,2025-11-24,2026-01-16,Closed Lost,0,58986.19,True,False,False,Lost to Competitor,Ideagen/Q4,False,53.0,FY2026-Q1
100938,5449,"Bentley, Lynch and Henderson",Mid Cap Public,Venue,1010,False,West,2026-01-01,2026-01-22,Closed Lost,0,66452.98,True,False,False,Price,Ideagen/Q4,False,21.0,FY2026-Q1
100939,5348,Schmitt PLC,Mid Cap Public,Venue,1006,False,Texas/Central,2026-03-27,2026-04-24,Closed Won,100,113440.12,True,True,False,,,False,28.0,FY2026-Q2
100940,5085,Gonzalez Group,Private Equity,Venue,1008,False,Southeast,2026-05-27,2026-06-22,Closed Lost,0,89667.66,True,False,False,Lost to Competitor,In-house Build,False,26.0,FY2026-Q2
100941,5248,Cook-Hines,Mid Cap Public,Venue,1006,False,Midwest,2024-08-15,2024-10-03,Closed Won,100,58573.85,True,True,False,,,False,49.0,FY2024-Q4
100942,5310,Crosby-Ramirez,Large Cap Public,Venue,1007,False,Northeast,2026-06-15,2026-07-22,Needs Analysis,40,66844.49,False,,False,,,False,,FY2026-Q3
100943,5439,Wilkerson-Arias,Private Equity,Venue,1010,False,Northeast,2025-09-15,2025-10-27,Closed Lost,0,47402.96,True,False,False,No Decision / Stalled,Toppan Merrill,False,42.0,FY2025-Q4
100944,5303,"Turner, Ortiz and Taylor",Private Equity,Venue,1009,False,Texas/Central,2026-04-11,2026-05-13,Closed Won,100,43899.5,True,True,False,,,False,32.0,FY2026-Q2
100945,5457,Jones-Fox,Pre-IPO / Private,Venue,1010,False,Texas/Central,2025-06-14,2025-07-17,Closed Won,100,13204.25,True,True,False,,,False,33.0,FY2025-Q3
100946,5072,Figueroa PLC,Investment Bank,Venue,1009,False,Texas/Central,2026-06-13,2026-07-06,Proposal,60,38883.18,False,,False,,,False,,FY2026-Q3
100947,5183,King-Martinez,Large Cap Public,Venue,1020,True,Texas/Central,2026-01-02,2026-01-28,Closed Won,100,44191.37,True,True,False,,,False,26.0,FY2026-Q1
100948,5256,Garcia-Lozano,Investment Bank,Venue,1009,False,Mid-Atlantic,2025-06-26,2025-08-03,Closed Lost,0,8000.0,True,False,False,No Decision / Stalled,Donnelley Legacy/Manual Process,False,38.0,FY2025-Q3
100949,5316,"Harper, Smith and Buchanan",Pre-IPO / Private,Venue,1006,False,Midwest,2026-06-13,2026-07-12,Needs Analysis,40,8000.0,False,,False,,,False,,FY2026-Q3
100950,5388,"Mullen, Brewer and Hernandez",Investment Bank,Venue,1011,False,West,2025-09-28,2025-11-07,Closed Won,100,44093.31,True,True,False,,,False,40.0,FY2025-Q4
100951,5393,"Cole, Glass and Cunningham",Investment Bank,Venue,1008,False,Texas/Central,2026-05-27,2026-06-28,Closed Won,100,29150.94,True,True,False,,,False,32.0,FY2026-Q2
100952,5081,Johnson-Doyle,Pre-IPO / Private,Venue,1007,False,Northeast,2026-04-01,2026-05-04,Closed Lost,0,8000.0,True,False,False,No Decision / Stalled,Workiva,False,33.0,FY2026-Q2
100953,5132,Brown-Wall,Pre-IPO / Private,Venue,1006,False,Northeast,2026-06-23,2026-07-30,Prospecting,10,66225.92,False,,False,,,False,,FY2026-Q3
100954,5200,Rowe Group,Private Equity,Venue,1010,False,West,2025-08-09,2025-09-12,Closed Lost,0,40792.75,True,False,False,Timing - Not Ready,Intralinks,False,34.0,FY2025-Q3
100955,5034,Wright and Sons,Mid Cap Public,Venue,1010,False,Texas/Central,2026-01-30,2026-04-05,Closed Lost,0,8000.0,True,False,False,Price,In-house Build,False,65.0,FY2026-Q2
100956,5435,Spencer-Garcia,Pre-IPO / Private,Venue,1010,False,Texas/Central,2024-09-04,2024-09-30,Closed Lost,0,53559.2,True,False,False,Timing - Not Ready,Toppan Merrill,False,26.0,FY2024-Q3
100957,5323,Guerrero Inc,Pre-IPO / Private,Venue,1006,False,Texas/Central,2025-01-12,2025-02-10,Closed Lost,0,8870.4,True,False,False,Feature Gap,Toppan Merrill,False,29.0,FY2025-Q1
100958,5239,Jimenez Ltd,Private Equity,Venue,1009,False,Southeast,2026-03-21,2026-05-04,Closed Won,100,8000.0,True,True,False,,,False,44.0,FY2026-Q2
100959,5266,"Brennan, Wallace and Benson",Large Cap Public,Venue,1009,False,Mid-Atlantic,2026-04-26,2026-05-26,Closed Lost,0,61907.22,True,False,False,Budget Cut,Datasite,False,30.0,FY2026-Q2
100960,5245,Hoover-Campbell,Investment Bank,Venue,1009,False,Southeast,2026-05-27,2026-07-05,Negotiation,80,79846.8,False,,False,,,True,,FY2026-Q3
100961,5457,Jones-Fox,Pre-IPO / Private,Venue,1019,True,Texas/Central,2025-02-14,2025-03-14,Closed Lost,0,80530.66,True,False,False,No Decision / Stalled,Workiva,False,28.0,FY2025-Q1
100962,5270,"Sparks, Jackson and Miller",Mid Cap Public,Venue,1010,False,Southeast,2025-01-15,2025-02-15,Closed Lost,0,51084.43,True,False,False,Feature Gap,Intralinks,False,31.0,FY2025-Q1
100963,5337,"Wilson, Pena and Rich",Large Cap Public,Venue,1007,False,West,2024-09-14,2024-10-09,Closed Won,100,58017.18,True,True,False,,,False,25.0,FY2024-Q4
100964,5118,Robinson-Brock,Mid Cap Public,Venue,1006,False,Southeast,2024-09-02,2024-10-15,Closed Won,100,8000.0,True,True,False,,,False,43.0,FY2024-Q4
100965,5241,Baird-Sanchez,Investment Bank,Venue,1008,False,Southeast,2025-03-13,2025-04-17,Closed Lost,0,8000.0,True,False,False,No Decision / Stalled,In-house Build,False,35.0,FY2025-Q2
100966,5236,Tran Inc,Investment Bank,Venue,1010,False,Texas/Central,2024-09-12,2024-10-23,Closed Lost,0,34907.58,True,False,False,Price,Toppan Merrill,False,41.0,FY2024-Q4
100967,5135,Smith-Bell,Pre-IPO / Private,Venue,1006,False,West,2026-02-12,2026-04-04,Closed Lost,0,27902.76,True,False,False,Budget Cut,Datasite,False,51.0,FY2026-Q2
100968,5460,King-Smith,Investment Bank,Venue,1006,False,Midwest,2024-11-07,2024-12-15,Closed Won,100,88041.59,True,True,False,,,False,38.0,FY2024-Q4
100969,5377,Atkins PLC,Pre-IPO / Private,Venue,1020,True,Mid-Atlantic,2025-09-15,2025-10-20,Closed Won,100,55444.63,True,True,False,,,False,35.0,FY2025-Q4
100970,5208,Warner-Gibson,Mid Cap Public,Venue,1007,False,Texas/Central,2025-08-15,2025-09-06,Closed Lost,0,43484.81,True,False,False,Feature Gap,In-house Build,False,22.0,FY2025-Q3
100971,5222,Moon-White,Investment Bank,Venue,1009,False,Texas/Central,2025-10-07,2025-12-13,Closed Lost,0,33451.6,True,False,False,Timing - Not Ready,Workiva,False,67.0,FY2025-Q4
100972,5349,Bell-Lane,Pre-IPO / Private,Venue,1006,False,Texas/Central,2025-06-01,2025-06-27,Closed Won,100,79685.47,True,True,False,,,False,26.0,FY2025-Q2
100973,5215,Lyons-Bender,Investment Bank,Venue,1007,False,Southeast,2026-02-27,2026-03-21,Closed Lost,0,38943.74,True,False,False,Lost to Competitor,Toppan Merrill,False,22.0,FY2026-Q1
100974,5094,Chandler-Edwards,Mid Cap Public,Venue,1007,False,Mid-Atlantic,2025-09-28,2025-11-02,Closed Lost,0,87288.06,True,False,False,Price,Intralinks,False,35.0,FY2025-Q4
100975,5452,Brown-Copeland,Large Cap Public,Venue,1011,False,West,2026-02-18,2026-04-07,Closed Lost,0,35785.81,True,False,False,No Decision / Stalled,In-house Build,False,48.0,FY2026-Q2
100976,5378,Berry-Mckinney,Investment Bank,Venue,1006,False,Texas/Central,2026-03-09,2026-04-08,Closed Lost,0,48093.97,True,False,False,Feature Gap,Toppan Merrill,False,30.0,FY2026-Q2
100977,5416,"Conner, Li and Santiago",Mid Cap Public,Venue,1010,False,Southeast,2024-08-27,2024-09-27,Closed Lost,0,40107.15,True,False,False,Budget Cut,Datasite,False,31.0,FY2024-Q3
100978,5151,Howell and Sons,Investment Bank,Venue,1007,False,West,2025-01-21,2025-02-26,Closed Lost,0,27231.88,True,False,False,No Decision / Stalled,Intralinks,False,36.0,FY2025-Q1
100979,5323,Guerrero Inc,Pre-IPO / Private,Venue,1009,False,Texas/Central,2025-10-30,2025-11-30,Closed Lost,0,52177.59,True,False,False,No Decision / Stalled,Ideagen/Q4,False,31.0,FY2025-Q4
100980,5013,George Group,Large Cap Public,Venue,1010,False,West,2026-01-30,2026-03-01,Closed Won,100,8000.0,True,True,False,,,False,30.0,FY2026-Q1
100981,5125,Green-Wright,Mid Cap Public,Venue,1006,False,Midwest,2024-12-13,2025-01-18,Closed Lost,0,30194.64,True,False,False,Price,Toppan Merrill,False,36.0,FY2025-Q1
100982,5004,"Ferrell, Rice and Maddox",Private Equity,Venue,1010,False,Midwest,2026-06-09,2026-07-20,Needs Analysis,40,33985.36,False,,False,,,False,,FY2026-Q3
100983,5414,"Hale, Myers and Larson",Pre-IPO / Private,Venue,1009,False,West,2025-06-04,2025-07-09,Closed Won,100,17491.37,True,True,False,,,False,35.0,FY2025-Q3
100984,5151,Howell and Sons,Investment Bank,Venue,1010,False,West,2024-09-13,2024-10-08,Closed Won,100,8000.0,True,True,False,,,False,25.0,FY2024-Q4
100985,5316,"Harper, Smith and Buchanan",Pre-IPO / Private,Venue,1010,False,Midwest,2025-09-23,2025-11-01,Closed Lost,0,23732.25,True,False,False,No Decision / Stalled,Workiva,False,39.0,FY2025-Q4
100986,5035,"West, Henderson and Ramirez",Investment Bank,Venue,1007,False,Texas/Central,2025-01-19,2025-02-22,Closed Won,100,8000.0,True,True,False,,,False,34.0,FY2025-Q1
100987,5192,Garcia-Smith,Investment Bank,Venue,1007,False,Midwest,2024-12-25,2025-02-03,Closed Won,100,8000.0,True,True,False,,,False,40.0,FY2025-Q1
100988,5033,Powell LLC,Private Equity,Venue,1007,False,Texas/Central,2024-10-21,2024-11-24,Closed Won,100,18588.97,True,True,False,,,False,34.0,FY2024-Q4
100989,5033,Powell LLC,Private Equity,Venue,1010,False,Texas/Central,2026-05-07,2026-06-13,Closed Lost,0,97467.63,True,False,False,Timing - Not Ready,Donnelley Legacy/Manual Process,False,37.0,FY2026-Q2
100990,5120,Bryant Group,Private Equity,Venue,1007,False,Northeast,2024-09-04,2024-10-12,Closed Lost,0,76201.51,True,False,False,Lost to Competitor,In-house Build,False,38.0,FY2024-Q4
100991,5003,Carlson-Cruz,Investment Bank,Venue,1010,False,Mid-Atlantic,2026-06-11,2026-06-26,Closed Lost,0,38533.12,True,False,False,Feature Gap,Intralinks,False,15.0,FY2026-Q2
100992,5083,"Shields, Cochran and Adams",Investment Bank,Venue,1007,False,Mid-Atlantic,2025-12-30,2026-02-11,Closed Won,100,68549.89,True,True,False,,,False,43.0,FY2026-Q1
100993,5432,Strickland-Shaw,Investment Bank,Venue,1009,False,Midwest,2025-11-12,2025-12-30,Closed Lost,0,18248.8,True,False,False,Timing - Not Ready,Workiva,False,48.0,FY2025-Q4
100994,5398,Johnson-Wood,Private Equity,Venue,1011,False,Mid-Atlantic,2025-10-18,2025-11-29,Closed Won,100,65511.6,True,True,False,,,False,42.0,FY2025-Q4
100995,5052,"Sanchez, Wheeler and Harvey",Mid Cap Public,Venue,1010,False,Southeast,2026-02-15,2026-02-25,Closed Lost,0,20473.81,True,False,False,Lost to Competitor,Intralinks,False,10.0,FY2026-Q1
100996,5116,Hernandez Ltd,Mid Cap Public,Venue,1009,False,Northeast,2025-10-05,2025-11-07,Closed Won,100,53713.89,True,True,False,,,False,33.0,FY2025-Q4
100997,5419,Bean LLC,Investment Bank,Venue,1006,False,Midwest,2025-07-18,2025-08-27,Closed Won,100,52970.36,True,True,False,,,False,40.0,FY2025-Q3
100998,5151,Howell and Sons,Investment Bank,Venue,1006,False,West,2025-06-25,2025-08-11,Closed Lost,0,67889.23,True,False,False,Timing - Not Ready,Datasite,False,47.0,FY2025-Q3
100999,5238,Valentine-Holland,Investment Bank,Venue,1009,False,Southeast,2025-10-04,2025-11-15,Closed Won,100,52131.45,True,True,False,,,False,42.0,FY2025-Q4
101000,5369,"Estrada, Williams and Foster",Large Cap Public,Venue,1006,False,West,2025-05-20,2025-07-03,Closed Won,100,26188.3,True,True,False,,,False,44.0,FY2025-Q3
101001,5231,Dean-Jimenez,Mid Cap Public,Venue,1007,False,Midwest,2024-09-18,2024-10-23,Closed Won,100,42737.51,True,True,False,,,False,35.0,FY2024-Q4
101002,5032,"Brown, Valdez and Lucas",Pre-IPO / Private,Venue,1007,False,Northeast,2025-07-03,2025-07-25,Closed Lost,0,49958.54,True,False,False,No Decision / Stalled,Datasite,False,22.0,FY2025-Q3
101003,5293,Brock-Mcdonald,Investment Bank,Venue,1007,False,Southeast,2026-05-30,2026-07-08,Proposal,60,27937.35,False,,False,,,False,,FY2026-Q3
101004,5207,"Harrison, Johnson and Roberts",Pre-IPO / Private,Venue,1006,False,Northeast,2026-01-07,2026-02-14,Closed Lost,0,65446.38,True,False,False,No Decision / Stalled,Ideagen/Q4,False,38.0,FY2026-Q1
101005,5346,"Hoffman, Santiago and Jenkins",Private Equity,Venue,1006,False,West,2026-02-13,2026-04-03,Closed Lost,0,41422.55,True,False,False,Timing - Not Ready,Ideagen/Q4,False,49.0,FY2026-Q2
101006,5442,Walker-Flores,Investment Bank,Venue,1007,False,Northeast,2025-08-11,2025-09-15,Closed Lost,0,8000.0,True,False,False,Timing - Not Ready,In-house Build,False,35.0,FY2025-Q3
101007,5447,Gilbert-Bullock,Large Cap Public,Venue,1009,False,Midwest,2025-10-22,2025-11-29,Closed Won,100,8000.0,True,True,False,,,False,38.0,FY2025-Q4
101008,5459,Williams-Hughes,Private Equity,Venue,1009,False,Mid-Atlantic,2025-05-16,2025-06-30,Closed Lost,0,46492.07,True,False,False,Feature Gap,Donnelley Legacy/Manual Process,False,45.0,FY2025-Q2
101009,5284,Robinson-Lee,Investment Bank,Venue,1010,False,Texas/Central,2025-09-22,2025-10-23,Closed Won,100,111157.12,True,True,False,,,False,31.0,FY2025-Q4
101010,5047,"Daniels, Adkins and Brown",Private Equity,Venue,1008,False,Midwest,2026-02-11,2026-03-27,Closed Lost,0,50241.45,True,False,False,Price,Donnelley Legacy/Manual Process,False,44.0,FY2026-Q1
101011,5037,Morton-Chase,Mid Cap Public,Venue,1008,False,Texas/Central,2026-05-05,2026-06-01,Closed Won,100,45052.76,True,True,False,,,False,27.0,FY2026-Q2
101012,5317,Zhang PLC,Investment Bank,Venue,1011,False,Midwest,2026-06-02,2026-07-01,Negotiation,80,9694.27,False,,False,,,False,,FY2026-Q3
101013,5036,Baxter Inc,Mid Cap Public,Venue,1018,True,Midwest,2026-02-21,2026-03-27,Closed Lost,0,32540.47,True,False,False,Lost to Competitor,Datasite,False,34.0,FY2026-Q1
101014,5397,"Brown, Romero and Collins",Large Cap Public,Venue,1006,False,Northeast,2025-01-25,2025-03-05,Closed Lost,0,69018.51,True,False,False,Lost to Competitor,Donnelley Legacy/Manual Process,False,39.0,FY2025-Q1
101015,5061,Moore-Bass,Large Cap Public,Venue,1009,False,Midwest,2025-06-01,2025-07-15,Closed Lost,0,33152.76,True,False,False,No Decision / Stalled,Workiva,False,44.0,FY2025-Q3
101016,5222,Moon-White,Investment Bank,Venue,1007,False,Texas/Central,2024-10-14,2024-11-04,Closed Won,100,64376.86,True,True,False,,,False,21.0,FY2024-Q4
101017,5479,Parker-Morrison,Pre-IPO / Private,Venue,1009,False,Southeast,2025-01-07,2025-01-31,Closed Won,100,55350.82,True,True,False,,,False,24.0,FY2025-Q1
101018,5201,Kerr-Evans,Pre-IPO / Private,Venue,1008,False,Southeast,2024-09-09,2024-09-27,Closed Lost,0,14476.31,True,False,False,Lost to Competitor,Datasite,False,18.0,FY2024-Q3
101019,5249,Gibson-Morris,Investment Bank,Venue,1010,False,Northeast,2025-08-04,2025-08-30,Closed Lost,0,77253.83,True,False,False,Feature Gap,Workiva,False,26.0,FY2025-Q3
101020,5330,"Turner, Schneider and Johnson",Pre-IPO / Private,Venue,1007,False,Texas/Central,2025-01-27,2025-03-13,Closed Won,100,57676.46,True,True,False,,,False,45.0,FY2025-Q1
101021,5145,Lewis-Murphy,Pre-IPO / Private,Venue,1010,False,Northeast,2026-05-11,2026-06-20,Closed Lost,0,45011.62,True,False,False,No Decision / Stalled,In-house Build,False,40.0,FY2026-Q2
101022,5031,Gomez-Jenkins,Large Cap Public,Venue,1006,False,Midwest,2025-10-12,2025-11-08,Closed Lost,0,16167.19,True,False,False,Budget Cut,Workiva,False,27.0,FY2025-Q4
101023,5258,"Booker, Jones and Harrington",Pre-IPO / Private,Venue,1009,False,Southeast,2025-12-20,2026-01-15,Closed Lost,0,20367.25,True,False,False,Timing - Not Ready,Workiva,False,26.0,FY2026-Q1
101024,5027,Jones-Young,Investment Bank,Venue,1011,False,Southeast,2025-10-10,2025-11-11,Closed Lost,0,32213.05,True,False,False,Budget Cut,In-house Build,False,32.0,FY2025-Q4
101025,5236,Tran Inc,Investment Bank,Venue,1011,False,Texas/Central,2025-08-29,2025-09-21,Closed Lost,0,22933.13,True,False,False,Budget Cut,Toppan Merrill,False,23.0,FY2025-Q3
101026,5043,House-Glover,Large Cap Public,Venue,1009,False,Mid-Atlantic,2026-06-15,2026-07-25,Qualification,25,17226.11,False,,False,,,False,,FY2026-Q3
101027,5117,Stafford Inc,Large Cap Public,Venue,1008,False,Texas/Central,2024-12-08,2025-01-18,Closed Lost,0,71171.1,True,False,False,Price,Toppan Merrill,False,41.0,FY2025-Q1
101028,5110,"Harvey, Davis and Crane",Private Equity,Venue,1009,False,Texas/Central,2025-02-07,2025-02-28,Closed Lost,0,61722.65,True,False,False,Timing - Not Ready,Workiva,False,21.0,FY2025-Q1
101029,5377,Atkins PLC,Pre-IPO / Private,Venue,1010,False,Mid-Atlantic,2024-09-16,2024-10-14,Closed Lost,0,48913.64,True,False,False,No Decision / Stalled,Donnelley Legacy/Manual Process,False,28.0,FY2024-Q4
101030,5105,"Carroll, Sullivan and Bass",Pre-IPO / Private,Venue,1009,False,Southeast,2024-12-15,2025-01-19,Closed Won,100,54010.85,True,True,False,,,False,35.0,FY2025-Q1
101031,5072,Figueroa PLC,Investment Bank,Venue,1009,False,Texas/Central,2026-06-11,2026-07-17,Needs Analysis,40,31906.76,False,,False,,,False,,FY2026-Q3
101032,5067,Harris-Walters,Investment Bank,Venue,1011,False,West,2025-08-10,2025-08-30,Closed Lost,0,86080.55,True,False,False,No Decision / Stalled,Toppan Merrill,False,20.0,FY2025-Q3
101033,5264,Bright-Francis,Pre-IPO / Private,Venue,1006,False,Mid-Atlantic,2025-10-18,2025-11-30,Closed Won,100,57245.59,True,True,False,,,False,43.0,FY2025-Q4
101034,5305,Davis PLC,Mid Cap Public,Venue,1008,False,Northeast,2025-09-21,2025-10-01,Closed Lost,0,45043.05,True,False,False,Lost to Competitor,Ideagen/Q4,False,10.0,FY2025-Q4
101035,5458,"Hartman, Romero and Smith",Investment Bank,Venue,1010,False,Midwest,2026-03-13,2026-04-06,Closed Lost,0,46861.19,True,False,False,Lost to Competitor,Workiva,False,24.0,FY2026-Q2
101036,5071,Walsh LLC,Mid Cap Public,Venue,1009,False,Texas/Central,2026-05-24,2026-07-06,Negotiation,80,8000.0,False,,False,,,False,,FY2026-Q3
101037,5192,Garcia-Smith,Investment Bank,Venue,1011,False,Midwest,2025-12-27,2026-01-28,Closed Lost,0,57870.89,True,False,False,Feature Gap,Toppan Merrill,False,32.0,FY2026-Q1
101038,5111,Chambers and Sons,Large Cap Public,Venue,1018,True,Texas/Central,2025-09-27,2025-10-27,Closed Won,100,8000.0,True,True,False,,,False,30.0,FY2025-Q4
101039,5201,Kerr-Evans,Pre-IPO / Private,Venue,1008,False,Southeast,2025-01-22,2025-02-07,Closed Lost,0,55842.35,True,False,False,Lost to Competitor,Workiva,False,16.0,FY2025-Q1
101040,5460,King-Smith,Investment Bank,Venue,1006,False,Midwest,2025-09-04,2025-10-19,Closed Won,100,55721.25,True,True,False,,,False,45.0,FY2025-Q4
101041,5268,Howard-Jordan,Mid Cap Public,Venue,1007,False,Mid-Atlantic,2026-05-27,2026-06-16,Closed Lost,0,30959.01,True,False,False,Price,Ideagen/Q4,False,20.0,FY2026-Q2
101042,5289,Burgess-Thompson,Investment Bank,Venue,1008,False,Texas/Central,2024-10-18,2024-11-07,Closed Lost,0,8000.0,True,False,False,Lost to Competitor,In-house Build,False,20.0,FY2024-Q4
101043,5258,"Booker, Jones and Harrington",Pre-IPO / Private,Venue,1009,False,Southeast,2026-01-05,2026-02-09,Closed Won,100,64008.81,True,True,False,,,False,35.0,FY2026-Q1
101044,5126,"Ramirez, Strickland and Washington",Mid Cap Public,Venue,1007,False,Texas/Central,2024-10-16,2024-11-19,Closed Won,100,31903.63,True,True,False,,,False,34.0,FY2024-Q4
101045,5325,"Morris, Thompson and Williams",Large Cap Public,Venue,1018,True,Mid-Atlantic,2025-05-19,2025-06-17,Closed Won,100,51162.95,True,True,False,,,False,29.0,FY2025-Q2
101046,5400,Gilbert PLC,Large Cap Public,Venue,1011,False,West,2026-05-04,2026-06-07,Closed Lost,0,66426.03,True,False,False,Price,Workiva,False,34.0,FY2026-Q2
101047,5461,Cooper Ltd,Pre-IPO / Private,Venue,1006,False,Texas/Central,2025-08-24,2025-09-28,Closed Lost,0,75974.2,True,False,False,Timing - Not Ready,Intralinks,False,35.0,FY2025-Q3
101048,5207,"Harrison, Johnson and Roberts",Pre-IPO / Private,Venue,1011,False,Northeast,2024-10-05,2024-10-20,Closed Lost,0,8000.0,True,False,False,Feature Gap,Ideagen/Q4,False,15.0,FY2024-Q4
101049,5322,Fernandez and Sons,Mid Cap Public,Venue,1011,False,Texas/Central,2025-06-05,2025-07-22,Closed Won,100,32196.64,True,True,False,,,False,47.0,FY2025-Q3
101050,5261,"James, Stewart and Higgins",Investment Bank,Venue,1008,False,Midwest,2026-05-13,2026-05-31,Closed Won,100,32619.31,True,True,False,,,False,18.0,FY2026-Q2
101051,5144,White-Green,Pre-IPO / Private,Venue,1011,False,West,2025-10-02,2025-11-03,Closed Lost,0,55184.33,True,False,False,Timing - Not Ready,In-house Build,False,32.0,FY2025-Q4
101052,5005,Frazier Inc,Large Cap Public,Venue,1018,True,Mid-Atlantic,2025-02-23,2025-04-11,Closed Won,100,35067.77,True,True,False,,,False,47.0,FY2025-Q2
101053,5474,Morgan-Lopez,Mid Cap Public,Venue,1010,False,West,2025-09-11,2025-10-07,Closed Won,100,32086.99,True,True,False,,,False,26.0,FY2025-Q4
101054,5132,Brown-Wall,Pre-IPO / Private,Venue,1007,False,Northeast,2025-01-22,2025-02-28,Closed Lost,0,40233.37,True,False,False,Lost to Competitor,Toppan Merrill,False,37.0,FY2025-Q1
101055,5340,Perry-Davis,Large Cap Public,Venue,1008,False,Mid-Atlantic,2025-09-27,2025-10-22,Closed Won,100,68387.21,True,True,False,,,False,25.0,FY2025-Q4
101056,5351,Boone LLC,Private Equity,Venue,1008,False,Northeast,2025-02-19,2025-03-18,Closed Won,100,22240.5,True,True,False,,,False,27.0,FY2025-Q1
101057,5049,Yu Inc,Large Cap Public,Venue,1020,True,Texas/Central,2026-01-03,2026-02-01,Closed Lost,0,61723.97,True,False,False,Feature Gap,Toppan Merrill,False,29.0,FY2026-Q1
101058,5010,Harrell LLC,Pre-IPO / Private,Venue,1006,False,West,2025-12-15,2026-02-09,Closed Won,100,122360.84,True,True,False,,,False,56.0,FY2026-Q1
101059,5207,"Harrison, Johnson and Roberts",Pre-IPO / Private,Venue,1006,False,Northeast,2024-09-09,2024-10-23,Closed Lost,0,36929.7,True,False,False,Lost to Competitor,Intralinks,False,44.0,FY2024-Q4
101060,5265,Good-Hodges,Large Cap Public,Venue,1010,False,Texas/Central,2024-10-01,2024-10-20,Closed Lost,0,22949.59,True,False,False,Lost to Competitor,Intralinks,False,19.0,FY2024-Q4
101061,5159,Vargas Ltd,Large Cap Public,Venue,1009,False,Midwest,2024-09-18,2024-10-16,Closed Won,100,35687.24,True,True,False,,,False,28.0,FY2024-Q4
101062,5258,"Booker, Jones and Harrington",Pre-IPO / Private,Venue,1009,False,Southeast,2026-03-12,2026-04-03,Closed Lost,0,118123.39,True,False,False,Lost to Competitor,Datasite,False,22.0,FY2026-Q2
101063,5372,Wilson-Jimenez,Large Cap Public,Venue,1009,False,Mid-Atlantic,2025-11-04,2025-11-22,Closed Won,100,8000.0,True,True,False,,,False,18.0,FY2025-Q4
101064,5149,Walker-Jones,Pre-IPO / Private,Venue,1010,False,Mid-Atlantic,2025-09-24,2025-10-25,Closed Lost,0,64026.51,True,False,False,Lost to Competitor,Ideagen/Q4,False,31.0,FY2025-Q4
101065,5037,Morton-Chase,Mid Cap Public,Venue,1008,False,Texas/Central,2025-09-10,2025-10-14,Closed Lost,0,8000.0,True,False,False,Lost to Competitor,In-house Build,False,34.0,FY2025-Q4
101066,5156,Rodriguez-Johnson,Large Cap Public,Venue,1009,False,Midwest,2025-05-09,2025-05-28,Closed Lost,0,67236.53,True,False,False,Budget Cut,Workiva,False,19.0,FY2025-Q2
101067,5046,Novak PLC,Investment Bank,Venue,1007,False,West,2025-01-16,2025-03-09,Closed Won,100,8000.0,True,True,False,,,False,52.0,FY2025-Q1
101068,5303,"Turner, Ortiz and Taylor",Private Equity,Venue,1010,False,Texas/Central,2025-05-11,2025-06-08,Closed Won,100,44410.41,True,True,False,,,False,28.0,FY2025-Q2
101069,5197,Hernandez PLC,Private Equity,Venue,1009,False,Midwest,2026-01-30,2026-02-15,Closed Lost,0,31478.46,True,False,False,Feature Gap,Datasite,False,16.0,FY2026-Q1
101070,5452,Brown-Copeland,Large Cap Public,Venue,1007,False,West,2025-09-07,2025-11-10,Closed Lost,0,8000.0,True,False,False,No Decision / Stalled,Toppan Merrill,False,64.0,FY2025-Q4
101071,5224,Bailey-Cook,Investment Bank,Venue,1007,False,West,2026-06-14,2026-06-24,Closed Won,100,69050.83,True,True,False,,,False,10.0,FY2026-Q2
101072,5268,Howard-Jordan,Mid Cap Public,Venue,1007,False,Mid-Atlantic,2026-05-28,2026-07-03,Negotiation,80,89307.5,False,,False,,,True,,FY2026-Q3
101073,5296,"Diaz, Gibbs and Smith",Large Cap Public,Venue,1011,False,Midwest,2024-12-12,2025-01-01,Closed Lost,0,57541.34,True,False,False,Budget Cut,Donnelley Legacy/Manual Process,False,20.0,FY2025-Q1
101074,5132,Brown-Wall,Pre-IPO / Private,Venue,1006,False,Northeast,2026-02-20,2026-04-01,Closed Lost,0,85590.53,True,False,False,Lost to Competitor,Donnelley Legacy/Manual Process,False,40.0,FY2026-Q2
101075,5308,"Newton, Moore and Perry",Investment Bank,Venue,1008,False,Texas/Central,2025-09-10,2025-10-06,Closed Lost,0,41621.63,True,False,False,Timing - Not Ready,Toppan Merrill,False,26.0,FY2025-Q4
101076,5361,Moore-Collins,Mid Cap Public,Venue,1009,False,Midwest,2026-02-20,2026-03-24,Closed Lost,0,64575.23,True,False,False,Feature Gap,Ideagen/Q4,False,32.0,FY2026-Q1
101077,5472,"Rivera, Martinez and Richardson",Pre-IPO / Private,Venue,1008,False,Mid-Atlantic,2024-10-19,2024-11-15,Closed Lost,0,68126.03,True,False,False,No Decision / Stalled,Toppan Merrill,False,27.0,FY2024-Q4
101078,5242,"Thomas, Lee and Greene",Private Equity,Venue,1011,False,Texas/Central,2025-11-15,2025-12-24,Closed Lost,0,38886.02,True,False,False,Budget Cut,Toppan Merrill,False,39.0,FY2025-Q4
101079,5101,Cortez LLC,Mid Cap Public,Venue,1008,False,Mid-Atlantic,2025-09-14,2025-10-14,Closed Won,100,32817.92,True,True,False,,,False,30.0,FY2025-Q4
101080,5057,Smith PLC,Mid Cap Public,Venue,1010,False,Mid-Atlantic,2025-01-18,2025-02-28,Closed Lost,0,51385.31,True,False,False,Budget Cut,In-house Build,False,41.0,FY2025-Q1
101081,5126,"Ramirez, Strickland and Washington",Mid Cap Public,Venue,1011,False,Texas/Central,2025-01-06,2025-01-30,Closed Won,100,31295.36,True,True,False,,,False,24.0,FY2025-Q1
101082,5235,"Lloyd, Mckinney and Collins",Mid Cap Public,Venue,1006,False,Mid-Atlantic,2026-03-31,2026-04-21,Closed Won,100,71825.27,True,True,False,,,False,21.0,FY2026-Q2
101083,5083,"Shields, Cochran and Adams",Investment Bank,Venue,1010,False,Mid-Atlantic,2024-11-04,2024-12-23,Closed Won,100,72578.92,True,True,False,,,False,49.0,FY2024-Q4
101084,5039,Novak and Sons,Private Equity,Venue,1006,False,Southeast,2026-05-19,2026-06-07,Closed Won,100,47819.81,True,True,False,,,False,19.0,FY2026-Q2
101085,5400,Gilbert PLC,Large Cap Public,Venue,1006,False,West,2026-05-12,2026-06-23,Closed Won,100,33980.15,True,True,False,,,False,42.0,FY2026-Q2
101086,5062,"Turner, Riggs and Roman",Pre-IPO / Private,Venue,1010,False,Mid-Atlantic,2025-10-27,2025-11-26,Closed Lost,0,19218.35,True,False,False,No Decision / Stalled,Toppan Merrill,False,30.0,FY2025-Q4
101087,5013,George Group,Large Cap Public,Venue,1008,False,West,2025-05-18,2025-06-24,Closed Lost,0,14737.65,True,False,False,Budget Cut,In-house Build,False,37.0,FY2025-Q2
101088,5326,"Fisher, Wilson and Brown",Mid Cap Public,Venue,1006,False,Midwest,2025-06-29,2025-07-26,Closed Won,100,27649.11,True,True,False,,,False,27.0,FY2025-Q3
101089,5371,Duran LLC,Private Equity,Venue,1010,False,Midwest,2024-11-19,2024-12-29,Closed Won,100,27784.89,True,True,False,,,False,40.0,FY2024-Q4
101090,5231,Dean-Jimenez,Mid Cap Public,Venue,1011,False,Midwest,2025-10-29,2025-12-31,Closed Won,100,8000.0,True,True,False,,,False,63.0,FY2025-Q4
101091,5078,"Wright, Garcia and Deleon",Large Cap Public,Venue,1019,True,Northeast,2025-05-25,2025-06-11,Closed Lost,0,20250.02,True,False,False,Feature Gap,Datasite,False,17.0,FY2025-Q2
101092,5132,Brown-Wall,Pre-IPO / Private,Venue,1009,False,Northeast,2025-02-24,2025-03-11,Closed Lost,0,34682.97,True,False,False,Price,Datasite,False,15.0,FY2025-Q1
101093,5228,Cordova Group,Pre-IPO / Private,Venue,1011,False,Mid-Atlantic,2025-10-30,2025-12-08,Closed Lost,0,8000.0,True,False,False,Feature Gap,Donnelley Legacy/Manual Process,False,39.0,FY2025-Q4
101094,5302,Reid Group,Pre-IPO / Private,Venue,1010,False,Midwest,2026-03-13,2026-05-18,Closed Lost,0,36068.56,True,False,False,Feature Gap,In-house Build,False,66.0,FY2026-Q2
101095,5360,Bennett Group,Private Equity,Venue,1011,False,Mid-Atlantic,2024-09-27,2024-11-20,Closed Lost,0,54306.68,True,False,False,Budget Cut,Intralinks,False,54.0,FY2024-Q4
101096,5276,"Evans, Hayden and Vaughn",Private Equity,Venue,1010,False,Texas/Central,2024-10-26,2024-11-20,Closed Won,100,62021.78,True,True,False,,,False,25.0,FY2024-Q4
101097,5114,Gibson Ltd,Private Equity,Venue,1006,False,Mid-Atlantic,2026-05-06,2026-06-07,Closed Lost,0,20600.17,True,False,False,Feature Gap,Workiva,False,32.0,FY2026-Q2
101098,5150,"Williams, Johnson and Wright",Investment Bank,Venue,1008,False,West,2025-05-30,2025-07-05,Closed Won,100,63845.89,True,True,False,,,False,36.0,FY2025-Q3
101099,5163,"Wood, Hunter and Peterson",Large Cap Public,Venue,1011,False,Mid-Atlantic,2026-05-12,2026-06-08,Closed Won,100,19962.54,True,True,False,,,False,27.0,FY2026-Q2
101100,5471,Kelly-Norman,Private Equity,Venue,1007,False,Texas/Central,2025-11-15,2025-12-01,Closed Lost,0,40638.02,True,False,False,Timing - Not Ready,Workiva,False,16.0,FY2025-Q4
101101,5325,"Morris, Thompson and Williams",Large Cap Public,Venue,1009,False,Mid-Atlantic,2026-01-26,2026-02-17,Closed Lost,0,8221.86,True,False,False,Lost to Competitor,Datasite,False,22.0,FY2026-Q1
101102,5320,Schroeder-Kramer,Large Cap Public,Venue,1020,True,Texas/Central,2025-04-23,2025-05-22,Closed Lost,0,83689.39,True,False,False,Lost to Competitor,Toppan Merrill,False,29.0,FY2025-Q2
101103,5287,"Lucas, Parker and Alexander",Investment Bank,Venue,1008,False,Southeast,2026-02-06,2026-03-22,Closed Lost,0,60075.79,True,False,False,Timing - Not Ready,Toppan Merrill,False,44.0,FY2026-Q1
101104,5144,White-Green,Pre-IPO / Private,Venue,1020,True,West,2025-05-14,2025-06-15,Closed Won,100,24287.52,True,True,False,,,False,32.0,FY2025-Q2
101105,5373,Thompson-James,Private Equity,Venue,1008,False,West,2025-09-06,2025-09-28,Closed Lost,0,69137.26,True,False,False,Lost to Competitor,In-house Build,False,22.0,FY2025-Q3
101106,5304,Torres Group,Private Equity,Venue,1010,False,Northeast,2024-10-17,2024-11-23,Closed Lost,0,15816.21,True,False,False,No Decision / Stalled,Intralinks,False,37.0,FY2024-Q4
101107,5134,"Smith, Gilmore and Johnston",Investment Bank,Venue,1009,False,West,2025-02-09,2025-03-16,Closed Won,100,8000.0,True,True,False,,,False,35.0,FY2025-Q1
101108,5305,Davis PLC,Mid Cap Public,Venue,1019,True,Northeast,2026-06-19,2026-08-12,Qualification,25,13649.64,False,,False,,,False,,FY2026-Q3
101109,5134,"Smith, Gilmore and Johnston",Investment Bank,Venue,1011,False,West,2026-06-23,2026-07-11,Qualification,25,33634.66,False,,False,,,False,,FY2026-Q3
101110,5153,"Gould, Marshall and Scott",Mid Cap Public,Venue,1007,False,West,2025-07-20,2025-08-08,Closed Lost,0,40268.45,True,False,False,Lost to Competitor,Ideagen/Q4,False,19.0,FY2025-Q3
101111,5018,Anderson Group,Pre-IPO / Private,Venue,1006,False,Northeast,2025-02-15,2025-04-01,Closed Lost,0,46134.66,True,False,False,Lost to Competitor,Ideagen/Q4,False,45.0,FY2025-Q2
101112,5123,"Simmons, Meadows and Griffin",Pre-IPO / Private,Venue,1007,False,Midwest,2025-08-05,2025-08-31,Closed Lost,0,77540.27,True,False,False,Timing - Not Ready,Donnelley Legacy/Manual Process,False,26.0,FY2025-Q3
101113,5392,Marshall-Elliott,Pre-IPO / Private,Venue,1008,False,West,2025-09-05,2025-10-06,Closed Lost,0,26345.3,True,False,False,Budget Cut,Workiva,False,31.0,FY2025-Q4
101114,5117,Stafford Inc,Large Cap Public,Venue,1011,False,Texas/Central,2025-04-15,2025-05-27,Closed Lost,0,99664.53,True,False,False,Budget Cut,Workiva,False,42.0,FY2025-Q2
101115,5418,"Henderson, Cox and Cox",Private Equity,Venue,1010,False,West,2025-05-27,2025-06-22,Closed Lost,0,36899.06,True,False,False,Price,Ideagen/Q4,False,26.0,FY2025-Q2
101116,5189,Erickson and Sons,Private Equity,Venue,1010,False,Midwest,2025-10-11,2025-11-26,Closed Won,100,49009.16,True,True,False,,,False,46.0,FY2025-Q4
101117,5271,Harvey-Allen,Pre-IPO / Private,Venue,1007,False,Midwest,2025-11-06,2025-12-15,Closed Lost,0,41187.59,True,False,False,Lost to Competitor,Toppan Merrill,False,39.0,FY2025-Q4
101118,5367,Reed Inc,Investment Bank,Venue,1007,False,Midwest,2026-02-09,2026-03-14,Closed Won,100,53390.01,True,True,False,,,False,33.0,FY2026-Q1
101119,5267,Williams Inc,Large Cap Public,Venue,1006,False,West,2026-05-26,2026-06-25,Closed Won,100,100722.68,True,True,False,,,False,30.0,FY2026-Q2
101120,5232,Wolf-Harris,Large Cap Public,Venue,1011,False,Texas/Central,2024-10-28,2024-12-02,Closed Won,100,60564.92,True,True,False,,,False,35.0,FY2024-Q4
101121,5020,Hickman Ltd,Pre-IPO / Private,Venue,1019,True,Southeast,2025-08-17,2025-09-15,Closed Lost,0,16265.13,True,False,False,Feature Gap,In-house Build,False,29.0,FY2025-Q3
101122,5469,Robertson-Hays,Large Cap Public,Venue,1011,False,West,2026-06-08,2026-07-07,Proposal,60,11338.85,False,,False,,,False,,FY2026-Q3
101123,5230,Gutierrez-Lopez,Private Equity,Venue,1006,False,Southeast,2025-07-11,2025-07-24,Closed Lost,0,11782.65,True,False,False,Feature Gap,In-house Build,False,13.0,FY2025-Q3
101124,5139,Johnson-Rogers,Pre-IPO / Private,Venue,1011,False,Northeast,2026-02-06,2026-03-09,Closed Lost,0,60331.28,True,False,False,Timing - Not Ready,Intralinks,False,31.0,FY2026-Q1
101125,5168,Marshall-Petersen,Large Cap Public,Venue,1010,False,Southeast,2026-06-19,2026-06-30,Closed Won,100,96292.17,True,True,False,,,False,11.0,FY2026-Q2
101126,5212,Jones and Sons,Large Cap Public,Venue,1011,False,Southeast,2025-01-05,2025-02-15,Closed Won,100,35808.86,True,True,False,,,False,41.0,FY2025-Q1
101127,5020,Hickman Ltd,Pre-IPO / Private,Venue,1011,False,Southeast,2026-01-02,2026-02-05,Closed Won,100,54576.76,True,True,False,,,False,34.0,FY2026-Q1
101128,5047,"Daniels, Adkins and Brown",Private Equity,Venue,1007,False,Midwest,2026-05-05,2026-06-12,Closed Lost,0,8000.0,True,False,False,Feature Gap,Intralinks,False,38.0,FY2026-Q2
101129,5071,Walsh LLC,Mid Cap Public,Venue,1008,False,Texas/Central,2026-01-19,2026-02-18,Closed Won,100,20885.42,True,True,False,,,False,30.0,FY2026-Q1
101130,5276,"Evans, Hayden and Vaughn",Private Equity,Venue,1007,False,Texas/Central,2026-02-08,2026-04-02,Closed Won,100,19945.46,True,True,False,,,False,53.0,FY2026-Q2
101131,5292,Coffey-Phillips,Private Equity,Venue,1008,False,West,2024-08-04,2024-09-16,Closed Won,100,57792.41,True,True,False,,,False,43.0,FY2024-Q3
101132,5365,"Miller, Ramos and Coleman",Investment Bank,Venue,1008,False,Northeast,2026-05-04,2026-06-19,Closed Won,100,8000.0,True,True,False,,,False,46.0,FY2026-Q2
101133,5245,Hoover-Campbell,Investment Bank,Venue,1009,False,Southeast,2025-09-28,2025-11-03,Closed Lost,0,8000.0,True,False,False,Timing - Not Ready,Datasite,False,36.0,FY2025-Q4
101134,5393,"Cole, Glass and Cunningham",Investment Bank,Venue,1011,False,Texas/Central,2026-01-02,2026-01-30,Closed Won,100,38600.96,True,True,False,,,False,28.0,FY2026-Q1
101135,5303,"Turner, Ortiz and Taylor",Private Equity,Venue,1007,False,Texas/Central,2025-02-27,2025-04-30,Closed Won,100,64238.72,True,True,False,,,False,62.0,FY2025-Q2
101136,5310,Crosby-Ramirez,Large Cap Public,Venue,1008,False,Northeast,2025-02-06,2025-03-18,Closed Won,100,8000.0,True,True,False,,,False,40.0,FY2025-Q1
101137,5247,"Burns, Hernandez and Ryan",Private Equity,Venue,1008,False,Mid-Atlantic,2025-09-05,2025-10-22,Closed Won,100,33655.12,True,True,False,,,False,47.0,FY2025-Q4
101138,5312,Garcia-Jennings,Mid Cap Public,Venue,1011,False,Midwest,2024-09-23,2024-10-06,Closed Lost,0,29287.46,True,False,False,Feature Gap,Intralinks,False,13.0,FY2024-Q4
101139,5230,Gutierrez-Lopez,Private Equity,Venue,1008,False,Southeast,2024-09-10,2024-10-12,Closed Lost,0,26097.64,True,False,False,Feature Gap,Toppan Merrill,False,32.0,FY2024-Q4
101140,5332,Henry Group,Large Cap Public,Venue,1008,False,West,2026-03-11,2026-04-20,Closed Lost,0,20401.3,True,False,False,Budget Cut,Donnelley Legacy/Manual Process,False,40.0,FY2026-Q2
101141,5148,Curry Inc,Pre-IPO / Private,Venue,1010,False,Mid-Atlantic,2026-03-10,2026-04-02,Closed Won,100,8000.0,True,True,False,,,False,23.0,FY2026-Q2
101142,5209,"Hall, Baker and Moody",Mid Cap Public,Venue,1008,False,Mid-Atlantic,2025-08-20,2025-09-13,Closed Lost,0,29178.28,True,False,False,No Decision / Stalled,Intralinks,False,24.0,FY2025-Q3
101143,5390,Morrison Ltd,Private Equity,Venue,1007,False,Southeast,2025-04-06,2025-05-01,Closed Won,100,66889.44,True,True,False,,,False,25.0,FY2025-Q2
101144,5102,"Parker, Ortiz and Powell",Investment Bank,Venue,1008,False,Southeast,2024-11-03,2024-11-13,Closed Lost,0,38604.08,True,False,False,Budget Cut,Workiva,False,10.0,FY2024-Q4
101145,5315,Davis-Lewis,Investment Bank,Venue,1008,False,Texas/Central,2025-06-22,2025-07-26,Closed Lost,0,46621.75,True,False,False,Timing - Not Ready,Workiva,False,34.0,FY2025-Q3
101146,5389,Thomas and Sons,Large Cap Public,Venue,1007,False,Texas/Central,2024-12-21,2025-01-09,Closed Won,100,36722.51,True,True,False,,,False,19.0,FY2025-Q1
101147,5457,Jones-Fox,Pre-IPO / Private,Venue,1010,False,Texas/Central,2026-05-25,2026-06-16,Closed Lost,0,12822.05,True,False,False,Budget Cut,Donnelley Legacy/Manual Process,False,22.0,FY2026-Q2
101148,5224,Bailey-Cook,Investment Bank,Venue,1011,False,West,2024-11-07,2025-01-05,Closed Won,100,21437.26,True,True,False,,,False,59.0,FY2025-Q1
101149,5262,Brennan-Johnson,Large Cap Public,Venue,1008,False,Southeast,2025-03-30,2025-05-14,Closed Lost,0,20886.35,True,False,False,Lost to Competitor,Toppan Merrill,False,45.0,FY2025-Q2
101150,5109,"Jackson, Miller and Robertson",Pre-IPO / Private,Venue,1007,False,Mid-Atlantic,2025-09-01,2025-10-12,Closed Lost,0,67226.74,True,False,False,No Decision / Stalled,Ideagen/Q4,False,41.0,FY2025-Q4
101151,5466,Brown Group,Private Equity,Venue,1010,False,Midwest,2025-11-26,2025-12-26,Closed Lost,0,44331.48,True,False,False,Lost to Competitor,Datasite,False,30.0,FY2025-Q4
101152,5030,Lee-Davis,Large Cap Public,Venue,1008,False,Mid-Atlantic,2025-05-08,2025-06-23,Closed Lost,0,31454.24,True,False,False,Feature Gap,Workiva,False,46.0,FY2025-Q2
101153,5287,"Lucas, Parker and Alexander",Investment Bank,Venue,1010,False,Southeast,2024-09-24,2024-11-06,Closed Lost,0,19002.56,True,False,False,Price,Donnelley Legacy/Manual Process,False,43.0,FY2024-Q4
101154,5041,Hancock Inc,Mid Cap Public,Venue,1011,False,West,2026-05-24,2026-06-30,Closed Won,100,55522.93,True,True,False,,,False,37.0,FY2026-Q2
101155,5439,Wilkerson-Arias,Private Equity,Venue,1008,False,Northeast,2026-06-19,2026-08-17,Prospecting,10,98967.58,False,,False,,,False,,FY2026-Q3
101156,5038,Williams PLC,Private Equity,Venue,1010,False,Midwest,2026-05-31,2026-07-09,Proposal,60,8000.0,False,,False,,,False,,FY2026-Q3
101157,5458,"Hartman, Romero and Smith",Investment Bank,Venue,1010,False,Midwest,2026-05-21,2026-07-05,Negotiation,80,93387.74,False,,False,,,True,,FY2026-Q3
101158,5317,Zhang PLC,Investment Bank,Venue,1007,False,Midwest,2024-09-14,2024-09-24,Closed Lost,0,55024.39,True,False,False,Price,Donnelley Legacy/Manual Process,False,10.0,FY2024-Q3
101159,5035,"West, Henderson and Ramirez",Investment Bank,Venue,1008,False,Texas/Central,2025-07-23,2025-09-12,Closed Lost,0,58169.68,True,False,False,Lost to Competitor,Ideagen/Q4,False,51.0,FY2025-Q3
101160,5322,Fernandez and Sons,Mid Cap Public,Venue,1007,False,Texas/Central,2025-04-23,2025-05-30,Closed Won,100,40358.74,True,True,False,,,False,37.0,FY2025-Q2
101161,5081,Johnson-Doyle,Pre-IPO / Private,Venue,1008,False,Northeast,2026-02-02,2026-03-08,Closed Lost,0,76167.01,True,False,False,Feature Gap,In-house Build,False,34.0,FY2026-Q1
101162,5154,Jackson-Lawson,Pre-IPO / Private,Venue,1009,False,West,2025-10-17,2025-11-17,Closed Won,100,84238.1,True,True,False,,,False,31.0,FY2025-Q4
101163,5340,Perry-Davis,Large Cap Public,Venue,1006,False,Mid-Atlantic,2025-05-01,2025-06-26,Closed Won,100,27648.1,True,True,False,,,False,56.0,FY2025-Q2
101164,5292,Coffey-Phillips,Private Equity,Venue,1007,False,West,2024-10-11,2024-10-21,Closed Won,100,49986.89,True,True,False,,,False,10.0,FY2024-Q4
101165,5139,Johnson-Rogers,Pre-IPO / Private,Venue,1008,False,Northeast,2025-11-11,2025-12-01,Closed Won,100,82652.26,True,True,False,,,False,20.0,FY2025-Q4
101166,5209,"Hall, Baker and Moody",Mid Cap Public,Venue,1007,False,Mid-Atlantic,2025-07-18,2025-08-19,Closed Lost,0,54125.41,True,False,False,No Decision / Stalled,Workiva,False,32.0,FY2025-Q3
101167,5429,Young-Allen,Private Equity,Venue,1007,False,Southeast,2026-05-03,2026-06-08,Closed Won,100,36761.1,True,True,False,,,False,36.0,FY2026-Q2
101168,5134,"Smith, Gilmore and Johnston",Investment Bank,Venue,1011,False,West,2025-09-17,2025-10-25,Closed Won,100,30077.01,True,True,False,,,False,38.0,FY2025-Q4
101169,5283,Parsons-Hall,Large Cap Public,Venue,1011,False,Midwest,2025-04-17,2025-05-14,Closed Won,100,50073.17,True,True,False,,,False,27.0,FY2025-Q2
101170,5447,Gilbert-Bullock,Large Cap Public,Venue,1009,False,Midwest,2025-03-29,2025-05-21,Closed Lost,0,11527.53,True,False,False,Feature Gap,Intralinks,False,53.0,FY2025-Q2
101171,5460,King-Smith,Investment Bank,Venue,1006,False,Midwest,2025-08-02,2025-09-10,Closed Won,100,42359.62,True,True,False,,,False,39.0,FY2025-Q3
101172,5464,Li-Thompson,Investment Bank,Venue,1006,False,Northeast,2025-11-24,2026-01-13,Closed Lost,0,11421.38,True,False,False,No Decision / Stalled,Donnelley Legacy/Manual Process,False,50.0,FY2026-Q1
101173,5387,"Hicks, Bullock and Bailey",Pre-IPO / Private,Venue,1008,False,Northeast,2025-09-17,2025-10-26,Closed Lost,0,33933.24,True,False,False,Budget Cut,Intralinks,False,39.0,FY2025-Q4
101174,5326,"Fisher, Wilson and Brown",Mid Cap Public,Venue,1006,False,Midwest,2025-01-07,2025-02-13,Closed Lost,0,94995.32,True,False,False,Feature Gap,Intralinks,False,37.0,FY2025-Q1
101175,5341,Edwards-Scott,Private Equity,Venue,1011,False,Southeast,2025-09-12,2025-10-19,Closed Lost,0,61820.8,True,False,False,Price,Toppan Merrill,False,37.0,FY2025-Q4
101176,5150,"Williams, Johnson and Wright",Investment Bank,Venue,1010,False,West,2025-01-09,2025-02-02,Closed Lost,0,90181.69,True,False,False,Lost to Competitor,Intralinks,False,24.0,FY2025-Q1
101177,5305,Davis PLC,Mid Cap Public,Venue,1009,False,Northeast,2026-03-23,2026-05-06,Closed Won,100,11596.81,True,True,False,,,False,44.0,FY2026-Q2
101178,5284,Robinson-Lee,Investment Bank,Venue,1007,False,Texas/Central,2026-06-16,2026-08-05,Qualification,25,18227.6,False,,False,,,False,,FY2026-Q3
101179,5048,"Woods, Calhoun and Schmidt",Large Cap Public,Venue,1006,False,Texas/Central,2025-11-02,2025-12-01,Closed Won,100,28547.57,True,True,False,,,False,29.0,FY2025-Q4
101180,5198,Miller-Wright,Private Equity,Venue,1009,False,Northeast,2025-07-07,2025-08-26,Closed Won,100,48025.33,True,True,False,,,False,50.0,FY2025-Q3
101181,5390,Morrison Ltd,Private Equity,Venue,1006,False,Southeast,2025-01-02,2025-02-10,Closed Lost,0,48686.88,True,False,False,No Decision / Stalled,Intralinks,False,39.0,FY2025-Q1
101182,5236,Tran Inc,Investment Bank,Venue,1010,False,Texas/Central,2025-10-26,2025-11-30,Closed Won,100,53073.69,True,True,False,,,False,35.0,FY2025-Q4
101183,5308,"Newton, Moore and Perry",Investment Bank,Venue,1011,False,Texas/Central,2025-07-07,2025-08-11,Closed Won,100,83543.67,True,True,False,,,False,35.0,FY2025-Q3
101184,5034,Wright and Sons,Mid Cap Public,Venue,1008,False,Texas/Central,2024-11-10,2024-12-08,Closed Lost,0,72247.36,True,False,False,Timing - Not Ready,In-house Build,False,28.0,FY2024-Q4
101185,5097,Smith-Frost,Mid Cap Public,Venue,1007,False,Northeast,2025-02-28,2025-03-26,Closed Lost,0,35449.88,True,False,False,Price,Workiva,False,26.0,FY2025-Q1
101186,5287,"Lucas, Parker and Alexander",Investment Bank,Venue,1011,False,Southeast,2024-10-31,2024-12-03,Closed Lost,0,33479.36,True,False,False,Lost to Competitor,Toppan Merrill,False,33.0,FY2024-Q4
101187,5168,Marshall-Petersen,Large Cap Public,Venue,1020,True,Southeast,2024-10-09,2024-11-11,Closed Lost,0,8000.0,True,False,False,No Decision / Stalled,Toppan Merrill,False,33.0,FY2024-Q4
101188,5083,"Shields, Cochran and Adams",Investment Bank,Venue,1007,False,Mid-Atlantic,2025-01-22,2025-02-16,Closed Won,100,8000.0,True,True,False,,,False,25.0,FY2025-Q1
101189,5121,"Schmidt, Hansen and Stewart",Large Cap Public,Venue,1008,False,Southeast,2025-09-01,2025-10-09,Closed Lost,0,8000.0,True,False,False,Timing - Not Ready,Datasite,False,38.0,FY2025-Q4
101190,5244,Morgan-French,Large Cap Public,Venue,1006,False,Midwest,2025-10-02,2025-11-05,Closed Lost,0,80760.01,True,False,False,Price,Donnelley Legacy/Manual Process,False,34.0,FY2025-Q4
101191,5015,Allen-Allen,Pre-IPO / Private,Venue,1008,False,West,2026-06-13,2026-06-30,Closed Lost,0,8000.0,True,False,False,Feature Gap,Intralinks,False,17.0,FY2026-Q2
101192,5239,Jimenez Ltd,Private Equity,Venue,1010,False,Southeast,2025-04-04,2025-05-27,Closed Won,100,21626.1,True,True,False,,,False,53.0,FY2025-Q2
101193,5064,"Garcia, Humphrey and Baker",Large Cap Public,Venue,1008,False,Texas/Central,2026-06-24,2026-08-03,Prospecting,10,14341.1,False,,False,,,False,,FY2026-Q3
101194,5297,"Martinez, Richardson and Curry",Mid Cap Public,Venue,1018,True,Southeast,2026-01-16,2026-02-02,Closed Won,100,8000.0,True,True,False,,,False,17.0,FY2026-Q1
101195,5083,"Shields, Cochran and Adams",Investment Bank,Venue,1008,False,Mid-Atlantic,2025-04-24,2025-06-08,Closed Lost,0,8000.0,True,False,False,No Decision / Stalled,Ideagen/Q4,False,45.0,FY2025-Q2
101196,5392,Marshall-Elliott,Pre-IPO / Private,Venue,1006,False,West,2025-01-31,2025-03-02,Closed Lost,0,15371.56,True,False,False,Feature Gap,In-house Build,False,30.0,FY2025-Q1
101197,5369,"Estrada, Williams and Foster",Large Cap Public,Venue,1020,True,West,2025-05-28,2025-06-29,Closed Lost,0,77847.95,True,False,False,No Decision / Stalled,Toppan Merrill,False,32.0,FY2025-Q2
101198,5287,"Lucas, Parker and Alexander",Investment Bank,Venue,1006,False,Southeast,2025-04-27,2025-05-23,Closed Lost,0,70808.17,True,False,False,Lost to Competitor,Toppan Merrill,False,26.0,FY2025-Q2
101199,5005,Frazier Inc,Large Cap Public,Venue,1020,True,Mid-Atlantic,2024-12-27,2025-02-22,Closed Lost,0,48769.27,True,False,False,Timing - Not Ready,Workiva,False,57.0,FY2025-Q1
101200,5271,Harvey-Allen,Pre-IPO / Private,Venue,1010,False,Midwest,2026-04-30,2026-05-31,Closed Lost,0,78430.12,True,False,False,Budget Cut,Intralinks,False,31.0,FY2026-Q2
101201,5380,Jackson-Meza,Pre-IPO / Private,Venue,1009,False,Southeast,2025-04-01,2025-04-26,Closed Won,100,93427.72,True,True,False,,,False,25.0,FY2025-Q2
101202,5217,Navarro-Munoz,Large Cap Public,Venue,1009,False,Northeast,2025-09-17,2025-10-17,Closed Won,100,33473.61,True,True,False,,,False,30.0,FY2025-Q4
101203,5396,Welch-Hogan,Investment Bank,Venue,1007,False,Texas/Central,2025-10-13,2025-11-21,Closed Won,100,51609.88,True,True,False,,,False,39.0,FY2025-Q4
101204,5247,"Burns, Hernandez and Ryan",Private Equity,Venue,1009,False,Mid-Atlantic,2024-07-21,2024-08-29,Closed Lost,0,56328.6,True,False,False,Lost to Competitor,Workiva,False,39.0,FY2024-Q3
101205,5218,Davis Ltd,Investment Bank,Venue,1009,False,Mid-Atlantic,2024-09-11,2024-10-19,Closed Lost,0,95307.28,True,False,False,Budget Cut,Workiva,False,38.0,FY2024-Q4
101206,5039,Novak and Sons,Private Equity,Venue,1006,False,Southeast,2025-12-21,2026-02-03,Closed Lost,0,115450.67,True,False,False,Budget Cut,Donnelley Legacy/Manual Process,False,44.0,FY2026-Q1
101207,5310,Crosby-Ramirez,Large Cap Public,Venue,1011,False,Northeast,2024-10-20,2024-11-15,Closed Lost,0,73169.02,True,False,False,Lost to Competitor,Intralinks,False,26.0,FY2024-Q4
101208,5257,Bowen Group,Investment Bank,Venue,1006,False,Mid-Atlantic,2025-03-31,2025-05-15,Closed Lost,0,17748.78,True,False,False,Price,Ideagen/Q4,False,45.0,FY2025-Q2
101209,5061,Moore-Bass,Large Cap Public,Venue,1008,False,Midwest,2026-01-06,2026-02-10,Closed Lost,0,21919.95,True,False,False,Price,Intralinks,False,35.0,FY2026-Q1
101210,5458,"Hartman, Romero and Smith",Investment Bank,Venue,1008,False,Midwest,2025-09-27,2025-10-25,Closed Won,100,21228.88,True,True,False,,,False,28.0,FY2025-Q4
101211,5113,Riggs PLC,Investment Bank,Venue,1011,False,West,2025-03-06,2025-03-25,Closed Lost,0,23108.72,True,False,False,Price,Ideagen/Q4,False,19.0,FY2025-Q1
101212,5254,"Pollard, Simpson and Johnson",Private Equity,Venue,1006,False,West,2024-10-13,2024-10-27,Closed Lost,0,23555.43,True,False,False,Budget Cut,Intralinks,False,14.0,FY2024-Q4
101213,5393,"Cole, Glass and Cunningham",Investment Bank,Venue,1009,False,Texas/Central,2025-02-14,2025-03-15,Closed Won,100,8000.0,True,True,False,,,False,29.0,FY2025-Q1
101214,5037,Morton-Chase,Mid Cap Public,Venue,1011,False,Texas/Central,2026-05-02,2026-06-11,Closed Won,100,126976.01,True,True,False,,,False,40.0,FY2026-Q2
101215,5181,"Wood, Tran and Cooper",Private Equity,Venue,1006,False,Northeast,2024-10-23,2024-12-01,Closed Won,100,8000.0,True,True,False,,,False,39.0,FY2024-Q4
101216,5179,Davis and Sons,Investment Bank,Venue,1008,False,Midwest,2025-06-30,2025-08-01,Closed Won,100,39399.05,True,True,False,,,False,32.0,FY2025-Q3
101217,5076,Nolan-Flynn,Large Cap Public,Venue,1011,False,West,2025-06-07,2025-07-27,Closed Lost,0,64656.52,True,False,False,Feature Gap,Toppan Merrill,False,50.0,FY2025-Q3
101218,5100,"Mccall, Hanson and Alvarado",Large Cap Public,Venue,1008,False,Northeast,2025-06-21,2025-07-15,Closed Lost,0,64629.05,True,False,False,Feature Gap,Datasite,False,24.0,FY2025-Q3
101219,5257,Bowen Group,Investment Bank,Venue,1007,False,Mid-Atlantic,2024-09-16,2024-10-26,Closed Lost,0,35102.88,True,False,False,Lost to Competitor,Datasite,False,40.0,FY2024-Q4
101220,5201,Kerr-Evans,Pre-IPO / Private,Venue,1011,False,Southeast,2024-10-23,2024-11-16,Closed Won,100,55310.69,True,True,False,,,False,24.0,FY2024-Q4
101221,5004,"Ferrell, Rice and Maddox",Private Equity,Venue,1007,False,Midwest,2025-05-26,2025-06-27,Closed Lost,0,41305.83,True,False,False,No Decision / Stalled,Datasite,False,32.0,FY2025-Q2
101222,5073,"Patterson, Smith and Jones",Pre-IPO / Private,Venue,1009,False,Southeast,2025-09-07,2025-10-13,Closed Lost,0,32898.95,True,False,False,Feature Gap,Datasite,False,36.0,FY2025-Q4
101223,5300,Harvey PLC,Pre-IPO / Private,Venue,1010,False,Mid-Atlantic,2025-02-20,2025-03-11,Closed Lost,0,8000.0,True,False,False,Timing - Not Ready,In-house Build,False,19.0,FY2025-Q1
101224,5154,Jackson-Lawson,Pre-IPO / Private,Venue,1007,False,West,2025-02-09,2025-03-14,Closed Won,100,53064.95,True,True,False,,,False,33.0,FY2025-Q1
101225,5244,Morgan-French,Large Cap Public,Venue,1006,False,Midwest,2025-10-28,2025-12-08,Closed Won,100,53148.17,True,True,False,,,False,41.0,FY2025-Q4
101226,5051,"Hensley, Powell and David",Large Cap Public,Venue,1010,False,Midwest,2024-11-19,2024-12-13,Closed Lost,0,63793.33,True,False,False,Budget Cut,Intralinks,False,24.0,FY2024-Q4
101227,5382,Kim Inc,Mid Cap Public,Venue,1018,True,Midwest,2025-02-14,2025-02-24,Closed Won,100,65352.93,True,True,False,,,False,10.0,FY2025-Q1
101228,5301,Herman-Walker,Mid Cap Public,Venue,1011,False,Midwest,2026-06-20,2026-06-30,Closed Lost,0,80578.95,True,False,False,No Decision / Stalled,Workiva,False,10.0,FY2026-Q2
101229,5387,"Hicks, Bullock and Bailey",Pre-IPO / Private,Venue,1006,False,Northeast,2024-10-16,2024-12-10,Closed Lost,0,8000.0,True,False,False,Timing - Not Ready,Ideagen/Q4,False,55.0,FY2024-Q4
101230,5429,Young-Allen,Private Equity,Venue,1007,False,Southeast,2024-07-30,2024-09-10,Closed Won,100,8000.0,True,True,False,,,False,42.0,FY2024-Q3
101231,5148,Curry Inc,Pre-IPO / Private,Venue,1011,False,Mid-Atlantic,2025-08-30,2025-10-12,Closed Won,100,17520.87,True,True,False,,,False,43.0,FY2025-Q4
101232,5460,King-Smith,Investment Bank,Venue,1009,False,Midwest,2026-06-15,2026-08-05,Qualification,25,29319.33,False,,False,,,False,,FY2026-Q3
101233,5309,Bass PLC,Investment Bank,Venue,1011,False,Southeast,2025-09-27,2025-11-10,Closed Won,100,50902.01,True,True,False,,,False,44.0,FY2025-Q4
101234,5211,"Walker, Hernandez and Baker",Investment Bank,Venue,1010,False,West,2024-12-06,2025-01-18,Closed Lost,0,50854.76,True,False,False,Timing - Not Ready,Intralinks,False,43.0,FY2025-Q1
101235,5073,"Patterson, Smith and Jones",Pre-IPO / Private,Venue,1009,False,Southeast,2026-05-27,2026-06-06,Closed Lost,0,34218.15,True,False,False,No Decision / Stalled,In-house Build,False,10.0,FY2026-Q2
101236,5278,Castaneda-Rodriguez,Large Cap Public,Venue,1009,False,West,2025-05-09,2025-07-04,Closed Lost,0,38915.29,True,False,False,No Decision / Stalled,Workiva,False,56.0,FY2025-Q3
101237,5139,Johnson-Rogers,Pre-IPO / Private,Venue,1011,False,Northeast,2025-02-09,2025-03-14,Closed Lost,0,36970.58,True,False,False,Timing - Not Ready,Ideagen/Q4,False,33.0,FY2025-Q1
101238,5275,Jones LLC,Private Equity,Venue,1008,False,Northeast,2026-06-09,2026-07-12,Proposal,60,9550.99,False,,False,,,False,,FY2026-Q3
101239,5093,Johnson-Carlson,Pre-IPO / Private,Venue,1011,False,Northeast,2025-07-24,2025-08-16,Closed Lost,0,16917.56,True,False,False,No Decision / Stalled,Workiva,False,23.0,FY2025-Q3
101240,5116,Hernandez Ltd,Mid Cap Public,Venue,1008,False,Northeast,2024-09-17,2024-11-02,Closed Won,100,72054.31,True,True,False,,,False,46.0,FY2024-Q4
101241,5283,Parsons-Hall,Large Cap Public,Venue,1006,False,Midwest,2024-09-04,2024-09-29,Closed Lost,0,36943.66,True,False,False,No Decision / Stalled,Intralinks,False,25.0,FY2024-Q3
101242,5185,"Tapia, Vaughn and Lee",Private Equity,Venue,1010,False,Texas/Central,2025-03-03,2025-04-11,Closed Won,100,29591.03,True,True,False,,,False,39.0,FY2025-Q2
101243,5164,Short-Garcia,Pre-IPO / Private,Venue,1008,False,Southeast,2025-11-07,2025-12-11,Closed Won,100,71063.3,True,True,False,,,False,34.0,FY2025-Q4
101244,5134,"Smith, Gilmore and Johnston",Investment Bank,Venue,1011,False,West,2025-11-24,2025-12-08,Closed Won,100,8000.0,True,True,False,,,False,14.0,FY2025-Q4
101245,5148,Curry Inc,Pre-IPO / Private,Venue,1008,False,Mid-Atlantic,2026-06-19,2026-07-15,Needs Analysis,40,38379.79,False,,False,,,False,,FY2026-Q3
101246,5185,"Tapia, Vaughn and Lee",Private Equity,Venue,1009,False,Texas/Central,2024-11-30,2025-01-10,Closed Lost,0,47431.56,True,False,False,Price,Datasite,False,41.0,FY2025-Q1
101247,5058,"Ferrell, Jones and Lewis",Mid Cap Public,Venue,1006,False,West,2024-09-18,2024-10-25,Closed Lost,0,40266.23,True,False,False,Lost to Competitor,Intralinks,False,37.0,FY2024-Q4
101248,5194,Sheppard LLC,Mid Cap Public,Venue,1010,False,Mid-Atlantic,2026-04-30,2026-06-05,Closed Lost,0,15829.41,True,False,False,Feature Gap,In-house Build,False,36.0,FY2026-Q2
101249,5102,"Parker, Ortiz and Powell",Investment Bank,Venue,1007,False,Southeast,2025-06-14,2025-07-18,Closed Won,100,43171.73,True,True,False,,,False,34.0,FY2025-Q3
101250,5055,"Edwards, Baker and Anderson",Large Cap Public,Venue,1020,True,Texas/Central,2025-09-14,2025-10-01,Closed Lost,0,65489.67,True,False,False,Budget Cut,Intralinks,False,17.0,FY2025-Q4
101251,5109,"Jackson, Miller and Robertson",Pre-IPO / Private,Venue,1019,True,Mid-Atlantic,2025-11-21,2025-12-29,Closed Lost,0,63763.58,True,False,False,Price,Donnelley Legacy/Manual Process,False,38.0,FY2025-Q4
101252,5170,Ramirez Group,Pre-IPO / Private,Venue,1008,False,Mid-Atlantic,2025-10-08,2025-11-19,Closed Won,100,48413.03,True,True,False,,,False,42.0,FY2025-Q4
101253,5361,Moore-Collins,Mid Cap Public,Venue,1006,False,Midwest,2026-02-10,2026-03-01,Closed Won,100,13801.83,True,True,False,,,False,19.0,FY2026-Q1
101254,5045,"Stanley, Tucker and Lee",Private Equity,Venue,1009,False,Northeast,2025-10-14,2025-11-24,Closed Lost,0,63786.38,True,False,False,Budget Cut,Toppan Merrill,False,41.0,FY2025-Q4
101255,5286,"Becker, Taylor and Davis",Pre-IPO / Private,Venue,1009,False,Northeast,2025-11-11,2025-12-20,Closed Won,100,29004.13,True,True,False,,,False,39.0,FY2025-Q4
101256,5326,"Fisher, Wilson and Brown",Mid Cap Public,Venue,1008,False,Midwest,2026-05-27,2026-06-29,Closed Lost,0,74449.26,True,False,False,Timing - Not Ready,Datasite,False,33.0,FY2026-Q2
101257,5149,Walker-Jones,Pre-IPO / Private,Venue,1010,False,Mid-Atlantic,2024-09-23,2024-10-15,Closed Lost,0,8000.0,True,False,False,Feature Gap,Workiva,False,22.0,FY2024-Q4
101258,5362,Frank-Bradley,Mid Cap Public,Venue,1011,False,Northeast,2026-04-20,2026-05-20,Closed Lost,0,51601.16,True,False,False,Price,Intralinks,False,30.0,FY2026-Q2
101259,5467,Carter Inc,Pre-IPO / Private,Venue,1006,False,Northeast,2026-02-03,2026-04-01,Closed Won,100,8000.0,True,True,False,,,False,57.0,FY2026-Q2
101260,5043,House-Glover,Large Cap Public,Venue,1019,True,Mid-Atlantic,2026-05-16,2026-06-10,Closed Won,100,13806.05,True,True,False,,,False,25.0,FY2026-Q2
101261,5044,Henderson-Bernard,Mid Cap Public,Venue,1020,True,Texas/Central,2024-10-19,2024-12-05,Closed Won,100,52642.6,True,True,False,,,False,47.0,FY2024-Q4
101262,5285,Byrd-Le,Large Cap Public,Venue,1006,False,West,2025-01-20,2025-02-18,Closed Won,100,66625.55,True,True,False,,,False,29.0,FY2025-Q1
101263,5342,Mcdaniel Group,Private Equity,Venue,1009,False,West,2025-02-02,2025-03-20,Closed Won,100,62592.78,True,True,False,,,False,46.0,FY2025-Q1
101264,5047,"Daniels, Adkins and Brown",Private Equity,Venue,1007,False,Midwest,2025-10-24,2025-11-19,Closed Won,100,46503.27,True,True,False,,,False,26.0,FY2025-Q4
101265,5300,Harvey PLC,Pre-IPO / Private,Venue,1008,False,Mid-Atlantic,2024-09-01,2024-09-26,Closed Lost,0,14269.69,True,False,False,Budget Cut,Intralinks,False,25.0,FY2024-Q3
101266,5361,Moore-Collins,Mid Cap Public,Venue,1011,False,Midwest,2025-02-01,2025-03-07,Closed Lost,0,102597.37,True,False,False,No Decision / Stalled,Toppan Merrill,False,34.0,FY2025-Q1
101267,5212,Jones and Sons,Large Cap Public,Venue,1008,False,Southeast,2024-09-23,2024-10-14,Closed Won,100,77160.87,True,True,False,,,False,21.0,FY2024-Q4
101268,5011,"Romero, Gonzalez and Brooks",Large Cap Public,Venue,1010,False,Texas/Central,2025-10-05,2025-11-08,Closed Won,100,24463.67,True,True,False,,,False,34.0,FY2025-Q4
101269,5392,Marshall-Elliott,Pre-IPO / Private,Venue,1006,False,West,2025-01-04,2025-01-30,Closed Lost,0,55908.14,True,False,False,Budget Cut,Datasite,False,26.0,FY2025-Q1
101270,5218,Davis Ltd,Investment Bank,Venue,1009,False,Mid-Atlantic,2024-12-15,2025-01-27,Closed Lost,0,52435.61,True,False,False,Feature Gap,Ideagen/Q4,False,43.0,FY2025-Q1
101271,5446,Blake Group,Large Cap Public,Venue,1011,False,Midwest,2026-06-13,2026-07-08,Proposal,60,8000.0,False,,False,,,False,,FY2026-Q3
101272,5394,"Downs, Morris and Maddox",Large Cap Public,Venue,1010,False,Mid-Atlantic,2026-01-25,2026-02-12,Closed Won,100,38269.27,True,True,False,,,False,18.0,FY2026-Q1
101273,5015,Allen-Allen,Pre-IPO / Private,Venue,1007,False,West,2026-05-14,2026-06-04,Closed Won,100,71626.31,True,True,False,,,False,21.0,FY2026-Q2
101274,5277,Bruce-Gonzalez,Investment Bank,Venue,1009,False,Texas/Central,2025-05-20,2025-06-19,Closed Lost,0,49282.77,True,False,False,Budget Cut,Ideagen/Q4,False,30.0,FY2025-Q2
101275,5203,"Choi, Garcia and Farmer",Private Equity,Venue,1011,False,Southeast,2024-10-24,2024-12-25,Closed Won,100,70593.17,True,True,False,,,False,62.0,FY2024-Q4
101276,5063,"Smith, Montoya and Evans",Mid Cap Public,Venue,1020,True,West,2024-10-07,2024-11-18,Closed Lost,0,51009.14,True,False,False,Budget Cut,Toppan Merrill,False,42.0,FY2024-Q4
101277,5018,Anderson Group,Pre-IPO / Private,Venue,1007,False,Northeast,2025-02-06,2025-03-16,Closed Lost,0,30250.49,True,False,False,Timing - Not Ready,Workiva,False,38.0,FY2025-Q1
101278,5320,Schroeder-Kramer,Large Cap Public,Venue,1010,False,Texas/Central,2025-07-07,2025-08-26,Closed Lost,0,60409.04,True,False,False,Price,Toppan Merrill,False,50.0,FY2025-Q3
101279,5177,Freeman-Chang,Mid Cap Public,Venue,1009,False,West,2025-06-25,2025-07-05,Closed Lost,0,58394.54,True,False,False,No Decision / Stalled,Workiva,False,10.0,FY2025-Q3
101280,5200,Rowe Group,Private Equity,Venue,1007,False,West,2025-10-12,2025-11-07,Closed Lost,0,35981.47,True,False,False,Lost to Competitor,In-house Build,False,26.0,FY2025-Q4
101281,5448,Scott and Sons,Pre-IPO / Private,Venue,1011,False,Southeast,2025-07-25,2025-08-26,Closed Lost,0,8000.0,True,False,False,No Decision / Stalled,Toppan Merrill,False,32.0,FY2025-Q3
101282,5304,Torres Group,Private Equity,Venue,1006,False,Northeast,2024-10-09,2024-11-04,Closed Won,100,31754.76,True,True,False,,,False,26.0,FY2024-Q4
101283,5135,Smith-Bell,Pre-IPO / Private,Venue,1010,False,West,2024-10-14,2024-11-09,Closed Lost,0,73374.62,True,False,False,Price,Toppan Merrill,False,26.0,FY2024-Q4
101284,5337,"Wilson, Pena and Rich",Large Cap Public,Venue,1009,False,West,2025-09-03,2025-09-20,Closed Lost,0,34407.78,True,False,False,Price,Intralinks,False,17.0,FY2025-Q3
101285,5375,Jones-Hensley,Large Cap Public,Venue,1011,False,Mid-Atlantic,2025-10-18,2025-11-30,Closed Lost,0,95397.05,True,False,False,Feature Gap,Donnelley Legacy/Manual Process,False,43.0,FY2025-Q4
101286,5247,"Burns, Hernandez and Ryan",Private Equity,Venue,1008,False,Mid-Atlantic,2025-12-01,2026-01-06,Closed Won,100,27762.6,True,True,False,,,False,36.0,FY2026-Q1
101287,5006,"Dyer, Potter and Mack",Investment Bank,Venue,1009,False,Midwest,2026-05-20,2026-06-30,Closed Won,100,35174.21,True,True,False,,,False,41.0,FY2026-Q2
101288,5074,"Mckee, Gardner and Davenport",Investment Bank,Venue,1010,False,Northeast,2026-03-06,2026-04-13,Closed Lost,0,40590.2,True,False,False,Lost to Competitor,In-house Build,False,38.0,FY2026-Q2
101289,5007,Rodriguez-Graham,Mid Cap Public,Venue,1009,False,Mid-Atlantic,2025-01-13,2025-03-03,Closed Lost,0,8000.0,True,False,False,Timing - Not Ready,Donnelley Legacy/Manual Process,False,49.0,FY2025-Q1
101290,5276,"Evans, Hayden and Vaughn",Private Equity,Venue,1009,False,Texas/Central,2025-05-21,2025-06-11,Closed Won,100,12541.03,True,True,False,,,False,21.0,FY2025-Q2
101291,5360,Bennett Group,Private Equity,Venue,1008,False,Mid-Atlantic,2026-01-17,2026-03-04,Closed Won,100,63815.58,True,True,False,,,False,46.0,FY2026-Q1
101292,5375,Jones-Hensley,Large Cap Public,Venue,1006,False,Mid-Atlantic,2024-12-03,2025-01-11,Closed Lost,0,22729.3,True,False,False,Price,Toppan Merrill,False,39.0,FY2025-Q1
101293,5472,"Rivera, Martinez and Richardson",Pre-IPO / Private,Venue,1007,False,Mid-Atlantic,2025-07-01,2025-08-21,Closed Won,100,33006.4,True,True,False,,,False,51.0,FY2025-Q3
101294,5100,"Mccall, Hanson and Alvarado",Large Cap Public,Venue,1018,True,Northeast,2026-05-06,2026-06-23,Closed Lost,0,45056.9,True,False,False,Feature Gap,Workiva,False,48.0,FY2026-Q2
101295,5250,Pollard and Sons,Pre-IPO / Private,Venue,1010,False,Texas/Central,2024-10-21,2024-11-29,Closed Won,100,61925.84,True,True,False,,,False,39.0,FY2024-Q4
101296,5272,"Thomas, Murray and King",Private Equity,Venue,1006,False,West,2025-04-15,2025-05-02,Closed Lost,0,22048.14,True,False,False,No Decision / Stalled,Ideagen/Q4,False,17.0,FY2025-Q2
101297,5236,Tran Inc,Investment Bank,Venue,1009,False,Texas/Central,2025-08-04,2025-08-23,Closed Won,100,40474.63,True,True,False,,,False,19.0,FY2025-Q3
101298,5343,Davis Inc,Private Equity,Venue,1009,False,Southeast,2024-09-16,2024-10-02,Closed Won,100,109676.33,True,True,False,,,False,16.0,FY2024-Q4
101299,5328,Hayes and Sons,Private Equity,Venue,1007,False,Mid-Atlantic,2024-12-11,2025-01-21,Closed Lost,0,39845.49,True,False,False,Feature Gap,In-house Build,False,41.0,FY2025-Q1
101300,5054,Donovan-Harris,Private Equity,Venue,1008,False,Mid-Atlantic,2024-10-28,2024-12-28,Closed Lost,0,18619.87,True,False,False,Timing - Not Ready,In-house Build,False,61.0,FY2024-Q4
101301,5059,Anderson-Bailey,Private Equity,Venue,1006,False,Northeast,2024-07-05,2024-08-25,Closed Won,100,55993.07,True,True,False,,,False,51.0,FY2024-Q3
101302,5129,"Miller, Hernandez and Reyes",Private Equity,Venue,1007,False,West,2025-12-30,2026-01-28,Closed Won,100,47956.01,True,True,False,,,False,29.0,FY2026-Q1
101303,5401,Ford-Spencer,Large Cap Public,Venue,1006,False,Mid-Atlantic,2024-10-25,2024-12-01,Closed Won,100,49018.74,True,True,False,,,False,37.0,FY2024-Q4
101304,5081,Johnson-Doyle,Pre-IPO / Private,Venue,1007,False,Northeast,2024-09-23,2024-10-29,Closed Won,100,77631.98,True,True,False,,,False,36.0,FY2024-Q4
101305,5150,"Williams, Johnson and Wright",Investment Bank,Venue,1008,False,West,2025-01-20,2025-03-18,Closed Lost,0,8000.0,True,False,False,Feature Gap,Datasite,False,57.0,FY2025-Q1
101306,5031,Gomez-Jenkins,Large Cap Public,Venue,1011,False,Midwest,2025-03-13,2025-04-22,Closed Won,100,90877.21,True,True,False,,,False,40.0,FY2025-Q2
101307,5231,Dean-Jimenez,Mid Cap Public,Venue,1010,False,Midwest,2024-10-13,2024-11-17,Closed Won,100,30201.3,True,True,False,,,False,35.0,FY2024-Q4
101308,5211,"Walker, Hernandez and Baker",Investment Bank,Venue,1011,False,West,2025-09-29,2025-10-14,Closed Won,100,8739.75,True,True,False,,,False,15.0,FY2025-Q4
101309,5180,Holt-Torres,Pre-IPO / Private,Venue,1007,False,Southeast,2026-03-29,2026-05-01,Closed Lost,0,39864.36,True,False,False,No Decision / Stalled,Toppan Merrill,False,33.0,FY2026-Q2
101310,5424,Harper and Sons,Investment Bank,Venue,1006,False,Southeast,2025-10-03,2025-11-14,Closed Lost,0,36319.11,True,False,False,No Decision / Stalled,In-house Build,False,42.0,FY2025-Q4
101311,5005,Frazier Inc,Large Cap Public,Venue,1009,False,Mid-Atlantic,2024-07-30,2024-08-20,Closed Lost,0,21137.28,True,False,False,No Decision / Stalled,Intralinks,False,21.0,FY2024-Q3
101312,5450,Young-Martinez,Private Equity,Venue,1008,False,Texas/Central,2025-02-05,2025-03-27,Closed Won,100,18594.79,True,True,False,,,False,50.0,FY2025-Q1
101313,5394,"Downs, Morris and Maddox",Large Cap Public,Venue,1011,False,Mid-Atlantic,2024-11-02,2024-12-19,Closed Won,100,13923.41,True,True,False,,,False,47.0,FY2024-Q4
101314,5396,Welch-Hogan,Investment Bank,Venue,1007,False,Texas/Central,2026-02-01,2026-03-14,Closed Lost,0,43449.11,True,False,False,Budget Cut,Datasite,False,41.0,FY2026-Q1
101315,5363,Ware and Sons,Mid Cap Public,Venue,1006,False,Midwest,2025-02-02,2025-03-05,Closed Lost,0,54861.02,True,False,False,Feature Gap,In-house Build,False,31.0,FY2025-Q1
101316,5436,"Rosales, Mitchell and Hines",Private Equity,Venue,1009,False,Southeast,2026-02-07,2026-03-08,Closed Lost,0,70872.25,True,False,False,Budget Cut,Datasite,False,29.0,FY2026-Q1
101317,5049,Yu Inc,Large Cap Public,Venue,1009,False,Texas/Central,2025-01-18,2025-03-10,Closed Lost,0,64045.86,True,False,False,No Decision / Stalled,Donnelley Legacy/Manual Process,False,51.0,FY2025-Q1
101318,5422,"Wise, Conley and Stephenson",Investment Bank,Venue,1010,False,Northeast,2026-03-07,2026-04-02,Closed Won,100,58349.08,True,True,False,,,False,26.0,FY2026-Q2
101319,5151,Howell and Sons,Investment Bank,Venue,1009,False,West,2026-02-09,2026-04-02,Closed Won,100,67446.51,True,True,False,,,False,52.0,FY2026-Q2
101320,5386,Dixon Inc,Large Cap Public,Venue,1006,False,Midwest,2025-12-22,2026-01-01,Closed Lost,0,41423.46,True,False,False,Budget Cut,Toppan Merrill,False,10.0,FY2026-Q1
101321,5073,"Patterson, Smith and Jones",Pre-IPO / Private,Venue,1006,False,Southeast,2025-04-07,2025-05-04,Closed Lost,0,39689.64,True,False,False,No Decision / Stalled,Donnelley Legacy/Manual Process,False,27.0,FY2025-Q2
101322,5240,Hicks-Hill,Large Cap Public,Venue,1009,False,Mid-Atlantic,2025-08-06,2025-09-13,Closed Lost,0,8000.0,True,False,False,Price,Ideagen/Q4,False,38.0,FY2025-Q3
101323,5194,Sheppard LLC,Mid Cap Public,Venue,1006,False,Mid-Atlantic,2026-03-24,2026-04-05,Closed Won,100,97176.31,True,True,False,,,False,12.0,FY2026-Q2
101324,5439,Wilkerson-Arias,Private Equity,Venue,1007,False,Northeast,2026-06-04,2026-07-04,Negotiation,80,92294.08,False,,False,,,False,,FY2026-Q3
101325,5114,Gibson Ltd,Private Equity,Venue,1011,False,Mid-Atlantic,2026-01-01,2026-02-11,Closed Lost,0,31336.5,True,False,False,No Decision / Stalled,Ideagen/Q4,False,41.0,FY2026-Q1
101326,5303,"Turner, Ortiz and Taylor",Private Equity,Venue,1008,False,Texas/Central,2024-10-21,2024-12-09,Closed Won,100,60302.18,True,True,False,,,False,49.0,FY2024-Q4
101327,5201,Kerr-Evans,Pre-IPO / Private,Venue,1009,False,Southeast,2026-06-04,2026-06-23,Closed Won,100,100499.29,True,True,False,,,False,19.0,FY2026-Q2
101328,5141,Hooper PLC,Pre-IPO / Private,Venue,1007,False,Midwest,2024-10-30,2024-12-07,Closed Lost,0,24861.01,True,False,False,Budget Cut,Toppan Merrill,False,38.0,FY2024-Q4
101329,5005,Frazier Inc,Large Cap Public,Venue,1010,False,Mid-Atlantic,2026-05-15,2026-06-10,Closed Won,100,93020.32,True,True,False,,,False,26.0,FY2026-Q2
101330,5466,Brown Group,Private Equity,Venue,1008,False,Midwest,2026-05-08,2026-05-29,Closed Won,100,56276.39,True,True,False,,,False,21.0,FY2026-Q2
101331,5123,"Simmons, Meadows and Griffin",Pre-IPO / Private,Venue,1008,False,Midwest,2025-11-06,2025-12-31,Closed Lost,0,8000.0,True,False,False,No Decision / Stalled,In-house Build,False,55.0,FY2025-Q4
101332,5474,Morgan-Lopez,Mid Cap Public,Venue,1007,False,West,2026-05-06,2026-06-14,Closed Lost,0,8000.0,True,False,False,Price,Donnelley Legacy/Manual Process,False,39.0,FY2026-Q2
101333,5444,Moody-Taylor,Large Cap Public,Venue,1018,True,Southeast,2025-02-02,2025-03-10,Closed Won,100,26215.1,True,True,False,,,False,36.0,FY2025-Q1
101334,5035,"West, Henderson and Ramirez",Investment Bank,Venue,1008,False,Texas/Central,2025-01-08,2025-02-09,Closed Won,100,63072.51,True,True,False,,,False,32.0,FY2025-Q1
101335,5446,Blake Group,Large Cap Public,Venue,1008,False,Midwest,2025-05-16,2025-06-09,Closed Lost,0,73150.56,True,False,False,Feature Gap,Intralinks,False,24.0,FY2025-Q2
101336,5308,"Newton, Moore and Perry",Investment Bank,Venue,1009,False,Texas/Central,2024-11-10,2024-12-23,Closed Lost,0,100662.06,True,False,False,Timing - Not Ready,Intralinks,False,43.0,FY2024-Q4
101337,5453,Carlson-Smith,Investment Bank,Venue,1007,False,West,2025-08-13,2025-09-03,Closed Lost,0,55173.43,True,False,False,Timing - Not Ready,Toppan Merrill,False,21.0,FY2025-Q3
101338,5123,"Simmons, Meadows and Griffin",Pre-IPO / Private,Venue,1007,False,Midwest,2024-10-17,2024-11-03,Closed Won,100,88820.83,True,True,False,,,False,17.0,FY2024-Q4
101339,5023,Walker LLC,Pre-IPO / Private,Venue,1009,False,Texas/Central,2025-01-07,2025-02-25,Closed Lost,0,39555.19,True,False,False,Budget Cut,Datasite,False,49.0,FY2025-Q1
101340,5256,Garcia-Lozano,Investment Bank,Venue,1006,False,Mid-Atlantic,2024-10-29,2024-12-16,Closed Won,100,77396.96,True,True,False,,,False,48.0,FY2024-Q4
101341,5088,Ross LLC,Investment Bank,Venue,1006,False,Midwest,2025-09-14,2025-10-13,Closed Lost,0,23855.77,True,False,False,No Decision / Stalled,Workiva,False,29.0,FY2025-Q4
101342,5386,Dixon Inc,Large Cap Public,Venue,1007,False,Midwest,2025-09-05,2025-10-19,Closed Won,100,38644.92,True,True,False,,,False,44.0,FY2025-Q4
101343,5450,Young-Martinez,Private Equity,Venue,1011,False,Texas/Central,2024-10-19,2024-11-18,Closed Won,100,12528.19,True,True,False,,,False,30.0,FY2024-Q4
101344,5048,"Woods, Calhoun and Schmidt",Large Cap Public,Venue,1018,True,Texas/Central,2025-02-09,2025-03-14,Closed Lost,0,86633.87,True,False,False,Lost to Competitor,Workiva,False,33.0,FY2025-Q1
101345,5242,"Thomas, Lee and Greene",Private Equity,Venue,1010,False,Texas/Central,2024-10-11,2024-11-20,Closed Lost,0,59628.08,True,False,False,Budget Cut,Donnelley Legacy/Manual Process,False,40.0,FY2024-Q4
101346,5350,Moore Group,Mid Cap Public,Venue,1011,False,Mid-Atlantic,2024-10-11,2024-11-04,Closed Won,100,77953.64,True,True,False,,,False,24.0,FY2024-Q4
101347,5211,"Walker, Hernandez and Baker",Investment Bank,Venue,1011,False,West,2025-06-20,2025-07-22,Closed Lost,0,38146.44,True,False,False,Feature Gap,Workiva,False,32.0,FY2025-Q3
101348,5469,Robertson-Hays,Large Cap Public,Venue,1011,False,West,2025-01-05,2025-03-07,Closed Lost,0,35068.16,True,False,False,Feature Gap,Datasite,False,61.0,FY2025-Q1
101349,5394,"Downs, Morris and Maddox",Large Cap Public,Venue,1018,True,Mid-Atlantic,2024-12-21,2025-01-30,Closed Won,100,80687.28,True,True,False,,,False,40.0,FY2025-Q1
101350,5471,Kelly-Norman,Private Equity,Venue,1008,False,Texas/Central,2026-05-13,2026-06-09,Closed Won,100,65156.99,True,True,False,,,False,27.0,FY2026-Q2
101351,5223,"Graham, Olsen and Costa",Private Equity,Venue,1006,False,West,2024-09-16,2024-10-17,Closed Lost,0,92249.2,True,False,False,Budget Cut,In-house Build,False,31.0,FY2024-Q4
101352,5334,"Hernandez, Martinez and Weber",Pre-IPO / Private,Venue,1018,True,Mid-Atlantic,2025-10-26,2025-12-06,Closed Lost,0,56327.79,True,False,False,No Decision / Stalled,Ideagen/Q4,False,41.0,FY2025-Q4
101353,5275,Jones LLC,Private Equity,Venue,1011,False,Northeast,2024-10-10,2024-10-20,Closed Won,100,13012.64,True,True,False,,,False,10.0,FY2024-Q4
101354,5389,Thomas and Sons,Large Cap Public,Venue,1008,False,Texas/Central,2025-06-24,2025-07-13,Closed Lost,0,46750.68,True,False,False,No Decision / Stalled,Datasite,False,19.0,FY2025-Q3
101355,5164,Short-Garcia,Pre-IPO / Private,Venue,1010,False,Southeast,2025-05-04,2025-06-21,Closed Lost,0,69933.73,True,False,False,Timing - Not Ready,Donnelley Legacy/Manual Process,False,48.0,FY2025-Q2
101356,5435,Spencer-Garcia,Pre-IPO / Private,Venue,1007,False,Texas/Central,2026-04-16,2026-05-29,Closed Lost,0,39242.64,True,False,False,Lost to Competitor,Datasite,False,43.0,FY2026-Q2
101357,5362,Frank-Bradley,Mid Cap Public,Venue,1009,False,Northeast,2024-07-31,2024-09-05,Closed Won,100,16661.93,True,True,False,,,False,36.0,FY2024-Q3
101358,5327,Strickland-Palmer,Pre-IPO / Private,Venue,1009,False,Northeast,2024-09-29,2024-11-13,Closed Lost,0,8000.0,True,False,False,No Decision / Stalled,Toppan Merrill,False,45.0,FY2024-Q4
101359,5166,"Hernandez, Thompson and Boyd",Mid Cap Public,Venue,1009,False,Midwest,2026-01-08,2026-02-17,Closed Lost,0,8000.0,True,False,False,Timing - Not Ready,Intralinks,False,40.0,FY2026-Q1
101360,5231,Dean-Jimenez,Mid Cap Public,Venue,1008,False,Midwest,2026-05-26,2026-06-17,Closed Won,100,8000.0,True,True,False,,,False,22.0,FY2026-Q2
101361,5127,Hill Inc,Pre-IPO / Private,Venue,1020,True,Southeast,2025-04-08,2025-05-09,Closed Lost,0,92273.64,True,False,False,Timing - Not Ready,Workiva,False,31.0,FY2025-Q2
101362,5326,"Fisher, Wilson and Brown",Mid Cap Public,Venue,1008,False,Midwest,2025-10-08,2025-11-16,Closed Won,100,38831.62,True,True,False,,,False,39.0,FY2025-Q4
101363,5074,"Mckee, Gardner and Davenport",Investment Bank,Venue,1009,False,Northeast,2026-05-11,2026-06-21,Closed Won,100,57860.7,True,True,False,,,False,41.0,FY2026-Q2
101364,5344,Reynolds Ltd,Investment Bank,Venue,1008,False,Midwest,2025-04-27,2025-05-27,Closed Lost,0,62459.14,True,False,False,Price,Workiva,False,30.0,FY2025-Q2
101365,5199,"Duran, Obrien and Gibbs",Pre-IPO / Private,Venue,1019,True,Mid-Atlantic,2025-05-09,2025-06-18,Closed Lost,0,33776.5,True,False,False,Price,Workiva,False,40.0,FY2025-Q2
101366,5036,Baxter Inc,Mid Cap Public,Venue,1006,False,Midwest,2026-01-25,2026-02-20,Closed Lost,0,26241.17,True,False,False,Lost to Competitor,Toppan Merrill,False,26.0,FY2026-Q1
101367,5276,"Evans, Hayden and Vaughn",Private Equity,Venue,1006,False,Texas/Central,2025-09-15,2025-11-01,Closed Won,100,85481.64,True,True,False,,,False,47.0,FY2025-Q4
101368,5414,"Hale, Myers and Larson",Pre-IPO / Private,Venue,1007,False,West,2025-10-27,2025-11-25,Closed Lost,0,71314.76,True,False,False,Feature Gap,Donnelley Legacy/Manual Process,False,29.0,FY2025-Q4
101369,5424,Harper and Sons,Investment Bank,Venue,1008,False,Southeast,2024-10-08,2024-11-01,Closed Lost,0,75175.93,True,False,False,Lost to Competitor,In-house Build,False,24.0,FY2024-Q4
101370,5127,Hill Inc,Pre-IPO / Private,Venue,1010,False,Southeast,2026-05-26,2026-06-30,Closed Lost,0,30877.34,True,False,False,No Decision / Stalled,Intralinks,False,35.0,FY2026-Q2
101371,5426,"Lamb, Martin and Kim",Large Cap Public,Venue,1008,False,Mid-Atlantic,2026-01-18,2026-03-06,Closed Won,100,26692.21,True,True,False,,,False,47.0,FY2026-Q1
101372,5472,"Rivera, Martinez and Richardson",Pre-IPO / Private,Venue,1009,False,Mid-Atlantic,2025-01-03,2025-01-30,Closed Won,100,8000.0,True,True,False,,,False,27.0,FY2025-Q1
101373,5071,Walsh LLC,Mid Cap Public,Venue,1010,False,Texas/Central,2025-09-25,2025-11-21,Closed Lost,0,50503.16,True,False,False,Feature Gap,Datasite,False,57.0,FY2025-Q4
101374,5332,Henry Group,Large Cap Public,Venue,1009,False,West,2025-06-27,2025-08-10,Closed Lost,0,31496.03,True,False,False,Budget Cut,Workiva,False,44.0,FY2025-Q3
101375,5183,King-Martinez,Large Cap Public,Venue,1018,True,Texas/Central,2025-09-04,2025-09-22,Closed Lost,0,71089.73,True,False,False,No Decision / Stalled,Ideagen/Q4,False,18.0,FY2025-Q3
101376,5105,"Carroll, Sullivan and Bass",Pre-IPO / Private,Venue,1007,False,Southeast,2026-02-14,2026-03-04,Closed Lost,0,34192.34,True,False,False,Timing - Not Ready,Datasite,False,18.0,FY2026-Q1
101377,5075,"Tran, Jordan and Williams",Mid Cap Public,Venue,1009,False,Northeast,2025-08-06,2025-10-01,Closed Lost,0,57959.68,True,False,False,Timing - Not Ready,Donnelley Legacy/Manual Process,False,56.0,FY2025-Q4
101378,5359,Davis PLC,Mid Cap Public,Venue,1020,True,Southeast,2024-09-24,2024-11-18,Closed Won,100,60304.82,True,True,False,,,False,55.0,FY2024-Q4
101379,5027,Jones-Young,Investment Bank,Venue,1006,False,Southeast,2026-06-07,2026-06-28,Closed Won,100,21149.78,True,True,False,,,False,21.0,FY2026-Q2
101380,5287,"Lucas, Parker and Alexander",Investment Bank,Venue,1011,False,Southeast,2026-05-21,2026-06-22,Closed Won,100,48809.66,True,True,False,,,False,32.0,FY2026-Q2
101381,5072,Figueroa PLC,Investment Bank,Venue,1009,False,Texas/Central,2025-12-10,2026-01-11,Closed Won,100,19536.17,True,True,False,,,False,32.0,FY2026-Q1
101382,5238,Valentine-Holland,Investment Bank,Venue,1011,False,Southeast,2025-05-04,2025-06-27,Closed Lost,0,55666.42,True,False,False,Price,Ideagen/Q4,False,54.0,FY2025-Q2
101383,5262,Brennan-Johnson,Large Cap Public,Venue,1018,True,Southeast,2024-10-25,2024-12-01,Closed Lost,0,29371.52,True,False,False,Price,In-house Build,False,37.0,FY2024-Q4
101384,5185,"Tapia, Vaughn and Lee",Private Equity,Venue,1010,False,Texas/Central,2025-03-10,2025-03-20,Closed Lost,0,8000.0,True,False,False,Price,Workiva,False,10.0,FY2025-Q1
101385,5208,Warner-Gibson,Mid Cap Public,Venue,1010,False,Texas/Central,2025-01-04,2025-01-14,Closed Won,100,20273.61,True,True,False,,,False,10.0,FY2025-Q1
101386,5251,"Reyes, Chase and Jenkins",Investment Bank,Venue,1011,False,Texas/Central,2026-05-28,2026-07-05,Negotiation,80,33978.3,False,,False,,,False,,FY2026-Q3
101387,5302,Reid Group,Pre-IPO / Private,Venue,1011,False,Midwest,2025-01-05,2025-02-05,Closed Lost,0,33714.17,True,False,False,Lost to Competitor,In-house Build,False,31.0,FY2025-Q1
101388,5380,Jackson-Meza,Pre-IPO / Private,Venue,1008,False,Southeast,2025-01-21,2025-02-28,Closed Won,100,74554.17,True,True,False,,,False,38.0,FY2025-Q1
101389,5370,"Brown, Harris and Dougherty",Investment Bank,Venue,1011,False,Texas/Central,2026-02-22,2026-04-14,Closed Won,100,106217.33,True,True,False,,,False,51.0,FY2026-Q2
101390,5314,Lopez-Martinez,Private Equity,Venue,1009,False,West,2026-06-14,2026-07-27,Qualification,25,65519.12,False,,False,,,False,,FY2026-Q3
101391,5477,Morrison-Short,Mid Cap Public,Venue,1010,False,Texas/Central,2024-11-28,2024-12-31,Closed Won,100,8000.0,True,True,False,,,False,33.0,FY2024-Q4
101392,5335,"Kelley, Nguyen and Vang",Pre-IPO / Private,Venue,1020,True,Southeast,2025-05-06,2025-06-02,Closed Lost,0,23699.14,True,False,False,Timing - Not Ready,Donnelley Legacy/Manual Process,False,27.0,FY2025-Q2
101393,5029,"Johnston, Sanchez and Kennedy",Mid Cap Public,Venue,1009,False,Texas/Central,2025-06-28,2025-07-30,Closed Lost,0,62710.25,True,False,False,Budget Cut,Datasite,False,32.0,FY2025-Q3
101394,5114,Gibson Ltd,Private Equity,Venue,1010,False,Mid-Atlantic,2025-11-27,2026-02-04,Closed Won,100,82266.07,True,True,False,,,False,69.0,FY2026-Q1
101395,5133,Stein-Silva,Pre-IPO / Private,Venue,1010,False,Midwest,2025-06-25,2025-08-08,Closed Won,100,8200.49,True,True,False,,,False,44.0,FY2025-Q3
101396,5429,Young-Allen,Private Equity,Venue,1008,False,Southeast,2024-11-20,2024-12-26,Closed Lost,0,54632.46,True,False,False,Price,Ideagen/Q4,False,36.0,FY2024-Q4
101397,5119,"Holmes, Williams and Wright",Private Equity,Venue,1007,False,Mid-Atlantic,2025-10-26,2025-11-21,Closed Lost,0,63234.5,True,False,False,Timing - Not Ready,Ideagen/Q4,False,26.0,FY2025-Q4
101398,5411,King-York,Investment Bank,Venue,1008,False,Midwest,2026-02-22,2026-03-25,Closed Lost,0,8000.0,True,False,False,Budget Cut,Workiva,False,31.0,FY2026-Q1
101399,5048,"Woods, Calhoun and Schmidt",Large Cap Public,Venue,1009,False,Texas/Central,2024-12-09,2025-01-18,Closed Lost,0,26569.31,True,False,False,Budget Cut,Datasite,False,40.0,FY2025-Q1
101400,5169,"Adams, Christian and Rivas",Mid Cap Public,Venue,1011,False,Southeast,2025-02-22,2025-04-16,Closed Lost,0,32525.88,True,False,False,Price,Intralinks,False,53.0,FY2025-Q2
101401,5221,Ruiz Ltd,Large Cap Public,Venue,1006,False,Southeast,2025-09-03,2025-10-02,Closed Lost,0,52829.7,True,False,False,Price,Workiva,False,29.0,FY2025-Q4
101402,5408,Ortiz-Morgan,Investment Bank,Venue,1010,False,Mid-Atlantic,2025-09-25,2025-10-31,Closed Lost,0,28781.5,True,False,False,Price,Intralinks,False,36.0,FY2025-Q4
101403,5100,"Mccall, Hanson and Alvarado",Large Cap Public,Venue,1009,False,Northeast,2024-10-18,2024-11-13,Closed Won,100,49775.9,True,True,False,,,False,26.0,FY2024-Q4
101404,5291,"Shaw, Nelson and Martin",Private Equity,Venue,1009,False,Texas/Central,2025-01-16,2025-03-09,Closed Lost,0,70324.23,True,False,False,Lost to Competitor,Intralinks,False,52.0,FY2025-Q1
101405,5389,Thomas and Sons,Large Cap Public,Venue,1007,False,Texas/Central,2025-09-17,2025-10-10,Closed Won,100,48273.5,True,True,False,,,False,23.0,FY2025-Q4
101406,5439,Wilkerson-Arias,Private Equity,Venue,1007,False,Northeast,2024-10-06,2024-11-17,Closed Lost,0,30953.04,True,False,False,No Decision / Stalled,Ideagen/Q4,False,42.0,FY2024-Q4
101407,5420,Lee-Cooke,Mid Cap Public,Venue,1006,False,Texas/Central,2026-02-01,2026-03-21,Closed Won,100,116191.07,True,True,False,,,False,48.0,FY2026-Q1
101408,5446,Blake Group,Large Cap Public,Venue,1010,False,Midwest,2025-01-10,2025-02-18,Closed Lost,0,59596.83,True,False,False,Timing - Not Ready,Datasite,False,39.0,FY2025-Q1
101409,5447,Gilbert-Bullock,Large Cap Public,Venue,1009,False,Midwest,2025-09-22,2025-10-30,Closed Lost,0,73306.92,True,False,False,Timing - Not Ready,Workiva,False,38.0,FY2025-Q4
101410,5226,Roberts-Landry,Private Equity,Venue,1007,False,Southeast,2025-12-11,2026-01-17,Closed Won,100,8000.0,True,True,False,,,False,37.0,FY2026-Q1
101411,5131,Russell-Daniels,Private Equity,Venue,1008,False,Midwest,2025-06-03,2025-06-28,Closed Lost,0,19724.8,True,False,False,No Decision / Stalled,Donnelley Legacy/Manual Process,False,25.0,FY2025-Q2
101412,5013,George Group,Large Cap Public,Venue,1007,False,West,2024-09-07,2024-10-10,Closed Lost,0,54491.85,True,False,False,Price,In-house Build,False,33.0,FY2024-Q4
101413,5233,"Anderson, Roberts and Gilmore",Mid Cap Public,Venue,1006,False,Midwest,2026-01-10,2026-01-25,Closed Lost,0,76280.7,True,False,False,No Decision / Stalled,Toppan Merrill,False,15.0,FY2026-Q1
101414,5047,"Daniels, Adkins and Brown",Private Equity,Venue,1008,False,Midwest,2024-08-02,2024-08-21,Closed Lost,0,8000.0,True,False,False,Price,Intralinks,False,19.0,FY2024-Q3
101415,5283,Parsons-Hall,Large Cap Public,Venue,1008,False,Midwest,2026-01-11,2026-01-24,Closed Lost,0,34911.57,True,False,False,Feature Gap,Workiva,False,13.0,FY2026-Q1
101416,5298,Richards-Carson,Private Equity,Venue,1010,False,Texas/Central,2025-11-17,2026-01-01,Closed Lost,0,57864.88,True,False,False,Price,Datasite,False,45.0,FY2026-Q1
101417,5205,Arnold and Sons,Large Cap Public,Venue,1007,False,Midwest,2026-01-15,2026-02-23,Closed Won,100,27311.77,True,True,False,,,False,39.0,FY2026-Q1
101418,5049,Yu Inc,Large Cap Public,Venue,1020,True,Texas/Central,2024-10-14,2024-11-21,Closed Won,100,47233.73,True,True,False,,,False,38.0,FY2024-Q4
101419,5271,Harvey-Allen,Pre-IPO / Private,Venue,1007,False,Midwest,2025-09-14,2025-10-16,Closed Won,100,39865.72,True,True,False,,,False,32.0,FY2025-Q4
101420,5085,Gonzalez Group,Private Equity,Venue,1009,False,Southeast,2025-01-16,2025-03-15,Closed Lost,0,8000.0,True,False,False,Feature Gap,Workiva,False,58.0,FY2025-Q1
101421,5413,Rangel LLC,Large Cap Public,Venue,1011,False,Midwest,2025-11-05,2025-12-08,Closed Won,100,8000.0,True,True,False,,,False,33.0,FY2025-Q4
101422,5441,Hughes Inc,Mid Cap Public,Venue,1009,False,Texas/Central,2026-01-13,2026-03-09,Closed Won,100,40846.01,True,True,False,,,False,55.0,FY2026-Q1
101423,5328,Hayes and Sons,Private Equity,Venue,1009,False,Mid-Atlantic,2025-06-25,2025-07-06,Closed Lost,0,45710.0,True,False,False,Lost to Competitor,Intralinks,False,11.0,FY2025-Q3
101424,5150,"Williams, Johnson and Wright",Investment Bank,Venue,1009,False,West,2026-02-22,2026-04-06,Closed Lost,0,48058.47,True,False,False,Timing - Not Ready,In-house Build,False,43.0,FY2026-Q2
101425,5192,Garcia-Smith,Investment Bank,Venue,1009,False,Midwest,2024-09-16,2024-10-11,Closed Won,100,75577.64,True,True,False,,,False,25.0,FY2024-Q4
101426,5401,Ford-Spencer,Large Cap Public,Venue,1011,False,Mid-Atlantic,2025-05-17,2025-06-22,Closed Lost,0,13234.8,True,False,False,No Decision / Stalled,Intralinks,False,36.0,FY2025-Q2
101427,5069,Davis Group,Private Equity,Venue,1010,False,Southeast,2024-09-16,2024-10-27,Closed Won,100,9101.17,True,True,False,,,False,41.0,FY2024-Q4
101428,5424,Harper and Sons,Investment Bank,Venue,1007,False,Southeast,2025-06-30,2025-08-11,Closed Lost,0,55671.39,True,False,False,No Decision / Stalled,Datasite,False,42.0,FY2025-Q3
101429,5311,"Wood, Ramos and Sampson",Mid Cap Public,Venue,1011,False,Southeast,2026-01-15,2026-02-07,Closed Won,100,61770.98,True,True,False,,,False,23.0,FY2026-Q1
101430,5139,Johnson-Rogers,Pre-IPO / Private,Venue,1010,False,Northeast,2025-05-22,2025-06-12,Closed Won,100,57305.2,True,True,False,,,False,21.0,FY2025-Q2
101431,5180,Holt-Torres,Pre-IPO / Private,Venue,1007,False,Southeast,2024-09-18,2024-11-22,Closed Lost,0,19140.04,True,False,False,Timing - Not Ready,Intralinks,False,65.0,FY2024-Q4
101432,5150,"Williams, Johnson and Wright",Investment Bank,Venue,1008,False,West,2026-01-17,2026-02-16,Closed Lost,0,42839.39,True,False,False,Lost to Competitor,Workiva,False,30.0,FY2026-Q1
101433,5080,Hancock and Sons,Large Cap Public,Venue,1009,False,Northeast,2026-06-15,2026-06-25,Closed Lost,0,33724.91,True,False,False,Price,Donnelley Legacy/Manual Process,False,10.0,FY2026-Q2
101434,5065,Newton and Sons,Large Cap Public,Venue,1006,False,West,2025-04-02,2025-05-29,Closed Won,100,29250.13,True,True,False,,,False,57.0,FY2025-Q2
101435,5080,Hancock and Sons,Large Cap Public,Venue,1009,False,Northeast,2025-11-19,2025-12-29,Closed Won,100,8000.0,True,True,False,,,False,40.0,FY2025-Q4
101436,5479,Parker-Morrison,Pre-IPO / Private,Venue,1006,False,Southeast,2025-07-23,2025-08-22,Closed Lost,0,37509.74,True,False,False,Price,In-house Build,False,30.0,FY2025-Q3
101437,5062,"Turner, Riggs and Roman",Pre-IPO / Private,Venue,1008,False,Mid-Atlantic,2025-06-09,2025-07-10,Closed Lost,0,42748.87,True,False,False,Timing - Not Ready,Intralinks,False,31.0,FY2025-Q3
101438,5450,Young-Martinez,Private Equity,Venue,1010,False,Texas/Central,2025-06-14,2025-07-19,Closed Lost,0,38374.74,True,False,False,Budget Cut,Ideagen/Q4,False,35.0,FY2025-Q3
101439,5019,"Martin, Rose and Obrien",Mid Cap Public,Venue,1011,False,Northeast,2024-10-19,2024-11-19,Closed Lost,0,49876.71,True,False,False,No Decision / Stalled,Ideagen/Q4,False,31.0,FY2024-Q4
101440,5069,Davis Group,Private Equity,Venue,1011,False,Southeast,2025-10-17,2025-11-02,Closed Lost,0,9765.59,True,False,False,Timing - Not Ready,Datasite,False,16.0,FY2025-Q4
101441,5265,Good-Hodges,Large Cap Public,Venue,1006,False,Texas/Central,2025-02-28,2025-04-02,Closed Won,100,41816.58,True,True,False,,,False,33.0,FY2025-Q2
101442,5388,"Mullen, Brewer and Hernandez",Investment Bank,Venue,1010,False,West,2025-04-06,2025-05-19,Closed Won,100,8000.0,True,True,False,,,False,43.0,FY2025-Q2
101443,5226,Roberts-Landry,Private Equity,Venue,1008,False,Southeast,2025-08-08,2025-09-28,Closed Lost,0,54116.24,True,False,False,Feature Gap,Ideagen/Q4,False,51.0,FY2025-Q3
101444,5446,Blake Group,Large Cap Public,Venue,1008,False,Midwest,2024-11-04,2024-12-12,Closed Lost,0,29541.3,True,False,False,Budget Cut,Donnelley Legacy/Manual Process,False,38.0,FY2024-Q4
101445,5302,Reid Group,Pre-IPO / Private,Venue,1018,True,Midwest,2025-09-23,2025-11-06,Closed Lost,0,29050.64,True,False,False,Budget Cut,Toppan Merrill,False,44.0,FY2025-Q4
101446,5465,"Marshall, Dominguez and Welch",Investment Bank,Venue,1006,False,West,2026-01-20,2026-02-26,Closed Lost,0,26092.64,True,False,False,Price,Datasite,False,37.0,FY2026-Q1
101447,5390,Morrison Ltd,Private Equity,Venue,1006,False,Southeast,2026-01-15,2026-02-23,Closed Lost,0,72666.17,True,False,False,No Decision / Stalled,Ideagen/Q4,False,39.0,FY2026-Q1
101448,5072,Figueroa PLC,Investment Bank,Venue,1007,False,Texas/Central,2025-04-08,2025-06-02,Closed Lost,0,82831.18,True,False,False,Lost to Competitor,Ideagen/Q4,False,55.0,FY2025-Q2
101449,5299,Rodriguez-Hall,Pre-IPO / Private,Venue,1018,True,Northeast,2025-02-23,2025-03-20,Closed Won,100,59694.13,True,True,False,,,False,25.0,FY2025-Q1
101450,5305,Davis PLC,Mid Cap Public,Venue,1010,False,Northeast,2026-02-13,2026-03-13,Closed Lost,0,71872.76,True,False,False,Price,Toppan Merrill,False,28.0,FY2026-Q1
101451,5153,"Gould, Marshall and Scott",Mid Cap Public,Venue,1008,False,West,2025-03-20,2025-05-05,Closed Lost,0,64809.43,True,False,False,Price,In-house Build,False,46.0,FY2025-Q2
101452,5080,Hancock and Sons,Large Cap Public,Venue,1020,True,Northeast,2025-06-23,2025-08-01,Closed Won,100,87118.25,True,True,False,,,False,39.0,FY2025-Q3
101453,5278,Castaneda-Rodriguez,Large Cap Public,Venue,1008,False,West,2024-09-17,2024-10-20,Closed Lost,0,45846.73,True,False,False,Feature Gap,Donnelley Legacy/Manual Process,False,33.0,FY2024-Q4
101454,5260,"Miller, Murphy and Craig",Pre-IPO / Private,Venue,1008,False,Southeast,2025-04-15,2025-05-26,Closed Won,100,8000.0,True,True,False,,,False,41.0,FY2025-Q2
101455,5298,Richards-Carson,Private Equity,Venue,1010,False,Texas/Central,2026-02-25,2026-03-16,Closed Won,100,63180.93,True,True,False,,,False,19.0,FY2026-Q1
101456,5255,"Sanford, Rivera and Garcia",Large Cap Public,Venue,1009,False,Northeast,2025-06-17,2025-07-10,Closed Lost,0,101632.92,True,False,False,Price,Toppan Merrill,False,23.0,FY2025-Q3
101457,5060,Suarez LLC,Pre-IPO / Private,Venue,1018,True,Southeast,2026-04-25,2026-05-24,Closed Lost,0,79782.7,True,False,False,Timing - Not Ready,Toppan Merrill,False,29.0,FY2026-Q2
101458,5200,Rowe Group,Private Equity,Venue,1006,False,West,2025-09-01,2025-10-05,Closed Lost,0,26977.34,True,False,False,Timing - Not Ready,Ideagen/Q4,False,34.0,FY2025-Q4
101459,5282,"Beltran, Lozano and Mcgee",Large Cap Public,Venue,1010,False,West,2025-05-20,2025-06-21,Closed Won,100,48146.43,True,True,False,,,False,32.0,FY2025-Q2
101460,5459,Williams-Hughes,Private Equity,Venue,1008,False,Mid-Atlantic,2025-06-01,2025-07-05,Closed Won,100,31680.83,True,True,False,,,False,34.0,FY2025-Q3
101461,5060,Suarez LLC,Pre-IPO / Private,Venue,1009,False,Southeast,2024-10-26,2024-11-20,Closed Lost,0,33777.37,True,False,False,Budget Cut,Datasite,False,25.0,FY2024-Q4
101462,5070,Williams-Cook,Private Equity,Venue,1006,False,Texas/Central,2025-06-25,2025-07-28,Closed Lost,0,49281.84,True,False,False,Feature Gap,Donnelley Legacy/Manual Process,False,33.0,FY2025-Q3
101463,5163,"Wood, Hunter and Peterson",Large Cap Public,Venue,1009,False,Mid-Atlantic,2025-02-20,2025-03-18,Closed Won,100,52827.46,True,True,False,,,False,26.0,FY2025-Q1
101464,5471,Kelly-Norman,Private Equity,Venue,1009,False,Texas/Central,2026-01-01,2026-02-13,Closed Lost,0,79125.27,True,False,False,Feature Gap,Intralinks,False,43.0,FY2026-Q1
101465,5199,"Duran, Obrien and Gibbs",Pre-IPO / Private,Venue,1006,False,Mid-Atlantic,2025-06-14,2025-06-27,Closed Won,100,8000.0,True,True,False,,,False,13.0,FY2025-Q2
101466,5360,Bennett Group,Private Equity,Venue,1007,False,Mid-Atlantic,2026-02-09,2026-03-24,Closed Lost,0,37033.36,True,False,False,Budget Cut,Workiva,False,43.0,FY2026-Q1
101467,5236,Tran Inc,Investment Bank,Venue,1010,False,Texas/Central,2024-10-31,2024-11-30,Closed Lost,0,84621.33,True,False,False,Budget Cut,Toppan Merrill,False,30.0,FY2024-Q4
101468,5119,"Holmes, Williams and Wright",Private Equity,Venue,1007,False,Mid-Atlantic,2025-09-14,2025-11-03,Closed Lost,0,32123.78,True,False,False,Lost to Competitor,In-house Build,False,50.0,FY2025-Q4
101469,5073,"Patterson, Smith and Jones",Pre-IPO / Private,Venue,1009,False,Southeast,2025-09-05,2025-09-20,Closed Lost,0,8000.0,True,False,False,Lost to Competitor,Toppan Merrill,False,15.0,FY2025-Q3
101470,5367,Reed Inc,Investment Bank,Venue,1008,False,Midwest,2024-10-29,2024-12-06,Closed Lost,0,26548.57,True,False,False,Timing - Not Ready,Workiva,False,38.0,FY2024-Q4
101471,5388,"Mullen, Brewer and Hernandez",Investment Bank,Venue,1009,False,West,2024-08-15,2024-10-03,Closed Lost,0,128312.19,True,False,False,Feature Gap,Donnelley Legacy/Manual Process,False,49.0,FY2024-Q4
101472,5132,Brown-Wall,Pre-IPO / Private,Venue,1007,False,Northeast,2026-06-16,2026-07-20,Needs Analysis,40,42654.87,False,,False,,,False,,FY2026-Q3
101473,5318,Jones PLC,Pre-IPO / Private,Venue,1010,False,Mid-Atlantic,2025-12-03,2025-12-27,Closed Lost,0,48388.33,True,False,False,Feature Gap,Toppan Merrill,False,24.0,FY2025-Q4
101474,5452,Brown-Copeland,Large Cap Public,Venue,1011,False,West,2025-07-23,2025-08-18,Closed Lost,0,43639.57,True,False,False,Price,Intralinks,False,26.0,FY2025-Q3
101475,5102,"Parker, Ortiz and Powell",Investment Bank,Venue,1010,False,Southeast,2025-11-17,2026-01-01,Closed Lost,0,32541.85,True,False,False,Budget Cut,Datasite,False,45.0,FY2026-Q1
101476,5008,Smith-Bowen,Pre-IPO / Private,Venue,1007,False,Northeast,2025-07-28,2025-08-29,Closed Won,100,58203.02,True,True,False,,,False,32.0,FY2025-Q3
101477,5032,"Brown, Valdez and Lucas",Pre-IPO / Private,Venue,1010,False,Northeast,2025-09-13,2025-11-05,Closed Lost,0,41773.79,True,False,False,No Decision / Stalled,Workiva,False,53.0,FY2025-Q4
101478,5313,"Winters, Newman and Brown",Private Equity,Venue,1009,False,Midwest,2025-04-17,2025-05-10,Closed Lost,0,8000.0,True,False,False,Lost to Competitor,Datasite,False,23.0,FY2025-Q2
101479,5339,Gutierrez Group,Mid Cap Public,Venue,1007,False,West,2025-02-22,2025-03-23,Closed Won,100,35011.84,True,True,False,,,False,29.0,FY2025-Q1
101480,5472,"Rivera, Martinez and Richardson",Pre-IPO / Private,Venue,1007,False,Mid-Atlantic,2026-01-03,2026-02-21,Closed Won,100,24711.03,True,True,False,,,False,49.0,FY2026-Q1
101481,5348,Schmitt PLC,Mid Cap Public,Venue,1010,False,Texas/Central,2025-07-13,2025-08-04,Closed Lost,0,27282.06,True,False,False,Budget Cut,In-house Build,False,22.0,FY2025-Q3
101482,5027,Jones-Young,Investment Bank,Venue,1006,False,Southeast,2025-10-07,2025-11-08,Closed Lost,0,24921.14,True,False,False,Price,Donnelley Legacy/Manual Process,False,32.0,FY2025-Q4
101483,5407,Cox LLC,Investment Bank,Venue,1008,False,West,2025-11-17,2025-12-10,Closed Lost,0,9558.4,True,False,False,Price,Datasite,False,23.0,FY2025-Q4
101484,5372,Wilson-Jimenez,Large Cap Public,Venue,1007,False,Mid-Atlantic,2024-09-18,2024-10-28,Closed Lost,0,18251.53,True,False,False,No Decision / Stalled,Intralinks,False,40.0,FY2024-Q4
101485,5347,"Pugh, Henderson and Moon",Private Equity,Venue,1011,False,Texas/Central,2025-06-08,2025-06-24,Closed Lost,0,47719.79,True,False,False,Feature Gap,Ideagen/Q4,False,16.0,FY2025-Q2
101486,5208,Warner-Gibson,Mid Cap Public,Venue,1006,False,Texas/Central,2026-06-23,2026-07-28,Qualification,25,8000.0,False,,False,,,False,,FY2026-Q3
101487,5118,Robinson-Brock,Mid Cap Public,Venue,1010,False,Southeast,2025-05-21,2025-07-14,Closed Lost,0,76459.92,True,False,False,Feature Gap,Workiva,False,54.0,FY2025-Q3
101488,5251,"Reyes, Chase and Jenkins",Investment Bank,Venue,1007,False,Texas/Central,2025-03-08,2025-04-29,Closed Lost,0,51934.44,True,False,False,No Decision / Stalled,Donnelley Legacy/Manual Process,False,52.0,FY2025-Q2
101489,5371,Duran LLC,Private Equity,Venue,1006,False,Midwest,2025-11-20,2025-12-18,Closed Lost,0,67058.8,True,False,False,Feature Gap,Toppan Merrill,False,28.0,FY2025-Q4
101490,5438,Davis-Lozano,Investment Bank,Venue,1006,False,West,2025-01-29,2025-03-20,Closed Lost,0,57587.32,True,False,False,No Decision / Stalled,In-house Build,False,50.0,FY2025-Q1
101491,5303,"Turner, Ortiz and Taylor",Private Equity,Venue,1007,False,Texas/Central,2026-04-14,2026-06-07,Closed Lost,0,86533.48,True,False,False,Lost to Competitor,Datasite,False,54.0,FY2026-Q2
101492,5096,Scott Ltd,Mid Cap Public,Venue,1006,False,Midwest,2026-01-07,2026-02-06,Closed Won,100,55804.23,True,True,False,,,False,30.0,FY2026-Q1
101493,5436,"Rosales, Mitchell and Hines",Private Equity,Venue,1008,False,Southeast,2025-09-02,2025-10-11,Closed Won,100,57366.5,True,True,False,,,False,39.0,FY2025-Q4
101494,5283,Parsons-Hall,Large Cap Public,Venue,1008,False,Midwest,2024-10-26,2024-12-13,Closed Lost,0,30423.09,True,False,False,No Decision / Stalled,Toppan Merrill,False,48.0,FY2024-Q4
101495,5129,"Miller, Hernandez and Reyes",Private Equity,Venue,1009,False,West,2026-06-21,2026-07-30,Qualification,25,65171.9,False,,False,,,False,,FY2026-Q3
101496,5297,"Martinez, Richardson and Curry",Mid Cap Public,Venue,1019,True,Southeast,2025-02-25,2025-03-22,Closed Lost,0,8000.0,True,False,False,Budget Cut,Workiva,False,25.0,FY2025-Q1
101497,5300,Harvey PLC,Pre-IPO / Private,Venue,1008,False,Mid-Atlantic,2025-09-25,2025-11-15,Closed Lost,0,8000.0,True,False,False,No Decision / Stalled,Donnelley Legacy/Manual Process,False,51.0,FY2025-Q4
101498,5103,Spencer-Lee,Investment Bank,Venue,1006,False,Northeast,2025-06-12,2025-07-15,Closed Won,100,8000.0,True,True,False,,,False,33.0,FY2025-Q3
101499,5030,Lee-Davis,Large Cap Public,Venue,1007,False,Mid-Atlantic,2025-02-11,2025-04-08,Closed Lost,0,18522.86,True,False,False,Feature Gap,Workiva,False,56.0,FY2025-Q2
101500,5255,"Sanford, Rivera and Garcia",Large Cap Public,Venue,1008,False,Northeast,2024-09-30,2024-11-09,Closed Lost,0,46060.92,True,False,False,Timing - Not Ready,Workiva,False,40.0,FY2024-Q4
101501,5264,Bright-Francis,Pre-IPO / Private,Venue,1007,False,Mid-Atlantic,2025-02-19,2025-03-18,Closed Lost,0,10318.58,True,False,False,No Decision / Stalled,Donnelley Legacy/Manual Process,False,27.0,FY2025-Q1
101502,5034,Wright and Sons,Mid Cap Public,Venue,1006,False,Texas/Central,2026-01-17,2026-03-06,Closed Won,100,9957.34,True,True,False,,,False,48.0,FY2026-Q1
101503,5019,"Martin, Rose and Obrien",Mid Cap Public,Venue,1009,False,Northeast,2025-12-21,2026-01-22,Closed Won,100,8000.0,True,True,False,,,False,32.0,FY2026-Q1
101504,5031,Gomez-Jenkins,Large Cap Public,Venue,1020,True,Midwest,2025-05-04,2025-06-21,Closed Lost,0,9170.24,True,False,False,Lost to Competitor,Workiva,False,48.0,FY2025-Q2
101505,5058,"Ferrell, Jones and Lewis",Mid Cap Public,Venue,1020,True,West,2024-09-16,2024-10-30,Closed Lost,0,34883.64,True,False,False,Feature Gap,Donnelley Legacy/Manual Process,False,44.0,FY2024-Q4
101506,5260,"Miller, Murphy and Craig",Pre-IPO / Private,Venue,1007,False,Southeast,2026-01-05,2026-02-24,Closed Won,100,104662.04,True,True,False,,,False,50.0,FY2026-Q1
101507,5461,Cooper Ltd,Pre-IPO / Private,Venue,1008,False,Texas/Central,2025-01-14,2025-02-12,Closed Lost,0,30199.25,True,False,False,Budget Cut,In-house Build,False,29.0,FY2025-Q1
101508,5276,"Evans, Hayden and Vaughn",Private Equity,Venue,1007,False,Texas/Central,2025-05-05,2025-05-26,Closed Won,100,8000.0,True,True,False,,,False,21.0,FY2025-Q2
101509,5247,"Burns, Hernandez and Ryan",Private Equity,Venue,1008,False,Mid-Atlantic,2026-02-10,2026-04-13,Closed Lost,0,8000.0,True,False,False,Lost to Competitor,Donnelley Legacy/Manual Process,False,62.0,FY2026-Q2
101510,5197,Hernandez PLC,Private Equity,Venue,1007,False,Midwest,2026-06-19,2026-07-11,Needs Analysis,40,11675.39,False,,False,,,False,,FY2026-Q3
101511,5088,Ross LLC,Investment Bank,Venue,1009,False,Midwest,2026-01-10,2026-02-11,Closed Won,100,39310.13,True,True,False,,,False,32.0,FY2026-Q1
101512,5178,"Alvarez, Joseph and West",Large Cap Public,Venue,1010,False,Northeast,2025-09-30,2025-10-16,Closed Won,100,9357.52,True,True,False,,,False,16.0,FY2025-Q4
101513,5144,White-Green,Pre-IPO / Private,Venue,1011,False,West,2025-06-05,2025-06-25,Closed Lost,0,72510.85,True,False,False,Price,In-house Build,False,20.0,FY2025-Q2
101514,5386,Dixon Inc,Large Cap Public,Venue,1009,False,Midwest,2025-01-28,2025-03-07,Closed Lost,0,30455.2,True,False,False,Price,Intralinks,False,38.0,FY2025-Q1
101515,5264,Bright-Francis,Pre-IPO / Private,Venue,1006,False,Mid-Atlantic,2026-01-31,2026-03-04,Closed Lost,0,40687.72,True,False,False,No Decision / Stalled,Donnelley Legacy/Manual Process,False,32.0,FY2026-Q1
101516,5382,Kim Inc,Mid Cap Public,Venue,1006,False,Midwest,2025-06-10,2025-07-03,Closed Won,100,72086.32,True,True,False,,,False,23.0,FY2025-Q3
101517,5288,"Diaz, Anderson and Browning",Investment Bank,Venue,1010,False,Midwest,2024-07-05,2024-08-22,Closed Lost,0,37857.09,True,False,False,Timing - Not Ready,Donnelley Legacy/Manual Process,False,48.0,FY2024-Q3
101518,5388,"Mullen, Brewer and Hernandez",Investment Bank,Venue,1009,False,West,2026-04-28,2026-05-25,Closed Lost,0,38253.82,True,False,False,Feature Gap,Toppan Merrill,False,27.0,FY2026-Q2
101519,5222,Moon-White,Investment Bank,Venue,1006,False,Texas/Central,2024-10-15,2024-12-12,Closed Won,100,46924.77,True,True,False,,,False,58.0,FY2024-Q4
101520,5119,"Holmes, Williams and Wright",Private Equity,Venue,1006,False,Mid-Atlantic,2024-11-01,2024-12-03,Closed Won,100,19235.19,True,True,False,,,False,32.0,FY2024-Q4
101521,5394,"Downs, Morris and Maddox",Large Cap Public,Venue,1009,False,Mid-Atlantic,2025-11-19,2025-12-31,Closed Won,100,42106.43,True,True,False,,,False,42.0,FY2025-Q4
101522,5376,Graham Group,Private Equity,Venue,1006,False,Texas/Central,2026-01-11,2026-02-03,Closed Won,100,35140.59,True,True,False,,,False,23.0,FY2026-Q1
101523,5241,Baird-Sanchez,Investment Bank,Venue,1008,False,Southeast,2026-05-23,2026-07-06,Negotiation,80,61035.16,False,,False,,,False,,FY2026-Q3
101524,5267,Williams Inc,Large Cap Public,Venue,1007,False,West,2026-01-28,2026-02-20,Closed Won,100,23490.37,True,True,False,,,False,23.0,FY2026-Q1
101525,5243,"Suarez, Shields and Hill",Private Equity,Venue,1011,False,Southeast,2025-01-25,2025-02-10,Closed Won,100,8000.0,True,True,False,,,False,16.0,FY2025-Q1
101526,5015,Allen-Allen,Pre-IPO / Private,Venue,1011,False,West,2025-01-31,2025-02-19,Closed Lost,0,91717.96,True,False,False,Lost to Competitor,Intralinks,False,19.0,FY2025-Q1
101527,5082,Patton-Jenkins,Mid Cap Public,Venue,1019,True,Midwest,2025-10-28,2025-12-19,Closed Won,100,45306.28,True,True,False,,,False,52.0,FY2025-Q4
101528,5395,Hernandez-Jones,Private Equity,Venue,1006,False,Mid-Atlantic,2024-09-06,2024-10-25,Closed Won,100,58150.51,True,True,False,,,False,49.0,FY2024-Q4
101529,5458,"Hartman, Romero and Smith",Investment Bank,Venue,1010,False,Midwest,2025-01-20,2025-03-03,Closed Lost,0,39108.07,True,False,False,Price,Workiva,False,42.0,FY2025-Q1
101530,5463,Anderson-Bell,Pre-IPO / Private,Venue,1006,False,Mid-Atlantic,2025-10-22,2025-11-27,Closed Won,100,54138.24,True,True,False,,,False,36.0,FY2025-Q4
101531,5083,"Shields, Cochran and Adams",Investment Bank,Venue,1006,False,Mid-Atlantic,2025-02-16,2025-03-19,Closed Lost,0,29198.87,True,False,False,No Decision / Stalled,Datasite,False,31.0,FY2025-Q1
101532,5328,Hayes and Sons,Private Equity,Venue,1008,False,Mid-Atlantic,2026-02-18,2026-03-06,Closed Lost,0,69103.49,True,False,False,Budget Cut,Datasite,False,16.0,FY2026-Q1
101533,5149,Walker-Jones,Pre-IPO / Private,Venue,1007,False,Mid-Atlantic,2026-01-05,2026-01-31,Closed Won,100,39688.87,True,True,False,,,False,26.0,FY2026-Q1
101534,5245,Hoover-Campbell,Investment Bank,Venue,1008,False,Southeast,2024-10-13,2024-11-15,Closed Won,100,14877.3,True,True,False,,,False,33.0,FY2024-Q4
101535,5418,"Henderson, Cox and Cox",Private Equity,Venue,1010,False,West,2024-10-12,2024-11-12,Closed Lost,0,72767.62,True,False,False,Budget Cut,Datasite,False,31.0,FY2024-Q4
101536,5130,Mccarthy Inc,Large Cap Public,Venue,1011,False,West,2026-02-26,2026-04-02,Closed Lost,0,28392.92,True,False,False,Feature Gap,Donnelley Legacy/Manual Process,False,35.0,FY2026-Q2
101537,5292,Coffey-Phillips,Private Equity,Venue,1007,False,West,2024-12-19,2025-02-05,Closed Won,100,47041.14,True,True,False,,,False,48.0,FY2025-Q1
101538,5245,Hoover-Campbell,Investment Bank,Venue,1008,False,Southeast,2024-11-23,2024-12-13,Closed Won,100,43330.26,True,True,False,,,False,20.0,FY2024-Q4
101539,5074,"Mckee, Gardner and Davenport",Investment Bank,Venue,1009,False,Northeast,2025-09-23,2025-11-13,Closed Won,100,66115.39,True,True,False,,,False,51.0,FY2025-Q4
101540,5149,Walker-Jones,Pre-IPO / Private,Venue,1009,False,Mid-Atlantic,2024-10-28,2024-11-20,Closed Won,100,38548.86,True,True,False,,,False,23.0,FY2024-Q4
101541,5087,Walker Ltd,Large Cap Public,Venue,1008,False,Northeast,2026-06-23,2026-07-29,Prospecting,10,11509.27,False,,False,,,False,,FY2026-Q3
101542,5297,"Martinez, Richardson and Curry",Mid Cap Public,Venue,1007,False,Southeast,2025-12-25,2026-01-23,Closed Lost,0,8000.0,True,False,False,Feature Gap,Ideagen/Q4,False,29.0,FY2026-Q1
101543,5141,Hooper PLC,Pre-IPO / Private,Venue,1011,False,Midwest,2026-01-24,2026-02-11,Closed Lost,0,17169.84,True,False,False,Feature Gap,Workiva,False,18.0,FY2026-Q1
101544,5300,Harvey PLC,Pre-IPO / Private,Venue,1007,False,Mid-Atlantic,2025-09-18,2025-10-25,Closed Won,100,26583.22,True,True,False,,,False,37.0,FY2025-Q4
101545,5051,"Hensley, Powell and David",Large Cap Public,Venue,1008,False,Midwest,2025-10-20,2025-11-09,Closed Lost,0,99187.86,True,False,False,Lost to Competitor,In-house Build,False,20.0,FY2025-Q4
101546,5365,"Miller, Ramos and Coleman",Investment Bank,Venue,1007,False,Northeast,2025-01-11,2025-02-23,Closed Lost,0,38510.39,True,False,False,Price,Intralinks,False,43.0,FY2025-Q1
101547,5344,Reynolds Ltd,Investment Bank,Venue,1008,False,Midwest,2025-06-01,2025-07-11,Closed Lost,0,38218.51,True,False,False,Timing - Not Ready,Workiva,False,40.0,FY2025-Q3
101548,5231,Dean-Jimenez,Mid Cap Public,Venue,1009,False,Midwest,2025-04-05,2025-04-29,Closed Won,100,33685.49,True,True,False,,,False,24.0,FY2025-Q2
101549,5033,Powell LLC,Private Equity,Venue,1011,False,Texas/Central,2026-02-05,2026-03-28,Closed Lost,0,38362.57,True,False,False,Timing - Not Ready,Toppan Merrill,False,51.0,FY2026-Q1
101550,5109,"Jackson, Miller and Robertson",Pre-IPO / Private,Venue,1011,False,Mid-Atlantic,2025-11-14,2025-12-15,Closed Lost,0,66611.93,True,False,False,Price,Workiva,False,31.0,FY2025-Q4
101551,5131,Russell-Daniels,Private Equity,Venue,1006,False,Midwest,2024-11-11,2024-12-18,Closed Won,100,113700.53,True,True,False,,,False,37.0,FY2024-Q4
101552,5307,"Avery, Horton and Fernandez",Private Equity,Venue,1010,False,Mid-Atlantic,2024-09-01,2024-09-20,Closed Won,100,47740.19,True,True,False,,,False,19.0,FY2024-Q3
101553,5256,Garcia-Lozano,Investment Bank,Venue,1006,False,Mid-Atlantic,2026-05-01,2026-05-27,Closed Won,100,55511.83,True,True,False,,,False,26.0,FY2026-Q2
101554,5203,"Choi, Garcia and Farmer",Private Equity,Venue,1008,False,Southeast,2026-02-20,2026-03-12,Closed Lost,0,50715.3,True,False,False,Feature Gap,Donnelley Legacy/Manual Process,False,20.0,FY2026-Q1
101555,5202,"Branch, Torres and Oliver",Investment Bank,Venue,1006,False,Texas/Central,2026-05-14,2026-06-18,Closed Won,100,45322.59,True,True,False,,,False,35.0,FY2026-Q2
101556,5305,Davis PLC,Mid Cap Public,Venue,1006,False,Northeast,2024-09-23,2024-10-26,Closed Won,100,66227.62,True,True,False,,,False,33.0,FY2024-Q4
101557,5068,Wagner-King,Pre-IPO / Private,Venue,1007,False,West,2026-06-05,2026-07-17,Needs Analysis,40,22965.67,False,,False,,,False,,FY2026-Q3
101558,5083,"Shields, Cochran and Adams",Investment Bank,Venue,1006,False,Mid-Atlantic,2024-07-03,2024-07-28,Closed Won,100,36869.42,True,True,False,,,False,25.0,FY2024-Q3
101559,5315,Davis-Lewis,Investment Bank,Venue,1006,False,Texas/Central,2026-01-30,2026-02-23,Closed Won,100,25605.03,True,True,False,,,False,24.0,FY2026-Q1
101560,5369,"Estrada, Williams and Foster",Large Cap Public,Venue,1007,False,West,2025-01-02,2025-01-21,Closed Won,100,15994.88,True,True,False,,,False,19.0,FY2025-Q1
101561,5371,Duran LLC,Private Equity,Venue,1006,False,Midwest,2024-07-10,2024-08-24,Closed Lost,0,62970.41,True,False,False,Lost to Competitor,Datasite,False,45.0,FY2024-Q3
101562,5276,"Evans, Hayden and Vaughn",Private Equity,Venue,1007,False,Texas/Central,2026-05-28,2026-07-18,Proposal,60,62893.43,False,,False,,,True,,FY2026-Q3
101563,5202,"Branch, Torres and Oliver",Investment Bank,Venue,1011,False,Texas/Central,2025-05-13,2025-06-19,Closed Won,100,20734.89,True,True,False,,,False,37.0,FY2025-Q2
101564,5259,Morgan-Schwartz,Mid Cap Public,Venue,1007,False,Southeast,2025-08-27,2025-10-02,Closed Won,100,8000.0,True,True,False,,,False,36.0,FY2025-Q4
101565,5335,"Kelley, Nguyen and Vang",Pre-IPO / Private,Venue,1008,False,Southeast,2025-03-27,2025-05-19,Closed Won,100,48264.38,True,True,False,,,False,53.0,FY2025-Q2
101566,5315,Davis-Lewis,Investment Bank,Venue,1011,False,Texas/Central,2025-10-03,2025-11-12,Closed Lost,0,57506.18,True,False,False,Price,Ideagen/Q4,False,40.0,FY2025-Q4
101567,5329,"Williams, Logan and Camacho",Large Cap Public,Venue,1011,False,Northeast,2025-07-29,2025-08-28,Closed Lost,0,43102.04,True,False,False,Feature Gap,Ideagen/Q4,False,30.0,FY2025-Q3
101568,5259,Morgan-Schwartz,Mid Cap Public,Venue,1010,False,Southeast,2025-01-28,2025-03-04,Closed Lost,0,43073.18,True,False,False,Feature Gap,Ideagen/Q4,False,35.0,FY2025-Q1
101569,5422,"Wise, Conley and Stephenson",Investment Bank,Venue,1007,False,Northeast,2024-09-30,2024-10-18,Closed Won,100,27127.51,True,True,False,,,False,18.0,FY2024-Q4
101570,5065,Newton and Sons,Large Cap Public,Venue,1020,True,West,2025-03-24,2025-05-04,Closed Lost,0,37571.78,True,False,False,Budget Cut,Intralinks,False,41.0,FY2025-Q2
101571,5148,Curry Inc,Pre-IPO / Private,Venue,1010,False,Mid-Atlantic,2026-02-20,2026-03-02,Closed Won,100,13037.68,True,True,False,,,False,10.0,FY2026-Q1
101572,5312,Garcia-Jennings,Mid Cap Public,Venue,1019,True,Midwest,2024-08-03,2024-09-20,Closed Lost,0,8000.0,True,False,False,Price,Intralinks,False,48.0,FY2024-Q3
101573,5449,"Bentley, Lynch and Henderson",Mid Cap Public,Venue,1011,False,West,2025-10-29,2025-12-13,Closed Lost,0,34348.07,True,False,False,Lost to Competitor,Datasite,False,45.0,FY2025-Q4
101574,5339,Gutierrez Group,Mid Cap Public,Venue,1009,False,West,2025-01-06,2025-01-22,Closed Lost,0,101613.98,True,False,False,Budget Cut,In-house Build,False,16.0,FY2025-Q1
101575,5288,"Diaz, Anderson and Browning",Investment Bank,Venue,1009,False,Midwest,2026-06-11,2026-07-25,Needs Analysis,40,48244.31,False,,False,,,False,,FY2026-Q3
101576,5143,"Alvarado, Miller and Patterson",Mid Cap Public,Venue,1008,False,Texas/Central,2026-03-07,2026-03-23,Closed Won,100,66363.37,True,True,False,,,False,16.0,FY2026-Q1
101577,5242,"Thomas, Lee and Greene",Private Equity,Venue,1008,False,Texas/Central,2025-12-01,2026-01-15,Closed Lost,0,8000.0,True,False,False,Budget Cut,In-house Build,False,45.0,FY2026-Q1
101578,5222,Moon-White,Investment Bank,Venue,1011,False,Texas/Central,2025-05-03,2025-05-18,Closed Lost,0,8000.0,True,False,False,Lost to Competitor,In-house Build,False,15.0,FY2025-Q2
101579,5234,Martinez-Dudley,Pre-IPO / Private,Venue,1007,False,West,2025-05-12,2025-07-14,Closed Lost,0,47198.97,True,False,False,Budget Cut,Donnelley Legacy/Manual Process,False,63.0,FY2025-Q3
101580,5376,Graham Group,Private Equity,Venue,1007,False,Texas/Central,2025-10-14,2025-11-23,Closed Won,100,59629.48,True,True,False,,,False,40.0,FY2025-Q4
101581,5282,"Beltran, Lozano and Mcgee",Large Cap Public,Venue,1007,False,West,2025-05-04,2025-06-22,Closed Won,100,54216.98,True,True,False,,,False,49.0,FY2025-Q2
101582,5153,"Gould, Marshall and Scott",Mid Cap Public,Venue,1018,True,West,2025-09-20,2025-10-28,Closed Won,100,77727.48,True,True,False,,,False,38.0,FY2025-Q4
101583,5133,Stein-Silva,Pre-IPO / Private,Venue,1006,False,Midwest,2025-07-18,2025-08-28,Closed Lost,0,47179.23,True,False,False,Feature Gap,Donnelley Legacy/Manual Process,False,41.0,FY2025-Q3
101584,5247,"Burns, Hernandez and Ryan",Private Equity,Venue,1011,False,Mid-Atlantic,2025-02-02,2025-03-17,Closed Won,100,46455.73,True,True,False,,,False,43.0,FY2025-Q1
101585,5378,Berry-Mckinney,Investment Bank,Venue,1006,False,Texas/Central,2026-06-23,2026-07-18,Qualification,25,42286.59,False,,False,,,False,,FY2026-Q3
101586,5126,"Ramirez, Strickland and Washington",Mid Cap Public,Venue,1011,False,Texas/Central,2025-05-30,2025-06-27,Closed Lost,0,26249.06,True,False,False,Budget Cut,In-house Build,False,28.0,FY2025-Q2
101587,5168,Marshall-Petersen,Large Cap Public,Venue,1011,False,Southeast,2025-12-28,2026-01-28,Closed Lost,0,42181.46,True,False,False,Price,Intralinks,False,31.0,FY2026-Q1
101588,5328,Hayes and Sons,Private Equity,Venue,1006,False,Mid-Atlantic,2026-04-22,2026-06-10,Closed Won,100,21780.57,True,True,False,,,False,49.0,FY2026-Q2
101589,5005,Frazier Inc,Large Cap Public,Venue,1011,False,Mid-Atlantic,2024-10-03,2024-11-18,Closed Won,100,11381.62,True,True,False,,,False,46.0,FY2024-Q4
101590,5011,"Romero, Gonzalez and Brooks",Large Cap Public,Venue,1009,False,Texas/Central,2025-04-17,2025-05-04,Closed Won,100,8000.0,True,True,False,,,False,17.0,FY2025-Q2
101591,5359,Davis PLC,Mid Cap Public,Venue,1006,False,Southeast,2024-12-30,2025-01-09,Closed Lost,0,8000.0,True,False,False,Price,Datasite,False,10.0,FY2025-Q1
101592,5047,"Daniels, Adkins and Brown",Private Equity,Venue,1009,False,Midwest,2024-10-11,2024-11-12,Closed Lost,0,25910.84,True,False,False,Price,Intralinks,False,32.0,FY2024-Q4
101593,5021,"Harris, Collins and Carney",Pre-IPO / Private,Venue,1006,False,Mid-Atlantic,2026-05-17,2026-07-01,Negotiation,80,8650.76,False,,False,,,True,,FY2026-Q3
101594,5111,Chambers and Sons,Large Cap Public,Venue,1009,False,Texas/Central,2026-04-10,2026-05-03,Closed Lost,0,60324.22,True,False,False,Budget Cut,Toppan Merrill,False,23.0,FY2026-Q2
101595,5406,"Kim, Gonzales and Mills",Investment Bank,Venue,1009,False,Southeast,2024-10-22,2024-11-01,Closed Lost,0,32014.17,True,False,False,Budget Cut,Ideagen/Q4,False,10.0,FY2024-Q4
101596,5250,Pollard and Sons,Pre-IPO / Private,Venue,1008,False,Texas/Central,2024-09-19,2024-10-07,Closed Lost,0,11515.76,True,False,False,Feature Gap,In-house Build,False,18.0,FY2024-Q4
101597,5040,Russell Group,Investment Bank,Venue,1010,False,Midwest,2025-01-18,2025-02-28,Closed Lost,0,73052.44,True,False,False,Budget Cut,Donnelley Legacy/Manual Process,False,41.0,FY2025-Q1
101598,5077,Nolan and Sons,Mid Cap Public,Venue,1006,False,West,2025-10-18,2025-11-23,Closed Lost,0,11496.99,True,False,False,Budget Cut,Datasite,False,36.0,FY2025-Q4
101599,5327,Strickland-Palmer,Pre-IPO / Private,Venue,1006,False,Northeast,2026-05-22,2026-06-09,Closed Lost,0,8000.0,True,False,False,Lost to Competitor,Datasite,False,18.0,FY2026-Q2
101600,5128,"Mitchell, Nelson and Flores",Large Cap Public,Venue,1011,False,Northeast,2025-08-31,2025-09-30,Closed Won,100,73999.91,True,True,False,,,False,30.0,FY2025-Q3
101601,5402,"Huang, Cole and Pacheco",Large Cap Public,Venue,1010,False,Southeast,2025-06-30,2025-07-24,Closed Lost,0,36196.0,True,False,False,Lost to Competitor,Intralinks,False,24.0,FY2025-Q3
101602,5048,"Woods, Calhoun and Schmidt",Large Cap Public,Venue,1011,False,Texas/Central,2025-12-29,2026-02-06,Closed Lost,0,8000.0,True,False,False,No Decision / Stalled,Datasite,False,39.0,FY2026-Q1
101603,5063,"Smith, Montoya and Evans",Mid Cap Public,Venue,1011,False,West,2026-06-05,2026-07-28,Needs Analysis,40,44298.42,False,,False,,,False,,FY2026-Q3
101604,5361,Moore-Collins,Mid Cap Public,Venue,1007,False,Midwest,2024-08-10,2024-09-13,Closed Lost,0,28990.82,True,False,False,Feature Gap,Toppan Merrill,False,34.0,FY2024-Q3
101605,5078,"Wright, Garcia and Deleon",Large Cap Public,Venue,1011,False,Northeast,2024-09-18,2024-10-28,Closed Lost,0,51256.81,True,False,False,Budget Cut,Donnelley Legacy/Manual Process,False,40.0,FY2024-Q4
101606,5360,Bennett Group,Private Equity,Venue,1008,False,Mid-Atlantic,2025-01-04,2025-02-19,Closed Lost,0,105547.08,True,False,False,Feature Gap,Workiva,False,46.0,FY2025-Q1
101607,5131,Russell-Daniels,Private Equity,Venue,1007,False,Midwest,2025-09-16,2025-10-13,Closed Lost,0,8000.0,True,False,False,No Decision / Stalled,In-house Build,False,27.0,FY2025-Q4
101608,5139,Johnson-Rogers,Pre-IPO / Private,Venue,1007,False,Northeast,2026-01-03,2026-03-13,Closed Lost,0,29611.86,True,False,False,Price,Datasite,False,69.0,FY2026-Q1
101609,5261,"James, Stewart and Higgins",Investment Bank,Venue,1009,False,Midwest,2025-10-27,2025-11-11,Closed Won,100,8000.0,True,True,False,,,False,15.0,FY2025-Q4
101610,5407,Cox LLC,Investment Bank,Venue,1008,False,West,2025-01-01,2025-01-31,Closed Won,100,64133.45,True,True,False,,,False,30.0,FY2025-Q1
101611,5131,Russell-Daniels,Private Equity,Venue,1008,False,Midwest,2026-05-03,2026-06-07,Closed Lost,0,80029.5,True,False,False,Feature Gap,Datasite,False,35.0,FY2026-Q2
101612,5233,"Anderson, Roberts and Gilmore",Mid Cap Public,Venue,1011,False,Midwest,2025-02-11,2025-03-23,Closed Won,100,65259.21,True,True,False,,,False,40.0,FY2025-Q1
101613,5441,Hughes Inc,Mid Cap Public,Venue,1009,False,Texas/Central,2026-03-18,2026-04-20,Closed Lost,0,62563.41,True,False,False,Feature Gap,In-house Build,False,33.0,FY2026-Q2
101614,5210,"Guerrero, Peck and Coleman",Large Cap Public,Venue,1010,False,Northeast,2026-01-05,2026-02-14,Closed Won,100,70153.49,True,True,False,,,False,40.0,FY2026-Q1
101615,5326,"Fisher, Wilson and Brown",Mid Cap Public,Venue,1009,False,Midwest,2025-05-23,2025-06-27,Closed Won,100,60033.4,True,True,False,,,False,35.0,FY2025-Q2
101616,5310,Crosby-Ramirez,Large Cap Public,Venue,1007,False,Northeast,2025-01-31,2025-03-04,Closed Lost,0,28267.52,True,False,False,No Decision / Stalled,Donnelley Legacy/Manual Process,False,32.0,FY2025-Q1
101617,5463,Anderson-Bell,Pre-IPO / Private,Venue,1006,False,Mid-Atlantic,2026-05-07,2026-06-24,Closed Lost,0,32210.44,True,False,False,Timing - Not Ready,Datasite,False,48.0,FY2026-Q2
101618,5399,Jones-Lin,Mid Cap Public,Venue,1010,False,Midwest,2025-01-28,2025-03-09,Closed Won,100,89731.95,True,True,False,,,False,40.0,FY2025-Q1
101619,5450,Young-Martinez,Private Equity,Venue,1009,False,Texas/Central,2025-05-18,2025-06-24,Closed Won,100,19730.62,True,True,False,,,False,37.0,FY2025-Q2
101620,5058,"Ferrell, Jones and Lewis",Mid Cap Public,Venue,1008,False,West,2026-02-18,2026-03-24,Closed Lost,0,39841.52,True,False,False,Budget Cut,Ideagen/Q4,False,34.0,FY2026-Q1
101621,5049,Yu Inc,Large Cap Public,Venue,1006,False,Texas/Central,2024-11-03,2024-12-07,Closed Lost,0,9118.81,True,False,False,Lost to Competitor,Ideagen/Q4,False,34.0,FY2024-Q4
101622,5019,"Martin, Rose and Obrien",Mid Cap Public,Venue,1009,False,Northeast,2025-06-25,2025-08-11,Closed Lost,0,36364.64,True,False,False,No Decision / Stalled,Datasite,False,47.0,FY2025-Q3
101623,5286,"Becker, Taylor and Davis",Pre-IPO / Private,Venue,1011,False,Northeast,2026-05-11,2026-06-09,Closed Lost,0,45445.79,True,False,False,No Decision / Stalled,In-house Build,False,29.0,FY2026-Q2
101624,5210,"Guerrero, Peck and Coleman",Large Cap Public,Venue,1009,False,Northeast,2025-10-18,2025-12-23,Closed Won,100,51746.52,True,True,False,,,False,66.0,FY2025-Q4
101625,5260,"Miller, Murphy and Craig",Pre-IPO / Private,Venue,1008,False,Southeast,2025-08-13,2025-08-23,Closed Lost,0,11024.63,True,False,False,Feature Gap,Intralinks,False,10.0,FY2025-Q3
101626,5030,Lee-Davis,Large Cap Public,Venue,1011,False,Mid-Atlantic,2024-10-08,2024-11-16,Closed Lost,0,121996.78,True,False,False,Budget Cut,Donnelley Legacy/Manual Process,False,39.0,FY2024-Q4
101627,5208,Warner-Gibson,Mid Cap Public,Venue,1010,False,Texas/Central,2026-04-12,2026-05-19,Closed Lost,0,8000.0,True,False,False,Price,In-house Build,False,37.0,FY2026-Q2
101628,5101,Cortez LLC,Mid Cap Public,Venue,1007,False,Mid-Atlantic,2025-05-28,2025-07-12,Closed Lost,0,25888.66,True,False,False,Budget Cut,Toppan Merrill,False,45.0,FY2025-Q3
101629,5308,"Newton, Moore and Perry",Investment Bank,Venue,1011,False,Texas/Central,2025-07-14,2025-08-17,Closed Won,100,17774.7,True,True,False,,,False,34.0,FY2025-Q3
101630,5121,"Schmidt, Hansen and Stewart",Large Cap Public,Venue,1007,False,Southeast,2025-01-13,2025-02-05,Closed Lost,0,37576.9,True,False,False,Feature Gap,Ideagen/Q4,False,23.0,FY2025-Q1
101631,5377,Atkins PLC,Pre-IPO / Private,Venue,1008,False,Mid-Atlantic,2025-01-20,2025-03-03,Closed Won,100,48832.52,True,True,False,,,False,42.0,FY2025-Q1
101632,5085,Gonzalez Group,Private Equity,Venue,1009,False,Southeast,2025-01-27,2025-03-06,Closed Won,100,27479.74,True,True,False,,,False,38.0,FY2025-Q1
101633,5469,Robertson-Hays,Large Cap Public,Venue,1007,False,West,2025-09-27,2025-11-14,Closed Lost,0,92732.88,True,False,False,Timing - Not Ready,Toppan Merrill,False,48.0,FY2025-Q4
101634,5278,Castaneda-Rodriguez,Large Cap Public,Venue,1006,False,West,2024-12-10,2024-12-25,Closed Won,100,78932.32,True,True,False,,,False,15.0,FY2024-Q4
101635,5023,Walker LLC,Pre-IPO / Private,Venue,1010,False,Texas/Central,2026-05-29,2026-07-07,Negotiation,80,18304.34,False,,False,,,True,,FY2026-Q3
101636,5419,Bean LLC,Investment Bank,Venue,1008,False,Midwest,2024-09-10,2024-10-05,Closed Lost,0,80708.01,True,False,False,Timing - Not Ready,Workiva,False,25.0,FY2024-Q4
101637,5295,"Ramsey, Whitney and Coffey",Pre-IPO / Private,Venue,1011,False,Mid-Atlantic,2025-09-22,2025-10-18,Closed Won,100,28820.46,True,True,False,,,False,26.0,FY2025-Q4
101638,5189,Erickson and Sons,Private Equity,Venue,1006,False,Midwest,2025-09-23,2025-11-04,Closed Won,100,18548.84,True,True,False,,,False,42.0,FY2025-Q4
101639,5406,"Kim, Gonzales and Mills",Investment Bank,Venue,1006,False,Southeast,2026-02-13,2026-03-01,Closed Lost,0,91034.12,True,False,False,No Decision / Stalled,Donnelley Legacy/Manual Process,False,16.0,FY2026-Q1
101640,5436,"Rosales, Mitchell and Hines",Private Equity,Venue,1011,False,Southeast,2025-11-06,2025-11-22,Closed Lost,0,17138.94,True,False,False,Budget Cut,Toppan Merrill,False,16.0,FY2025-Q4
101641,5461,Cooper Ltd,Pre-IPO / Private,Venue,1009,False,Texas/Central,2025-06-15,2025-07-15,Closed Won,100,57043.59,True,True,False,,,False,30.0,FY2025-Q3
101642,5076,Nolan-Flynn,Large Cap Public,Venue,1008,False,West,2026-06-16,2026-07-15,Needs Analysis,40,56752.58,False,,False,,,False,,FY2026-Q3
101643,5409,"Williams, Mccoy and Cook",Private Equity,Venue,1008,False,Texas/Central,2024-07-26,2024-08-29,Closed Lost,0,56675.97,True,False,False,No Decision / Stalled,Toppan Merrill,False,34.0,FY2024-Q3
101644,5332,Henry Group,Large Cap Public,Venue,1009,False,West,2026-02-01,2026-03-04,Closed Lost,0,40029.44,True,False,False,Feature Gap,Datasite,False,31.0,FY2026-Q1
101645,5151,Howell and Sons,Investment Bank,Venue,1010,False,West,2026-06-11,2026-07-26,Needs Analysis,40,8000.0,False,,False,,,False,,FY2026-Q3
101646,5413,Rangel LLC,Large Cap Public,Venue,1010,False,Midwest,2026-02-17,2026-03-12,Closed Won,100,55896.34,True,True,False,,,False,23.0,FY2026-Q1
101647,5176,Miller Ltd,Large Cap Public,Venue,1010,False,Northeast,2025-06-17,2025-07-22,Closed Lost,0,27181.84,True,False,False,No Decision / Stalled,In-house Build,False,35.0,FY2025-Q3
101648,5285,Byrd-Le,Large Cap Public,Venue,1008,False,West,2024-09-04,2024-10-14,Closed Won,100,35030.41,True,True,False,,,False,40.0,FY2024-Q4
101649,5141,Hooper PLC,Pre-IPO / Private,Venue,1008,False,Midwest,2024-10-30,2024-12-22,Closed Lost,0,49885.49,True,False,False,Timing - Not Ready,Toppan Merrill,False,53.0,FY2024-Q4
101650,5235,"Lloyd, Mckinney and Collins",Mid Cap Public,Venue,1006,False,Mid-Atlantic,2025-01-23,2025-02-24,Closed Won,100,53412.19,True,True,False,,,False,32.0,FY2025-Q1
101651,5232,Wolf-Harris,Large Cap Public,Venue,1008,False,Texas/Central,2025-06-02,2025-07-22,Closed Lost,0,35427.45,True,False,False,Timing - Not Ready,Ideagen/Q4,False,50.0,FY2025-Q3
101652,5034,Wright and Sons,Mid Cap Public,Venue,1011,False,Texas/Central,2025-12-17,2026-02-02,Closed Won,100,87996.56,True,True,False,,,False,47.0,FY2026-Q1
101653,5070,Williams-Cook,Private Equity,Venue,1009,False,Texas/Central,2025-02-18,2025-03-22,Closed Won,100,39530.1,True,True,False,,,False,32.0,FY2025-Q1
101654,5252,Garner-Thornton,Investment Bank,Venue,1011,False,Mid-Atlantic,2024-10-01,2024-11-16,Closed Lost,0,19909.57,True,False,False,Price,Intralinks,False,46.0,FY2024-Q4
101655,5068,Wagner-King,Pre-IPO / Private,Venue,1018,True,West,2025-05-06,2025-06-17,Closed Won,100,92854.3,True,True,False,,,False,42.0,FY2025-Q2
101656,5455,Mendez and Sons,Mid Cap Public,Venue,1006,False,Mid-Atlantic,2026-02-15,2026-03-13,Closed Lost,0,8000.0,True,False,False,Price,Datasite,False,26.0,FY2026-Q1
101657,5118,Robinson-Brock,Mid Cap Public,Venue,1009,False,Southeast,2025-01-17,2025-03-02,Closed Won,100,84075.35,True,True,False,,,False,44.0,FY2025-Q1
101658,5397,"Brown, Romero and Collins",Large Cap Public,Venue,1007,False,Northeast,2024-10-10,2024-11-11,Closed Lost,0,71119.87,True,False,False,No Decision / Stalled,In-house Build,False,32.0,FY2024-Q4
101659,5471,Kelly-Norman,Private Equity,Venue,1006,False,Texas/Central,2026-02-15,2026-03-10,Closed Lost,0,23284.62,True,False,False,Budget Cut,Ideagen/Q4,False,23.0,FY2026-Q1
101660,5187,"Carlson, Hooper and Wall",Mid Cap Public,Venue,1011,False,Midwest,2025-01-15,2025-02-25,Closed Lost,0,10067.0,True,False,False,Budget Cut,Workiva,False,41.0,FY2025-Q1
101661,5194,Sheppard LLC,Mid Cap Public,Venue,1010,False,Mid-Atlantic,2025-06-01,2025-07-08,Closed Won,100,63895.55,True,True,False,,,False,37.0,FY2025-Q3
101662,5389,Thomas and Sons,Large Cap Public,Venue,1010,False,Texas/Central,2025-05-02,2025-05-30,Closed Won,100,8000.0,True,True,False,,,False,28.0,FY2025-Q2
101663,5267,Williams Inc,Large Cap Public,Venue,1008,False,West,2026-05-25,2026-06-21,Closed Lost,0,47734.74,True,False,False,Price,Ideagen/Q4,False,27.0,FY2026-Q2
101664,5000,Osborn and Sons,Private Equity,Venue,1010,False,West,2025-11-11,2025-11-21,Closed Lost,0,81472.77,True,False,False,Lost to Competitor,Intralinks,False,10.0,FY2025-Q4
101665,5406,"Kim, Gonzales and Mills",Investment Bank,Venue,1006,False,Southeast,2025-09-15,2025-11-03,Closed Lost,0,18331.25,True,False,False,Budget Cut,Datasite,False,49.0,FY2025-Q4
101666,5201,Kerr-Evans,Pre-IPO / Private,Venue,1007,False,Southeast,2025-01-14,2025-02-07,Closed Won,100,61375.5,True,True,False,,,False,24.0,FY2025-Q1
101667,5340,Perry-Davis,Large Cap Public,Venue,1009,False,Mid-Atlantic,2025-05-23,2025-07-07,Closed Won,100,19936.64,True,True,False,,,False,45.0,FY2025-Q3
101668,5036,Baxter Inc,Mid Cap Public,Venue,1008,False,Midwest,2026-03-16,2026-05-01,Closed Won,100,24904.34,True,True,False,,,False,46.0,FY2026-Q2
101669,5147,King-Miller,Pre-IPO / Private,Venue,1009,False,Northeast,2024-12-07,2025-01-28,Closed Lost,0,42375.38,True,False,False,Budget Cut,Ideagen/Q4,False,52.0,FY2025-Q1
101670,5429,Young-Allen,Private Equity,Venue,1009,False,Southeast,2025-02-19,2025-03-29,Closed Lost,0,54391.08,True,False,False,No Decision / Stalled,Datasite,False,38.0,FY2025-Q1
101671,5371,Duran LLC,Private Equity,Venue,1008,False,Midwest,2025-05-09,2025-05-19,Closed Lost,0,54199.86,True,False,False,No Decision / Stalled,Donnelley Legacy/Manual Process,False,10.0,FY2025-Q2
101672,5459,Williams-Hughes,Private Equity,Venue,1009,False,Mid-Atlantic,2025-09-08,2025-10-11,Closed Won,100,67163.7,True,True,False,,,False,33.0,FY2025-Q4
101673,5019,"Martin, Rose and Obrien",Mid Cap Public,Venue,1007,False,Northeast,2025-06-27,2025-08-05,Closed Lost,0,68395.84,True,False,False,No Decision / Stalled,Workiva,False,39.0,FY2025-Q3
101674,5288,"Diaz, Anderson and Browning",Investment Bank,Venue,1011,False,Midwest,2025-01-23,2025-02-08,Closed Won,100,8000.0,True,True,False,,,False,16.0,FY2025-Q1
101675,5021,"Harris, Collins and Carney",Pre-IPO / Private,Venue,1008,False,Mid-Atlantic,2024-07-24,2024-08-30,Closed Lost,0,24308.0,True,False,False,Feature Gap,Intralinks,False,37.0,FY2024-Q3
101676,5436,"Rosales, Mitchell and Hines",Private Equity,Venue,1008,False,Southeast,2025-04-06,2025-04-22,Closed Lost,0,98754.41,True,False,False,Feature Gap,In-house Build,False,16.0,FY2025-Q2
101677,5063,"Smith, Montoya and Evans",Mid Cap Public,Venue,1008,False,West,2026-06-23,2026-07-25,Qualification,25,62625.9,False,,False,,,False,,FY2026-Q3
101678,5349,Bell-Lane,Pre-IPO / Private,Venue,1019,True,Texas/Central,2025-07-19,2025-08-09,Closed Won,100,34912.31,True,True,False,,,False,21.0,FY2025-Q3
101679,5105,"Carroll, Sullivan and Bass",Pre-IPO / Private,Venue,1006,False,Southeast,2025-09-21,2025-10-16,Closed Lost,0,75591.74,True,False,False,Feature Gap,Workiva,False,25.0,FY2025-Q4
101680,5080,Hancock and Sons,Large Cap Public,Venue,1006,False,Northeast,2026-02-07,2026-03-22,Closed Lost,0,38379.77,True,False,False,No Decision / Stalled,In-house Build,False,43.0,FY2026-Q1
101681,5070,Williams-Cook,Private Equity,Venue,1010,False,Texas/Central,2026-05-07,2026-06-11,Closed Lost,0,8000.0,True,False,False,Feature Gap,Workiva,False,35.0,FY2026-Q2
101682,5065,Newton and Sons,Large Cap Public,Venue,1011,False,West,2024-09-07,2024-10-13,Closed Lost,0,48955.94,True,False,False,No Decision / Stalled,Ideagen/Q4,False,36.0,FY2024-Q4
101683,5454,"Andrews, Higgins and Carter",Mid Cap Public,Venue,1007,False,Southeast,2025-09-29,2025-11-20,Closed Won,100,125298.38,True,True,False,,,False,52.0,FY2025-Q4
101684,5224,Bailey-Cook,Investment Bank,Venue,1008,False,West,2025-02-18,2025-04-04,Closed Won,100,27738.29,True,True,False,,,False,45.0,FY2025-Q2
101685,5446,Blake Group,Large Cap Public,Venue,1006,False,Midwest,2025-03-22,2025-04-03,Closed Won,100,59407.96,True,True,False,,,False,12.0,FY2025-Q2
101686,5033,Powell LLC,Private Equity,Venue,1009,False,Texas/Central,2025-09-10,2025-10-24,Closed Lost,0,8000.0,True,False,False,Timing - Not Ready,Workiva,False,44.0,FY2025-Q4
101687,5348,Schmitt PLC,Mid Cap Public,Venue,1006,False,Texas/Central,2025-07-17,2025-08-19,Closed Lost,0,39091.68,True,False,False,No Decision / Stalled,Ideagen/Q4,False,33.0,FY2025-Q3
101688,5292,Coffey-Phillips,Private Equity,Venue,1006,False,West,2025-11-15,2025-12-22,Closed Lost,0,30457.94,True,False,False,Timing - Not Ready,Workiva,False,37.0,FY2025-Q4
101689,5043,House-Glover,Large Cap Public,Venue,1010,False,Mid-Atlantic,2024-10-23,2024-11-29,Closed Lost,0,114643.74,True,False,False,Price,In-house Build,False,37.0,FY2024-Q4
101690,5376,Graham Group,Private Equity,Venue,1011,False,Texas/Central,2025-01-11,2025-02-27,Closed Lost,0,53263.97,True,False,False,No Decision / Stalled,Donnelley Legacy/Manual Process,False,47.0,FY2025-Q1
101691,5156,Rodriguez-Johnson,Large Cap Public,Venue,1010,False,Midwest,2024-09-12,2024-11-02,Closed Won,100,53374.71,True,True,False,,,False,51.0,FY2024-Q4
101692,5247,"Burns, Hernandez and Ryan",Private Equity,Venue,1009,False,Mid-Atlantic,2026-06-09,2026-06-27,Closed Lost,0,50033.44,True,False,False,Budget Cut,In-house Build,False,18.0,FY2026-Q2
101693,5250,Pollard and Sons,Pre-IPO / Private,Venue,1009,False,Texas/Central,2025-08-03,2025-09-06,Closed Won,100,51800.41,True,True,False,,,False,34.0,FY2025-Q3
101694,5444,Moody-Taylor,Large Cap Public,Venue,1008,False,Southeast,2026-02-18,2026-03-29,Closed Lost,0,8000.0,True,False,False,Feature Gap,Toppan Merrill,False,39.0,FY2026-Q1
101695,5388,"Mullen, Brewer and Hernandez",Investment Bank,Venue,1011,False,West,2026-02-08,2026-04-02,Closed Lost,0,8000.0,True,False,False,Lost to Competitor,Intralinks,False,53.0,FY2026-Q2
101696,5176,Miller Ltd,Large Cap Public,Venue,1006,False,Northeast,2025-01-27,2025-03-15,Closed Won,100,8000.0,True,True,False,,,False,47.0,FY2025-Q1
101697,5046,Novak PLC,Investment Bank,Venue,1006,False,West,2026-01-04,2026-02-11,Closed Won,100,55855.44,True,True,False,,,False,38.0,FY2026-Q1
101698,5000,Osborn and Sons,Private Equity,Venue,1007,False,West,2025-02-20,2025-03-27,Closed Won,100,14249.95,True,True,False,,,False,35.0,FY2025-Q1
101699,5162,Reed Group,Mid Cap Public,Venue,1008,False,Mid-Atlantic,2025-04-03,2025-05-02,Closed Won,100,47976.77,True,True,False,,,False,29.0,FY2025-Q2
101700,5365,"Miller, Ramos and Coleman",Investment Bank,Venue,1011,False,Northeast,2025-07-19,2025-08-25,Closed Won,100,89998.72,True,True,False,,,False,37.0,FY2025-Q3
101701,5387,"Hicks, Bullock and Bailey",Pre-IPO / Private,Venue,1007,False,Northeast,2025-09-30,2025-10-24,Closed Won,100,74857.33,True,True,False,,,False,24.0,FY2025-Q4
101702,5363,Ware and Sons,Mid Cap Public,Venue,1006,False,Midwest,2026-02-24,2026-03-28,Closed Lost,0,25152.48,True,False,False,Timing - Not Ready,In-house Build,False,32.0,FY2026-Q1
101703,5472,"Rivera, Martinez and Richardson",Pre-IPO / Private,Venue,1009,False,Mid-Atlantic,2024-11-01,2024-12-08,Closed Lost,0,32176.39,True,False,False,No Decision / Stalled,Toppan Merrill,False,37.0,FY2024-Q4
101704,5334,"Hernandez, Martinez and Weber",Pre-IPO / Private,Venue,1010,False,Mid-Atlantic,2025-08-29,2025-09-20,Closed Won,100,49696.67,True,True,False,,,False,22.0,FY2025-Q3
101705,5034,Wright and Sons,Mid Cap Public,Venue,1006,False,Texas/Central,2025-12-02,2025-12-23,Closed Won,100,11744.77,True,True,False,,,False,21.0,FY2025-Q4
101706,5198,Miller-Wright,Private Equity,Venue,1008,False,Northeast,2024-10-10,2024-10-30,Closed Lost,0,37440.63,True,False,False,Budget Cut,Ideagen/Q4,False,20.0,FY2024-Q4
101707,5347,"Pugh, Henderson and Moon",Private Equity,Venue,1011,False,Texas/Central,2025-05-03,2025-07-01,Closed Won,100,55587.29,True,True,False,,,False,59.0,FY2025-Q3
101708,5094,Chandler-Edwards,Mid Cap Public,Venue,1019,True,Mid-Atlantic,2025-10-25,2025-12-05,Closed Lost,0,87487.43,True,False,False,No Decision / Stalled,Workiva,False,41.0,FY2025-Q4
101709,5310,Crosby-Ramirez,Large Cap Public,Venue,1020,True,Northeast,2025-03-11,2025-04-30,Closed Won,100,83449.97,True,True,False,,,False,50.0,FY2025-Q2
101710,5232,Wolf-Harris,Large Cap Public,Venue,1011,False,Texas/Central,2024-08-08,2024-09-16,Closed Lost,0,21938.1,True,False,False,No Decision / Stalled,In-house Build,False,39.0,FY2024-Q3
101711,5450,Young-Martinez,Private Equity,Venue,1006,False,Texas/Central,2026-05-15,2026-06-26,Closed Lost,0,47228.98,True,False,False,Price,Donnelley Legacy/Manual Process,False,42.0,FY2026-Q2
101712,5336,"Phillips, Wagner and Jordan",Large Cap Public,Venue,1008,False,Southeast,2025-05-09,2025-06-19,Closed Lost,0,41600.55,True,False,False,No Decision / Stalled,In-house Build,False,41.0,FY2025-Q2
101713,5432,Strickland-Shaw,Investment Bank,Venue,1009,False,Midwest,2025-06-04,2025-06-29,Closed Won,100,97439.19,True,True,False,,,False,25.0,FY2025-Q2
101714,5096,Scott Ltd,Mid Cap Public,Venue,1010,False,Midwest,2025-08-21,2025-09-18,Closed Lost,0,8000.0,True,False,False,Lost to Competitor,Intralinks,False,28.0,FY2025-Q3
101715,5334,"Hernandez, Martinez and Weber",Pre-IPO / Private,Venue,1009,False,Mid-Atlantic,2024-07-15,2024-08-18,Closed Lost,0,41899.4,True,False,False,Price,Donnelley Legacy/Manual Process,False,34.0,FY2024-Q3
101716,5207,"Harrison, Johnson and Roberts",Pre-IPO / Private,Venue,1009,False,Northeast,2024-06-30,2024-07-31,Closed Lost,0,65877.58,True,False,False,No Decision / Stalled,Intralinks,False,31.0,FY2024-Q3
101717,5296,"Diaz, Gibbs and Smith",Large Cap Public,Venue,1010,False,Midwest,2026-05-03,2026-05-30,Closed Lost,0,97215.3,True,False,False,Price,Donnelley Legacy/Manual Process,False,27.0,FY2026-Q2
101718,5068,Wagner-King,Pre-IPO / Private,Venue,1007,False,West,2026-02-04,2026-02-27,Closed Lost,0,43384.37,True,False,False,Lost to Competitor,Intralinks,False,23.0,FY2026-Q1
101719,5133,Stein-Silva,Pre-IPO / Private,Venue,1011,False,Midwest,2024-09-22,2024-10-28,Closed Won,100,20294.16,True,True,False,,,False,36.0,FY2024-Q4
101720,5220,Johnston-Hines,Large Cap Public,Venue,1008,False,West,2024-10-15,2024-11-25,Closed Won,100,21536.53,True,True,False,,,False,41.0,FY2024-Q4
101721,5198,Miller-Wright,Private Equity,Venue,1009,False,Northeast,2025-05-04,2025-05-25,Closed Lost,0,57432.73,True,False,False,Timing - Not Ready,In-house Build,False,21.0,FY2025-Q2
101722,5093,Johnson-Carlson,Pre-IPO / Private,Venue,1007,False,Northeast,2024-11-11,2024-12-24,Closed Lost,0,45728.57,True,False,False,Price,Toppan Merrill,False,43.0,FY2024-Q4
101723,5160,Garcia LLC,Private Equity,Venue,1006,False,Southeast,2025-01-18,2025-02-21,Closed Won,100,71366.62,True,True,False,,,False,34.0,FY2025-Q1
101724,5212,Jones and Sons,Large Cap Public,Venue,1008,False,Southeast,2025-02-28,2025-04-08,Closed Won,100,9534.69,True,True,False,,,False,39.0,FY2025-Q2
101725,5377,Atkins PLC,Pre-IPO / Private,Venue,1010,False,Mid-Atlantic,2025-01-08,2025-02-03,Closed Won,100,45077.47,True,True,False,,,False,26.0,FY2025-Q1
101726,5417,"Osborn, Gaines and Davis",Investment Bank,Venue,1010,False,Midwest,2025-10-07,2025-11-10,Closed Lost,0,31232.68,True,False,False,Feature Gap,Datasite,False,34.0,FY2025-Q4
101727,5314,Lopez-Martinez,Private Equity,Venue,1007,False,West,2025-06-10,2025-07-28,Closed Won,100,61047.74,True,True,False,,,False,48.0,FY2025-Q3
101728,5385,Cook and Sons,Private Equity,Venue,1006,False,Northeast,2026-01-13,2026-03-16,Closed Lost,0,29916.59,True,False,False,No Decision / Stalled,Ideagen/Q4,False,62.0,FY2026-Q1
101729,5070,Williams-Cook,Private Equity,Venue,1011,False,Texas/Central,2025-03-26,2025-05-04,Closed Won,100,68541.46,True,True,False,,,False,39.0,FY2025-Q2
101730,5172,"Barnett, Rogers and Snyder",Investment Bank,Venue,1006,False,Midwest,2024-11-06,2024-12-06,Closed Won,100,44459.07,True,True,False,,,False,30.0,FY2024-Q4
101731,5424,Harper and Sons,Investment Bank,Venue,1010,False,Southeast,2025-05-10,2025-06-17,Closed Lost,0,69443.38,True,False,False,Price,Ideagen/Q4,False,38.0,FY2025-Q2
101732,5233,"Anderson, Roberts and Gilmore",Mid Cap Public,Venue,1010,False,Midwest,2025-01-02,2025-02-19,Closed Won,100,66534.71,True,True,False,,,False,48.0,FY2025-Q1
101733,5168,Marshall-Petersen,Large Cap Public,Venue,1010,False,Southeast,2024-07-17,2024-08-20,Closed Lost,0,8000.0,True,False,False,Lost to Competitor,In-house Build,False,34.0,FY2024-Q3
101734,5410,Davis-Gregory,Large Cap Public,Venue,1010,False,Midwest,2025-12-19,2026-01-15,Closed Won,100,46324.2,True,True,False,,,False,27.0,FY2026-Q1
101735,5296,"Diaz, Gibbs and Smith",Large Cap Public,Venue,1011,False,Midwest,2024-10-10,2024-11-11,Closed Lost,0,63668.49,True,False,False,Timing - Not Ready,Intralinks,False,32.0,FY2024-Q4
101736,5333,Lam LLC,Investment Bank,Venue,1010,False,Southeast,2026-01-04,2026-02-13,Closed Lost,0,81140.12,True,False,False,Lost to Competitor,Datasite,False,40.0,FY2026-Q1
101737,5354,"Austin, Day and Johnson",Pre-IPO / Private,Venue,1009,False,Northeast,2025-08-14,2025-09-06,Closed Lost,0,82395.97,True,False,False,Budget Cut,Datasite,False,23.0,FY2025-Q3
101738,5192,Garcia-Smith,Investment Bank,Venue,1008,False,Midwest,2025-05-03,2025-06-05,Closed Lost,0,54026.55,True,False,False,Feature Gap,Datasite,False,33.0,FY2025-Q2
101739,5341,Edwards-Scott,Private Equity,Venue,1009,False,Southeast,2024-09-06,2024-11-14,Closed Won,100,39318.18,True,True,False,,,False,69.0,FY2024-Q4
101740,5334,"Hernandez, Martinez and Weber",Pre-IPO / Private,Venue,1008,False,Mid-Atlantic,2024-09-10,2024-10-04,Closed Won,100,66849.41,True,True,False,,,False,24.0,FY2024-Q4
101741,5394,"Downs, Morris and Maddox",Large Cap Public,Venue,1007,False,Mid-Atlantic,2026-02-19,2026-03-11,Closed Won,100,103452.51,True,True,False,,,False,20.0,FY2026-Q1
101742,5020,Hickman Ltd,Pre-IPO / Private,Venue,1008,False,Southeast,2026-05-19,2026-06-25,Closed Won,100,20631.08,True,True,False,,,False,37.0,FY2026-Q2
101743,5259,Morgan-Schwartz,Mid Cap Public,Venue,1020,True,Southeast,2025-12-15,2026-01-27,Closed Lost,0,8000.0,True,False,False,Lost to Competitor,Toppan Merrill,False,43.0,FY2026-Q1
101744,5200,Rowe Group,Private Equity,Venue,1010,False,West,2025-05-01,2025-06-13,Closed Lost,0,24621.08,True,False,False,Budget Cut,Intralinks,False,43.0,FY2025-Q2
101745,5009,"Baker, Mason and White",Investment Bank,Venue,1006,False,Northeast,2025-06-14,2025-07-21,Closed Won,100,8000.0,True,True,False,,,False,37.0,FY2025-Q3
101746,5436,"Rosales, Mitchell and Hines",Private Equity,Venue,1009,False,Southeast,2024-10-23,2024-11-22,Closed Lost,0,71200.29,True,False,False,Feature Gap,Toppan Merrill,False,30.0,FY2024-Q4
101747,5027,Jones-Young,Investment Bank,Venue,1011,False,Southeast,2025-04-24,2025-05-20,Closed Lost,0,27097.99,True,False,False,Timing - Not Ready,Ideagen/Q4,False,26.0,FY2025-Q2
101748,5317,Zhang PLC,Investment Bank,Venue,1011,False,Midwest,2026-05-11,2026-05-31,Closed Lost,0,13009.31,True,False,False,Budget Cut,Workiva,False,20.0,FY2026-Q2
101749,5268,Howard-Jordan,Mid Cap Public,Venue,1008,False,Mid-Atlantic,2024-10-15,2024-11-22,Closed Lost,0,86697.11,True,False,False,Feature Gap,Datasite,False,38.0,FY2024-Q4
101750,5058,"Ferrell, Jones and Lewis",Mid Cap Public,Venue,1008,False,West,2025-09-02,2025-09-26,Closed Lost,0,8000.0,True,False,False,Price,Workiva,False,24.0,FY2025-Q3
101751,5310,Crosby-Ramirez,Large Cap Public,Venue,1010,False,Northeast,2025-11-09,2026-01-06,Closed Lost,0,74946.49,True,False,False,No Decision / Stalled,Workiva,False,58.0,FY2026-Q1
101752,5040,Russell Group,Investment Bank,Venue,1010,False,Midwest,2026-01-25,2026-03-16,Closed Won,100,34511.38,True,True,False,,,False,50.0,FY2026-Q1
101753,5096,Scott Ltd,Mid Cap Public,Venue,1011,False,Midwest,2026-02-24,2026-03-14,Closed Lost,0,25733.23,True,False,False,Timing - Not Ready,Workiva,False,18.0,FY2026-Q1
101754,5429,Young-Allen,Private Equity,Venue,1010,False,Southeast,2026-05-19,2026-07-12,Proposal,60,23824.66,False,,False,,,True,,FY2026-Q3
101755,5048,"Woods, Calhoun and Schmidt",Large Cap Public,Venue,1009,False,Texas/Central,2024-08-09,2024-09-05,Closed Lost,0,69216.54,True,False,False,Timing - Not Ready,Workiva,False,27.0,FY2024-Q3
101756,5254,"Pollard, Simpson and Johnson",Private Equity,Venue,1006,False,West,2025-09-15,2025-10-09,Closed Won,100,98535.6,True,True,False,,,False,24.0,FY2025-Q4
101757,5346,"Hoffman, Santiago and Jenkins",Private Equity,Venue,1009,False,West,2025-06-01,2025-06-24,Closed Lost,0,23376.66,True,False,False,Feature Gap,Donnelley Legacy/Manual Process,False,23.0,FY2025-Q2
101758,5452,Brown-Copeland,Large Cap Public,Venue,1007,False,West,2026-05-30,2026-07-29,Needs Analysis,40,16466.69,False,,False,,,False,,FY2026-Q3
101759,5268,Howard-Jordan,Mid Cap Public,Venue,1011,False,Mid-Atlantic,2025-05-28,2025-06-21,Closed Won,100,71556.26,True,True,False,,,False,24.0,FY2025-Q2
101760,5029,"Johnston, Sanchez and Kennedy",Mid Cap Public,Venue,1010,False,Texas/Central,2025-01-30,2025-02-28,Closed Lost,0,38935.9,True,False,False,Feature Gap,Donnelley Legacy/Manual Process,False,29.0,FY2025-Q1
101761,5164,Short-Garcia,Pre-IPO / Private,Venue,1010,False,Southeast,2024-09-29,2024-10-31,Closed Lost,0,8000.0,True,False,False,Lost to Competitor,Datasite,False,32.0,FY2024-Q4
101762,5350,Moore Group,Mid Cap Public,Venue,1006,False,Mid-Atlantic,2024-10-11,2024-11-07,Closed Lost,0,73117.75,True,False,False,No Decision / Stalled,In-house Build,False,27.0,FY2024-Q4
101763,5076,Nolan-Flynn,Large Cap Public,Venue,1008,False,West,2026-04-15,2026-05-11,Closed Lost,0,35069.89,True,False,False,Budget Cut,Datasite,False,26.0,FY2026-Q2
101764,5177,Freeman-Chang,Mid Cap Public,Venue,1007,False,West,2025-09-21,2025-11-06,Closed Lost,0,53306.67,True,False,False,No Decision / Stalled,Workiva,False,46.0,FY2025-Q4
101765,5184,Stewart Ltd,Large Cap Public,Venue,1010,False,West,2025-01-10,2025-01-30,Closed Lost,0,8000.0,True,False,False,Timing - Not Ready,Datasite,False,20.0,FY2025-Q1
101766,5277,Bruce-Gonzalez,Investment Bank,Venue,1010,False,Texas/Central,2026-01-02,2026-01-12,Closed Lost,0,45618.05,True,False,False,Lost to Competitor,Workiva,False,10.0,FY2026-Q1
101767,5253,Hughes-Alvarado,Private Equity,Venue,1008,False,Northeast,2026-05-10,2026-06-25,Closed Won,100,68485.88,True,True,False,,,False,46.0,FY2026-Q2
101768,5389,Thomas and Sons,Large Cap Public,Venue,1011,False,Texas/Central,2024-10-14,2024-11-12,Closed Lost,0,78742.63,True,False,False,No Decision / Stalled,In-house Build,False,29.0,FY2024-Q4
101769,5049,Yu Inc,Large Cap Public,Venue,1009,False,Texas/Central,2025-05-27,2025-07-16,Closed Lost,0,8000.0,True,False,False,Lost to Competitor,In-house Build,False,50.0,FY2025-Q3
101770,5239,Jimenez Ltd,Private Equity,Venue,1006,False,Southeast,2026-05-14,2026-06-11,Closed Lost,0,72459.21,True,False,False,Feature Gap,Intralinks,False,28.0,FY2026-Q2
101771,5185,"Tapia, Vaughn and Lee",Private Equity,Venue,1007,False,Texas/Central,2025-02-16,2025-03-26,Closed Won,100,74293.15,True,True,False,,,False,38.0,FY2025-Q1
101772,5284,Robinson-Lee,Investment Bank,Venue,1010,False,Texas/Central,2025-09-22,2025-11-09,Closed Lost,0,81480.72,True,False,False,Lost to Competitor,Donnelley Legacy/Manual Process,False,48.0,FY2025-Q4
101773,5080,Hancock and Sons,Large Cap Public,Venue,1008,False,Northeast,2026-06-23,2026-07-16,Qualification,25,41121.55,False,,False,,,False,,FY2026-Q3
101774,5230,Gutierrez-Lopez,Private Equity,Venue,1007,False,Southeast,2025-09-14,2025-09-29,Closed Won,100,34328.45,True,True,False,,,False,15.0,FY2025-Q3
101775,5326,"Fisher, Wilson and Brown",Mid Cap Public,Venue,1007,False,Midwest,2024-09-16,2024-10-26,Closed Won,100,45891.93,True,True,False,,,False,40.0,FY2024-Q4
101776,5215,Lyons-Bender,Investment Bank,Venue,1010,False,Southeast,2026-02-12,2026-03-24,Closed Lost,0,38255.59,True,False,False,Timing - Not Ready,Datasite,False,40.0,FY2026-Q1
101777,5000,Osborn and Sons,Private Equity,Venue,1011,False,West,2026-03-10,2026-04-29,Closed Lost,0,8000.0,True,False,False,Timing - Not Ready,Ideagen/Q4,False,50.0,FY2026-Q2
101778,5420,Lee-Cooke,Mid Cap Public,Venue,1006,False,Texas/Central,2025-10-19,2025-11-08,Closed Lost,0,39216.63,True,False,False,Budget Cut,Donnelley Legacy/Manual Process,False,20.0,FY2025-Q4
101779,5121,"Schmidt, Hansen and Stewart",Large Cap Public,Venue,1018,True,Southeast,2025-09-19,2025-10-12,Closed Won,100,65473.22,True,True,False,,,False,23.0,FY2025-Q4
101780,5055,"Edwards, Baker and Anderson",Large Cap Public,Venue,1008,False,Texas/Central,2026-01-23,2026-03-08,Closed Lost,0,21062.57,True,False,False,Feature Gap,Intralinks,False,44.0,FY2026-Q1
101781,5183,King-Martinez,Large Cap Public,Venue,1011,False,Texas/Central,2026-05-29,2026-07-10,Proposal,60,54676.02,False,,False,,,False,,FY2026-Q3
101782,5345,"Watson, Anderson and Brown",Private Equity,Venue,1008,False,Southeast,2025-02-05,2025-03-12,Closed Lost,0,26754.65,True,False,False,Feature Gap,Datasite,False,35.0,FY2025-Q1
101783,5435,Spencer-Garcia,Pre-IPO / Private,Venue,1010,False,Texas/Central,2025-02-23,2025-04-21,Closed Lost,0,41002.21,True,False,False,Lost to Competitor,Ideagen/Q4,False,57.0,FY2025-Q2
101784,5455,Mendez and Sons,Mid Cap Public,Venue,1006,False,Mid-Atlantic,2026-05-28,2026-06-18,Closed Lost,0,8000.0,True,False,False,Price,Toppan Merrill,False,21.0,FY2026-Q2
101785,5276,"Evans, Hayden and Vaughn",Private Equity,Venue,1010,False,Texas/Central,2024-09-10,2024-10-21,Closed Lost,0,52698.4,True,False,False,Lost to Competitor,Toppan Merrill,False,41.0,FY2024-Q4
101786,5030,Lee-Davis,Large Cap Public,Venue,1019,True,Mid-Atlantic,2025-06-04,2025-06-28,Closed Lost,0,24923.0,True,False,False,Feature Gap,Donnelley Legacy/Manual Process,False,24.0,FY2025-Q2
101787,5231,Dean-Jimenez,Mid Cap Public,Venue,1019,True,Midwest,2025-01-03,2025-02-11,Closed Won,100,113104.87,True,True,False,,,False,39.0,FY2025-Q1
101788,5004,"Ferrell, Rice and Maddox",Private Equity,Venue,1007,False,Midwest,2025-01-04,2025-01-18,Closed Won,100,19483.74,True,True,False,,,False,14.0,FY2025-Q1
101789,5293,Brock-Mcdonald,Investment Bank,Venue,1006,False,Southeast,2025-06-12,2025-06-28,Closed Lost,0,8000.0,True,False,False,Price,In-house Build,False,16.0,FY2025-Q2
101790,5005,Frazier Inc,Large Cap Public,Venue,1019,True,Mid-Atlantic,2026-01-21,2026-02-12,Closed Won,100,24154.31,True,True,False,,,False,22.0,FY2026-Q1
101791,5213,Larson-Holloway,Fund/Asset Manager,Arc Suite,1014,False,West,2025-12-23,2026-02-09,Closed Won,100,35024.24,True,True,False,,,False,48.0,FY2026-Q1
101792,5193,Harrison-Alexander,Fund/Asset Manager,Arc Suite,1013,False,Midwest,2024-12-23,2025-03-26,Closed Lost,0,95873.01,True,False,False,No Decision / Stalled,Workiva,False,93.0,FY2025-Q1
101793,5138,"Hurst, Freeman and Nelson",Fund/Asset Manager,Arc Suite,1015,False,Northeast,2026-02-07,2026-06-04,Closed Lost,0,93738.06,True,False,False,Lost to Competitor,In-house Build,False,117.0,FY2026-Q2
101794,5053,Sandoval-Cunningham,Fund/Asset Manager,Arc Suite,1016,False,Texas/Central,2025-09-28,2025-12-24,Closed Lost,0,57118.61,True,False,False,Price,Ideagen/Q4,False,87.0,FY2025-Q4
101795,5294,Taylor and Sons,Fund/Asset Manager,Arc Suite,1016,False,West,2024-10-18,2024-12-19,Closed Won,100,52578.57,True,True,False,,,False,62.0,FY2024-Q4
101796,5403,"Lopez, Jacobs and Mason",Fund/Asset Manager,Arc Suite,1016,False,Mid-Atlantic,2026-03-09,2026-06-14,Closed Lost,0,42032.13,True,False,False,Budget Cut,Toppan Merrill,False,97.0,FY2026-Q2
101797,5167,"Nelson, Morton and Medina",Fund/Asset Manager,Arc Suite,1013,False,Northeast,2024-09-05,2024-11-15,Closed Lost,0,62211.95,True,False,True,Budget Cut,Intralinks,False,71.0,FY2024-Q4
101798,5384,"Miller, Harrell and Reese",Fund/Asset Manager,Arc Suite,1017,False,Southeast,2025-11-03,2026-01-08,Closed Lost,0,40878.83,True,False,True,Timing - Not Ready,Workiva,False,66.0,FY2026-Q1
101799,5136,Castaneda-Ashley,Fund/Asset Manager,Arc Suite,1016,False,West,2026-05-01,2026-06-27,Closed Lost,0,80151.46,True,False,False,Timing - Not Ready,Donnelley Legacy/Manual Process,False,57.0,FY2026-Q2
101800,5014,Rodriguez LLC,Fund/Asset Manager,Arc Suite,1015,False,West,2025-04-15,2025-07-08,Closed Lost,0,55861.64,True,False,False,No Decision / Stalled,Toppan Merrill,False,84.0,FY2025-Q3
101801,5016,"Arroyo, Miller and Tucker",Fund/Asset Manager,Arc Suite,1012,False,Northeast,2025-07-21,2025-07-31,Closed Lost,0,66321.61,True,False,True,Budget Cut,In-house Build,False,10.0,FY2025-Q3
101802,5175,"Beard, Peters and Black",Fund/Asset Manager,Arc Suite,1017,False,West,2025-04-20,2025-06-24,Closed Won,100,72150.85,True,True,True,,,False,65.0,FY2025-Q2
101803,5229,"Bryan, Smith and Booth",Fund/Asset Manager,Arc Suite,1016,False,Midwest,2024-09-29,2025-01-06,Closed Lost,0,56292.65,True,False,False,Feature Gap,Datasite,False,99.0,FY2025-Q1
101804,5227,"Johnson, Miller and King",Fund/Asset Manager,Arc Suite,1012,False,Southeast,2025-07-29,2025-10-09,Closed Lost,0,45176.24,True,False,False,Feature Gap,Ideagen/Q4,False,72.0,FY2025-Q4
101805,5415,Collins Group,Fund/Asset Manager,Arc Suite,1015,False,Southeast,2026-06-15,2026-10-23,Prospecting,10,55237.49,False,,False,,,False,,FY2026-Q4
101806,5405,"Miller, Lucas and Williams",Fund/Asset Manager,Arc Suite,1017,False,Midwest,2025-11-19,2026-01-23,Closed Lost,0,55255.99,True,False,False,Price,Donnelley Legacy/Manual Process,False,65.0,FY2026-Q1
101807,5431,"Valentine, Joyce and Murray",Fund/Asset Manager,Arc Suite,1013,False,Mid-Atlantic,2025-08-15,2025-11-30,Closed Lost,0,82263.95,True,False,True,No Decision / Stalled,Donnelley Legacy/Manual Process,False,107.0,FY2025-Q4
101808,5456,"Butler, Beck and Miller",Fund/Asset Manager,Arc Suite,1014,False,Midwest,2026-04-30,2026-06-19,Closed Lost,0,47080.75,True,False,True,Price,Donnelley Legacy/Manual Process,False,50.0,FY2026-Q2
101809,5053,Sandoval-Cunningham,Fund/Asset Manager,Arc Suite,1012,False,Texas/Central,2025-11-11,2026-02-09,Closed Lost,0,49867.34,True,False,False,Budget Cut,Workiva,False,90.0,FY2026-Q1
101810,5415,Collins Group,Fund/Asset Manager,Arc Suite,1013,False,Southeast,2024-11-08,2024-12-25,Closed Won,100,68756.42,True,True,True,,,False,47.0,FY2024-Q4
101811,5165,Reid-Poole,Fund/Asset Manager,Arc Suite,1016,False,Texas/Central,2025-11-12,2026-01-07,Closed Lost,0,88690.29,True,False,True,Feature Gap,Datasite,False,56.0,FY2026-Q1
101812,5404,Hayes LLC,Fund/Asset Manager,Arc Suite,1016,False,Midwest,2025-04-19,2025-09-13,Closed Won,100,79787.45,True,True,True,,,False,147.0,FY2025-Q3
101813,5470,"Kennedy, Johnson and Lucas",Fund/Asset Manager,Arc Suite,1015,False,Texas/Central,2025-01-21,2025-03-11,Closed Lost,0,85906.66,True,False,False,Price,Intralinks,False,49.0,FY2025-Q1
101814,5090,May-Ross,Fund/Asset Manager,Arc Suite,1012,False,Northeast,2025-01-04,2025-05-11,Closed Won,100,22232.03,True,True,True,,,False,127.0,FY2025-Q2
101815,5404,Hayes LLC,Fund/Asset Manager,Arc Suite,1012,False,Midwest,2024-11-23,2025-03-16,Closed Lost,0,40718.94,True,False,False,Timing - Not Ready,Ideagen/Q4,False,113.0,FY2025-Q1
101816,5280,"Phillips, Spence and Barrett",Fund/Asset Manager,Arc Suite,1013,False,Midwest,2025-05-21,2025-08-24,Closed Lost,0,77794.67,True,False,False,No Decision / Stalled,Intralinks,False,95.0,FY2025-Q3
101817,5431,"Valentine, Joyce and Murray",Fund/Asset Manager,Arc Suite,1015,False,Mid-Atlantic,2026-04-20,2026-08-04,Proposal,60,54038.61,False,,False,,,False,,FY2026-Q3
101818,5431,"Valentine, Joyce and Murray",Fund/Asset Manager,Arc Suite,1013,False,Mid-Atlantic,2025-02-15,2025-06-25,Closed Lost,0,39353.49,True,False,False,Feature Gap,Donnelley Legacy/Manual Process,False,130.0,FY2025-Q2
101819,5246,Monroe-Carpenter,Fund/Asset Manager,Arc Suite,1016,False,Texas/Central,2026-03-08,2026-05-30,Closed Won,100,45702.28,True,True,False,,,False,83.0,FY2026-Q2
101820,5229,"Bryan, Smith and Booth",Fund/Asset Manager,Arc Suite,1016,False,Midwest,2024-08-27,2024-12-07,Closed Lost,0,59438.63,True,False,False,Timing - Not Ready,Toppan Merrill,False,102.0,FY2024-Q4
101821,5415,Collins Group,Fund/Asset Manager,Arc Suite,1017,False,Southeast,2024-11-23,2025-02-27,Closed Won,100,75567.68,True,True,True,,,False,96.0,FY2025-Q1
101822,5445,Lowery-Kennedy,Fund/Asset Manager,Arc Suite,1017,False,Midwest,2026-01-31,2026-06-30,Closed Lost,0,47959.12,True,False,False,Price,Toppan Merrill,False,150.0,FY2026-Q2
101823,5158,Sanders-Espinoza,Fund/Asset Manager,Arc Suite,1014,False,Mid-Atlantic,2026-02-05,2026-06-18,Closed Lost,0,66041.4,True,False,False,Budget Cut,Donnelley Legacy/Manual Process,False,133.0,FY2026-Q2
101824,5079,Dickson-Brady,Fund/Asset Manager,Arc Suite,1017,False,Northeast,2026-03-19,2026-04-24,Closed Lost,0,34774.77,True,False,False,Lost to Competitor,Donnelley Legacy/Manual Process,False,36.0,FY2026-Q2
101825,5423,Stanley PLC,Fund/Asset Manager,Arc Suite,1017,False,Southeast,2025-02-14,2025-03-22,Closed Lost,0,68742.66,True,False,True,Budget Cut,Datasite,False,36.0,FY2025-Q1
101826,5353,Bruce-Villegas,Fund/Asset Manager,Arc Suite,1017,False,West,2025-05-03,2025-07-01,Closed Lost,0,64145.32,True,False,False,Lost to Competitor,Donnelley Legacy/Manual Process,False,59.0,FY2025-Q3
101827,5167,"Nelson, Morton and Medina",Fund/Asset Manager,Arc Suite,1015,False,Northeast,2025-06-26,2025-12-14,Closed Lost,0,68198.04,True,False,False,Budget Cut,Donnelley Legacy/Manual Process,False,171.0,FY2025-Q4
101828,5357,Kane PLC,Fund/Asset Manager,Arc Suite,1017,False,Mid-Atlantic,2025-06-10,2025-08-09,Closed Lost,0,44682.73,True,False,False,Lost to Competitor,Intralinks,False,60.0,FY2025-Q3
101829,5331,Boone-Simmons,Fund/Asset Manager,Arc Suite,1012,False,Southeast,2025-05-10,2025-08-14,Closed Lost,0,35098.05,True,False,True,Budget Cut,Datasite,False,96.0,FY2025-Q3
101830,5138,"Hurst, Freeman and Nelson",Fund/Asset Manager,Arc Suite,1013,False,Northeast,2025-02-07,2025-05-07,Closed Lost,0,60375.97,True,False,False,Timing - Not Ready,Donnelley Legacy/Manual Process,False,89.0,FY2025-Q2
101831,5214,Gonzales-Harrison,Fund/Asset Manager,Arc Suite,1016,False,Texas/Central,2024-12-23,2025-05-24,Closed Lost,0,57024.85,True,False,False,Feature Gap,Donnelley Legacy/Manual Process,False,152.0,FY2025-Q2
101832,5140,"Yates, Ramsey and Pittman",Fund/Asset Manager,Arc Suite,1013,False,West,2025-01-18,2025-04-21,Closed Lost,0,48923.95,True,False,False,Lost to Competitor,Ideagen/Q4,False,93.0,FY2025-Q2
101833,5158,Sanders-Espinoza,Fund/Asset Manager,Arc Suite,1016,False,Mid-Atlantic,2026-03-17,2026-06-09,Closed Lost,0,59175.42,True,False,True,Feature Gap,Workiva,False,84.0,FY2026-Q2
101834,5431,"Valentine, Joyce and Murray",Fund/Asset Manager,Arc Suite,1012,False,Mid-Atlantic,2024-09-04,2025-01-25,Closed Lost,0,61465.39,True,False,True,Price,Datasite,False,143.0,FY2025-Q1
101835,5002,Burton Ltd,Fund/Asset Manager,Arc Suite,1016,False,Texas/Central,2026-06-20,2026-09-23,Prospecting,10,34001.43,False,,True,,,False,,FY2026-Q3
101836,5227,"Johnson, Miller and King",Fund/Asset Manager,Arc Suite,1015,False,Southeast,2025-08-29,2026-01-17,Closed Won,100,66155.13,True,True,False,,,False,141.0,FY2026-Q1
101837,5280,"Phillips, Spence and Barrett",Fund/Asset Manager,Arc Suite,1017,False,Midwest,2025-03-12,2025-06-18,Closed Lost,0,56870.03,True,False,True,Budget Cut,Workiva,False,98.0,FY2025-Q2
101838,5136,Castaneda-Ashley,Fund/Asset Manager,Arc Suite,1017,False,West,2025-10-31,2026-01-18,Closed Lost,0,13338.84,True,False,False,No Decision / Stalled,Donnelley Legacy/Manual Process,False,79.0,FY2026-Q1
101839,5237,Gay Inc,Fund/Asset Manager,Arc Suite,1016,False,Mid-Atlantic,2025-11-15,2026-02-16,Closed Lost,0,54895.83,True,False,True,No Decision / Stalled,Workiva,False,93.0,FY2026-Q1
101840,5470,"Kennedy, Johnson and Lucas",Fund/Asset Manager,Arc Suite,1015,False,Texas/Central,2024-12-28,2025-04-13,Closed Lost,0,70579.62,True,False,False,Price,Ideagen/Q4,False,106.0,FY2025-Q2
101841,5017,Spence PLC,Fund/Asset Manager,Arc Suite,1012,False,Mid-Atlantic,2025-05-24,2025-08-22,Closed Lost,0,67446.42,True,False,False,Budget Cut,Workiva,False,90.0,FY2025-Q3
101842,5025,"Robinson, Jones and Welch",Fund/Asset Manager,Arc Suite,1014,False,Mid-Atlantic,2024-12-17,2025-04-04,Closed Won,100,60365.82,True,True,True,,,False,108.0,FY2025-Q2
101843,5026,Jones Inc,Fund/Asset Manager,Arc Suite,1017,False,Mid-Atlantic,2025-04-05,2025-07-22,Closed Lost,0,78910.97,True,False,True,Price,Datasite,False,108.0,FY2025-Q3
101844,5195,Wilson-Jones,Fund/Asset Manager,Arc Suite,1016,False,Southeast,2026-03-31,2026-06-30,Closed Lost,0,84971.47,True,False,True,Budget Cut,Donnelley Legacy/Manual Process,False,91.0,FY2026-Q2
101845,5167,"Nelson, Morton and Medina",Fund/Asset Manager,Arc Suite,1014,False,Northeast,2026-05-19,2026-07-29,Needs Analysis,40,77517.48,False,,False,,,False,,FY2026-Q3
101846,5358,"Morales, Thomas and Schultz",Fund/Asset Manager,Arc Suite,1014,False,West,2025-06-15,2025-11-20,Closed Lost,0,65253.3,True,False,True,Budget Cut,Datasite,False,158.0,FY2025-Q4
101847,5137,Medina-Navarro,Fund/Asset Manager,Arc Suite,1012,False,West,2024-10-24,2025-01-03,Closed Won,100,40553.64,True,True,True,,,False,71.0,FY2025-Q1
101848,5357,Kane PLC,Fund/Asset Manager,Arc Suite,1012,False,Mid-Atlantic,2025-02-27,2025-05-03,Closed Won,100,51981.02,True,True,False,,,False,65.0,FY2025-Q2
101849,5445,Lowery-Kennedy,Fund/Asset Manager,Arc Suite,1016,False,Midwest,2026-03-24,2026-06-10,Closed Lost,0,73015.41,True,False,False,Budget Cut,Toppan Merrill,False,78.0,FY2026-Q2
101850,5269,Schmidt PLC,Fund/Asset Manager,Arc Suite,1012,False,Northeast,2024-09-21,2024-12-27,Closed Won,100,23528.18,True,True,True,,,False,97.0,FY2024-Q4
101851,5026,Jones Inc,Fund/Asset Manager,Arc Suite,1015,False,Mid-Atlantic,2026-04-01,2026-08-11,Proposal,60,63315.69,False,,False,,,False,,FY2026-Q3
101852,5456,"Butler, Beck and Miller",Fund/Asset Manager,Arc Suite,1013,False,Midwest,2025-12-01,2026-02-04,Closed Won,100,71653.81,True,True,False,,,False,65.0,FY2026-Q1
101853,5321,"Smith, Garrison and Thomas",Fund/Asset Manager,Arc Suite,1013,False,Mid-Atlantic,2025-01-08,2025-03-26,Closed Won,100,103711.5,True,True,False,,,False,77.0,FY2025-Q1
101854,5229,"Bryan, Smith and Booth",Fund/Asset Manager,Arc Suite,1016,False,Midwest,2025-04-29,2025-08-01,Closed Lost,0,49339.11,True,False,False,Lost to Competitor,Donnelley Legacy/Manual Process,False,94.0,FY2025-Q3
101855,5196,Jones-Soto,Fund/Asset Manager,Arc Suite,1017,False,Mid-Atlantic,2025-03-03,2025-05-25,Closed Lost,0,42000.65,True,False,False,Feature Gap,Datasite,False,83.0,FY2025-Q2
101856,5476,Acosta Inc,Fund/Asset Manager,Arc Suite,1017,False,Texas/Central,2024-09-04,2024-12-06,Closed Won,100,61349.84,True,True,False,,,False,93.0,FY2024-Q4
101857,5091,"Rivera, Johnson and Wiley",Fund/Asset Manager,Arc Suite,1012,False,Texas/Central,2025-09-29,2025-12-20,Closed Lost,0,36143.65,True,False,False,No Decision / Stalled,Toppan Merrill,False,82.0,FY2025-Q4
101858,5237,Gay Inc,Fund/Asset Manager,Arc Suite,1014,False,Mid-Atlantic,2025-11-03,2025-12-11,Closed Lost,0,85427.57,True,False,True,No Decision / Stalled,In-house Build,False,38.0,FY2025-Q4
101859,5002,Burton Ltd,Fund/Asset Manager,Arc Suite,1017,False,Texas/Central,2026-02-21,2026-05-11,Closed Lost,0,71160.54,True,False,False,Budget Cut,Donnelley Legacy/Manual Process,False,79.0,FY2026-Q2
101860,5358,"Morales, Thomas and Schultz",Fund/Asset Manager,Arc Suite,1015,False,West,2024-11-22,2025-03-06,Closed Lost,0,40061.95,True,False,False,Price,Ideagen/Q4,False,104.0,FY2025-Q1
101861,5227,"Johnson, Miller and King",Fund/Asset Manager,Arc Suite,1014,False,Southeast,2026-04-08,2026-06-30,Closed Lost,0,18969.11,True,False,False,Feature Gap,Intralinks,False,83.0,FY2026-Q2
101862,5425,White Ltd,Fund/Asset Manager,Arc Suite,1015,False,Mid-Atlantic,2025-01-04,2025-04-21,Closed Won,100,32194.94,True,True,True,,,False,107.0,FY2025-Q2
101863,5294,Taylor and Sons,Fund/Asset Manager,Arc Suite,1014,False,West,2025-11-21,2026-02-18,Closed Lost,0,68258.77,True,False,True,Timing - Not Ready,Datasite,False,89.0,FY2026-Q1
101864,5053,Sandoval-Cunningham,Fund/Asset Manager,Arc Suite,1015,False,Texas/Central,2026-03-13,2026-05-15,Closed Lost,0,40705.69,True,False,True,Lost to Competitor,Donnelley Legacy/Manual Process,False,63.0,FY2026-Q2
101865,5079,Dickson-Brady,Fund/Asset Manager,Arc Suite,1015,False,Northeast,2024-10-16,2025-02-08,Closed Lost,0,55539.05,True,False,False,Lost to Competitor,Intralinks,False,115.0,FY2025-Q1
101866,5002,Burton Ltd,Fund/Asset Manager,Arc Suite,1012,False,Texas/Central,2025-02-06,2025-06-12,Closed Lost,0,19566.97,True,False,False,Feature Gap,Intralinks,False,126.0,FY2025-Q2
101867,5140,"Yates, Ramsey and Pittman",Fund/Asset Manager,Arc Suite,1013,False,West,2026-03-18,2026-05-18,Closed Lost,0,94331.68,True,False,False,No Decision / Stalled,Toppan Merrill,False,61.0,FY2026-Q2
101868,5430,Mckee-Lee,Fund/Asset Manager,Arc Suite,1015,False,Mid-Atlantic,2024-11-08,2025-03-03,Closed Won,100,49831.07,True,True,True,,,False,115.0,FY2025-Q1
101869,5091,"Rivera, Johnson and Wiley",Fund/Asset Manager,Arc Suite,1014,False,Texas/Central,2025-03-09,2025-06-24,Closed Lost,0,97979.91,True,False,False,No Decision / Stalled,Toppan Merrill,False,107.0,FY2025-Q2
101870,5090,May-Ross,Fund/Asset Manager,Arc Suite,1017,False,Northeast,2026-01-19,2026-05-18,Closed Won,100,63106.67,True,True,False,,,False,119.0,FY2026-Q2
101871,5124,Manning Group,Fund/Asset Manager,Arc Suite,1013,False,Texas/Central,2026-04-08,2026-09-15,Needs Analysis,40,86916.95,False,,True,,,False,,FY2026-Q3
101872,5476,Acosta Inc,Fund/Asset Manager,Arc Suite,1015,False,Texas/Central,2025-03-12,2025-05-23,Closed Lost,0,14084.34,True,False,True,No Decision / Stalled,In-house Build,False,72.0,FY2025-Q2
101873,5079,Dickson-Brady,Fund/Asset Manager,Arc Suite,1012,False,Northeast,2024-11-28,2025-01-23,Closed Lost,0,38873.55,True,False,True,Budget Cut,In-house Build,False,56.0,FY2025-Q1
101874,5186,"Washington, Hardy and Bray",Fund/Asset Manager,Arc Suite,1014,False,Texas/Central,2025-04-08,2025-06-14,Closed Lost,0,54605.52,True,False,True,Price,Donnelley Legacy/Manual Process,False,67.0,FY2025-Q2
101875,5431,"Valentine, Joyce and Murray",Fund/Asset Manager,Arc Suite,1015,False,Mid-Atlantic,2024-07-03,2024-11-02,Closed Lost,0,39882.44,True,False,False,No Decision / Stalled,Datasite,False,122.0,FY2024-Q4
101876,5196,Jones-Soto,Fund/Asset Manager,Arc Suite,1013,False,Mid-Atlantic,2026-03-11,2026-06-12,Closed Lost,0,61906.04,True,False,False,Feature Gap,Intralinks,False,93.0,FY2026-Q2
101877,5263,Young Ltd,Fund/Asset Manager,Arc Suite,1017,False,West,2026-03-11,2026-06-06,Closed Won,100,23476.6,True,True,True,,,False,87.0,FY2026-Q2
101878,5269,Schmidt PLC,Fund/Asset Manager,Arc Suite,1015,False,Northeast,2025-11-28,2026-02-12,Closed Lost,0,57286.28,True,False,True,Price,Datasite,False,76.0,FY2026-Q1
101879,5430,Mckee-Lee,Fund/Asset Manager,Arc Suite,1017,False,Mid-Atlantic,2025-04-29,2025-09-16,Closed Lost,0,41908.79,True,False,False,Budget Cut,Workiva,False,140.0,FY2025-Q3
101880,5306,Price LLC,Fund/Asset Manager,Arc Suite,1015,False,Southeast,2024-11-28,2025-03-01,Closed Lost,0,66316.78,True,False,True,Timing - Not Ready,Donnelley Legacy/Manual Process,False,93.0,FY2025-Q1
101881,5056,"Evans, Stewart and Walton",Fund/Asset Manager,Arc Suite,1013,False,West,2025-04-06,2025-07-13,Closed Lost,0,67877.44,True,False,False,Budget Cut,Datasite,False,98.0,FY2025-Q3
101882,5443,Combs Ltd,Fund/Asset Manager,Arc Suite,1014,False,Texas/Central,2024-11-03,2024-12-27,Closed Lost,0,25407.42,True,False,False,No Decision / Stalled,Intralinks,False,54.0,FY2024-Q4
101883,5405,"Miller, Lucas and Williams",Fund/Asset Manager,Arc Suite,1014,False,Midwest,2026-04-04,2026-07-17,Negotiation,80,60762.77,False,,False,,,True,,FY2026-Q3
101884,5028,"Washington, Ryan and Cummings",Fund/Asset Manager,Arc Suite,1016,False,Texas/Central,2026-02-02,2026-03-26,Closed Won,100,54402.98,True,True,False,,,False,52.0,FY2026-Q1
101885,5229,"Bryan, Smith and Booth",Fund/Asset Manager,Arc Suite,1013,False,Midwest,2024-09-07,2025-01-14,Closed Lost,0,69109.36,True,False,False,Lost to Competitor,Workiva,False,129.0,FY2025-Q1
101886,5161,"Burke, Martinez and Riggs",Fund/Asset Manager,Arc Suite,1012,False,Mid-Atlantic,2025-06-11,2025-09-19,Closed Lost,0,52455.62,True,False,False,Timing - Not Ready,Workiva,False,100.0,FY2025-Q3
101887,5431,"Valentine, Joyce and Murray",Fund/Asset Manager,Arc Suite,1012,False,Mid-Atlantic,2025-03-24,2025-07-20,Closed Lost,0,17475.0,True,False,False,Timing - Not Ready,Workiva,False,118.0,FY2025-Q3
101888,5017,Spence PLC,Fund/Asset Manager,Arc Suite,1013,False,Mid-Atlantic,2026-06-14,2026-08-20,Qualification,25,31949.26,False,,False,,,False,,FY2026-Q3
101889,5079,Dickson-Brady,Fund/Asset Manager,Arc Suite,1014,False,Northeast,2024-11-17,2025-02-24,Closed Lost,0,60245.86,True,False,True,Feature Gap,Toppan Merrill,False,99.0,FY2025-Q1
101890,5425,White Ltd,Fund/Asset Manager,Arc Suite,1017,False,Mid-Atlantic,2025-04-22,2025-07-03,Closed Lost,0,59579.92,True,False,True,Budget Cut,In-house Build,False,72.0,FY2025-Q3
101891,5280,"Phillips, Spence and Barrett",Fund/Asset Manager,Arc Suite,1013,False,Midwest,2026-02-23,2026-06-08,Closed Lost,0,75753.37,True,False,False,Price,Datasite,False,105.0,FY2026-Q2
101892,5053,Sandoval-Cunningham,Fund/Asset Manager,Arc Suite,1014,False,Texas/Central,2026-04-03,2026-07-24,Proposal,60,33363.51,False,,False,,,False,,FY2026-Q3
101893,5384,"Miller, Harrell and Reese",Fund/Asset Manager,Arc Suite,1013,False,Southeast,2026-03-14,2026-05-29,Closed Lost,0,46462.44,True,False,False,No Decision / Stalled,Donnelley Legacy/Manual Process,False,76.0,FY2026-Q2
101894,5025,"Robinson, Jones and Welch",Fund/Asset Manager,Arc Suite,1017,False,Mid-Atlantic,2025-10-05,2026-01-03,Closed Lost,0,19281.32,True,False,True,Budget Cut,Intralinks,False,90.0,FY2026-Q1
101895,5246,Monroe-Carpenter,Fund/Asset Manager,Arc Suite,1017,False,Texas/Central,2025-01-26,2025-04-09,Closed Lost,0,43122.01,True,False,False,Feature Gap,Toppan Merrill,False,73.0,FY2025-Q2
101896,5273,Estrada-Nolan,Fund/Asset Manager,Arc Suite,1014,False,Northeast,2025-02-20,2025-06-07,Closed Won,100,49510.81,True,True,True,,,False,107.0,FY2025-Q2
101897,5478,"Carter, Garcia and Murphy",Fund/Asset Manager,Arc Suite,1014,False,Texas/Central,2025-02-06,2025-04-14,Closed Won,100,28600.62,True,True,False,,,False,67.0,FY2025-Q2
101898,5468,Blackwell LLC,Fund/Asset Manager,Arc Suite,1015,False,Southeast,2026-03-08,2026-05-07,Closed Lost,0,105838.22,True,False,True,Timing - Not Ready,Datasite,False,60.0,FY2026-Q2
101899,5273,Estrada-Nolan,Fund/Asset Manager,Arc Suite,1016,False,Northeast,2024-06-30,2024-10-05,Closed Lost,0,72901.31,True,False,True,Price,Workiva,False,97.0,FY2024-Q4
101900,5025,"Robinson, Jones and Welch",Fund/Asset Manager,Arc Suite,1012,False,Mid-Atlantic,2025-07-16,2025-09-01,Closed Lost,0,65113.01,True,False,True,Price,Workiva,False,47.0,FY2025-Q3
101901,5437,Cole-Palmer,Fund/Asset Manager,Arc Suite,1017,False,Texas/Central,2025-01-25,2025-05-05,Closed Lost,0,70545.99,True,False,True,Budget Cut,Intralinks,False,100.0,FY2025-Q2
101902,5476,Acosta Inc,Fund/Asset Manager,Arc Suite,1016,False,Texas/Central,2025-02-25,2025-06-15,Closed Lost,0,86440.99,True,False,False,No Decision / Stalled,Datasite,False,110.0,FY2025-Q2
101903,5193,Harrison-Alexander,Fund/Asset Manager,Arc Suite,1017,False,Midwest,2025-11-03,2026-03-31,Closed Won,100,26585.18,True,True,True,,,False,148.0,FY2026-Q1
101904,5014,Rodriguez LLC,Fund/Asset Manager,Arc Suite,1015,False,West,2025-07-21,2025-08-11,Closed Lost,0,69391.16,True,False,False,Price,In-house Build,False,21.0,FY2025-Q3
101905,5237,Gay Inc,Fund/Asset Manager,Arc Suite,1017,False,Mid-Atlantic,2025-04-13,2025-09-16,Closed Lost,0,66219.64,True,False,True,No Decision / Stalled,Workiva,False,156.0,FY2025-Q3
101906,5196,Jones-Soto,Fund/Asset Manager,Arc Suite,1012,False,Mid-Atlantic,2025-01-08,2025-05-18,Closed Lost,0,60503.0,True,False,False,Price,Ideagen/Q4,False,130.0,FY2025-Q2
101907,5124,Manning Group,Fund/Asset Manager,Arc Suite,1017,False,Texas/Central,2025-02-22,2025-04-24,Closed Won,100,63408.9,True,True,True,,,False,61.0,FY2025-Q2
101908,5374,"Hall, Hansen and Barnett",Fund/Asset Manager,Arc Suite,1014,False,Midwest,2026-01-04,2026-04-04,Closed Lost,0,59404.09,True,False,False,Timing - Not Ready,Donnelley Legacy/Manual Process,False,90.0,FY2026-Q2
101909,5161,"Burke, Martinez and Riggs",Fund/Asset Manager,Arc Suite,1015,False,Mid-Atlantic,2024-11-28,2025-03-19,Closed Lost,0,73835.0,True,False,True,Budget Cut,Datasite,False,111.0,FY2025-Q1
101910,5319,Willis and Sons,Fund/Asset Manager,Arc Suite,1014,False,Mid-Atlantic,2025-03-16,2025-07-11,Closed Lost,0,37921.95,True,False,False,Feature Gap,Donnelley Legacy/Manual Process,False,117.0,FY2025-Q3
101911,5225,"Garcia, Martin and Jenkins",Fund/Asset Manager,Arc Suite,1016,False,West,2026-05-27,2026-08-06,Needs Analysis,40,88152.03,False,,True,,,False,,FY2026-Q3
101912,5079,Dickson-Brady,Fund/Asset Manager,Arc Suite,1013,False,Northeast,2026-02-07,2026-03-14,Closed Lost,0,59356.96,True,False,False,Budget Cut,Workiva,False,35.0,FY2026-Q1
101913,5273,Estrada-Nolan,Fund/Asset Manager,Arc Suite,1016,False,Northeast,2025-11-25,2026-01-16,Closed Won,100,43813.28,True,True,True,,,False,52.0,FY2026-Q1
101914,5099,Diaz Inc,Fund/Asset Manager,Arc Suite,1015,False,West,2025-08-06,2025-08-31,Closed Lost,0,57075.08,True,False,True,Price,Intralinks,False,25.0,FY2025-Q3
101915,5028,"Washington, Ryan and Cummings",Fund/Asset Manager,Arc Suite,1015,False,Texas/Central,2025-11-28,2026-03-18,Closed Won,100,82848.26,True,True,False,,,False,110.0,FY2026-Q1
101916,5319,Willis and Sons,Fund/Asset Manager,Arc Suite,1013,False,Mid-Atlantic,2025-05-09,2025-10-02,Closed Lost,0,86510.78,True,False,True,Price,Ideagen/Q4,False,146.0,FY2025-Q4
101917,5366,"Ramos, Nelson and Fischer",Fund/Asset Manager,Arc Suite,1017,False,Midwest,2024-07-31,2024-12-13,Closed Won,100,57170.01,True,True,False,,,False,135.0,FY2024-Q4
101918,5273,Estrada-Nolan,Fund/Asset Manager,Arc Suite,1014,False,Northeast,2025-05-03,2025-07-15,Closed Lost,0,74549.54,True,False,False,Timing - Not Ready,Donnelley Legacy/Manual Process,False,73.0,FY2025-Q3
101919,5338,"Le, Lewis and Hayes",Fund/Asset Manager,Arc Suite,1015,False,Northeast,2025-06-24,2025-09-23,Closed Lost,0,67683.65,True,False,False,Price,Donnelley Legacy/Manual Process,False,91.0,FY2025-Q3
101920,5273,Estrada-Nolan,Fund/Asset Manager,Arc Suite,1012,False,Northeast,2025-11-11,2026-02-13,Closed Lost,0,88825.55,True,False,True,Timing - Not Ready,Workiva,False,94.0,FY2026-Q1
101921,5195,Wilson-Jones,Fund/Asset Manager,Arc Suite,1015,False,Southeast,2026-04-07,2026-06-28,Closed Lost,0,45549.82,True,False,False,No Decision / Stalled,Intralinks,False,82.0,FY2026-Q2
101922,5366,"Ramos, Nelson and Fischer",Fund/Asset Manager,Arc Suite,1017,False,Midwest,2024-08-04,2024-10-15,Closed Lost,0,90036.67,True,False,True,Lost to Competitor,In-house Build,False,72.0,FY2024-Q4
101923,5405,"Miller, Lucas and Williams",Fund/Asset Manager,Arc Suite,1012,False,Midwest,2026-05-31,2026-06-19,Closed Lost,0,17215.91,True,False,True,Budget Cut,Workiva,False,19.0,FY2026-Q2
101924,5146,Ramirez-Bean,Fund/Asset Manager,Arc Suite,1015,False,Southeast,2025-04-07,2025-07-23,Closed Lost,0,76547.52,True,False,True,Timing - Not Ready,Toppan Merrill,False,107.0,FY2025-Q3
101925,5294,Taylor and Sons,Fund/Asset Manager,Arc Suite,1015,False,West,2025-11-14,2026-01-02,Closed Lost,0,53186.01,True,False,False,Lost to Competitor,Workiva,False,49.0,FY2026-Q1
101926,5279,Armstrong-Andrews,Fund/Asset Manager,Arc Suite,1012,False,Mid-Atlantic,2025-09-09,2025-11-03,Closed Won,100,55211.49,True,True,True,,,False,55.0,FY2025-Q4
101927,5430,Mckee-Lee,Fund/Asset Manager,Arc Suite,1015,False,Mid-Atlantic,2026-04-30,2026-06-30,Closed Won,100,33561.8,True,True,False,,,False,61.0,FY2026-Q2
101928,5091,"Rivera, Johnson and Wiley",Fund/Asset Manager,Arc Suite,1013,False,Texas/Central,2026-02-17,2026-05-21,Closed Lost,0,48518.39,True,False,True,Feature Gap,Workiva,False,93.0,FY2026-Q2
101929,5405,"Miller, Lucas and Williams",Fund/Asset Manager,Arc Suite,1016,False,Midwest,2024-11-12,2025-03-25,Closed Lost,0,61374.24,True,False,False,Budget Cut,Donnelley Legacy/Manual Process,False,133.0,FY2025-Q1
101930,5405,"Miller, Lucas and Williams",Fund/Asset Manager,Arc Suite,1017,False,Midwest,2025-09-13,2026-01-14,Closed Lost,0,74808.4,True,False,False,Timing - Not Ready,Workiva,False,123.0,FY2026-Q1
101931,5478,"Carter, Garcia and Murphy",Fund/Asset Manager,Arc Suite,1017,False,Texas/Central,2025-04-11,2025-08-06,Closed Lost,0,57455.95,True,False,False,Price,Workiva,False,117.0,FY2025-Q3
101932,5434,"Taylor, Wright and Davidson",Fund/Asset Manager,Arc Suite,1013,False,Northeast,2025-03-06,2025-05-15,Closed Won,100,63527.15,True,True,True,,,False,70.0,FY2025-Q2
101933,5366,"Ramos, Nelson and Fischer",Fund/Asset Manager,Arc Suite,1017,False,Midwest,2025-03-26,2025-06-25,Closed Won,100,69276.63,True,True,True,,,False,91.0,FY2025-Q2
101934,5338,"Le, Lewis and Hayes",Fund/Asset Manager,Arc Suite,1013,False,Northeast,2024-08-09,2024-10-28,Closed Lost,0,34912.08,True,False,True,Budget Cut,Workiva,False,80.0,FY2024-Q4
101935,5138,"Hurst, Freeman and Nelson",Fund/Asset Manager,Arc Suite,1016,False,Northeast,2024-07-12,2024-09-07,Closed Lost,0,63348.74,True,False,True,No Decision / Stalled,Ideagen/Q4,False,57.0,FY2024-Q3
101936,5214,Gonzales-Harrison,Fund/Asset Manager,Arc Suite,1013,False,Texas/Central,2025-03-06,2025-05-21,Closed Won,100,18846.88,True,True,False,,,False,76.0,FY2025-Q2
101937,5440,Brown-Shaw,Fund/Asset Manager,Arc Suite,1015,False,Texas/Central,2025-02-04,2025-04-07,Closed Lost,0,37461.12,True,False,True,Feature Gap,In-house Build,False,62.0,FY2025-Q2
101938,5090,May-Ross,Fund/Asset Manager,Arc Suite,1013,False,Northeast,2024-11-07,2025-02-02,Closed Lost,0,48363.34,True,False,False,Price,Donnelley Legacy/Manual Process,False,87.0,FY2025-Q1
101939,5281,Smith-Grimes,Fund/Asset Manager,Arc Suite,1015,False,West,2025-03-09,2025-05-18,Closed Lost,0,24443.26,True,False,False,No Decision / Stalled,Intralinks,False,70.0,FY2025-Q2
101940,5079,Dickson-Brady,Fund/Asset Manager,Arc Suite,1015,False,Northeast,2025-09-15,2025-11-02,Closed Won,100,67872.46,True,True,True,,,False,48.0,FY2025-Q4
101941,5338,"Le, Lewis and Hayes",Fund/Asset Manager,Arc Suite,1013,False,Northeast,2026-03-12,2026-07-20,Negotiation,80,64620.23,False,,False,,,False,,FY2026-Q3
101942,5091,"Rivera, Johnson and Wiley",Fund/Asset Manager,Arc Suite,1017,False,Texas/Central,2026-04-22,2026-08-14,Proposal,60,26064.93,False,,True,,,False,,FY2026-Q3
101943,5140,"Yates, Ramsey and Pittman",Fund/Asset Manager,Arc Suite,1013,False,West,2026-01-26,2026-05-25,Closed Lost,0,42832.92,True,False,True,Price,Datasite,False,119.0,FY2026-Q2
101944,5294,Taylor and Sons,Fund/Asset Manager,Arc Suite,1014,False,West,2025-06-14,2025-08-07,Closed Lost,0,70586.83,True,False,True,Budget Cut,In-house Build,False,54.0,FY2025-Q3
101945,5024,Chapman and Sons,Fund/Asset Manager,Arc Suite,1016,False,Northeast,2026-03-11,2026-06-05,Closed Won,100,31578.29,True,True,True,,,False,86.0,FY2026-Q2
101946,5478,"Carter, Garcia and Murphy",Fund/Asset Manager,Arc Suite,1016,False,Texas/Central,2025-11-13,2026-02-21,Closed Lost,0,44258.96,True,False,False,Feature Gap,Workiva,False,100.0,FY2026-Q1
101947,5331,Boone-Simmons,Fund/Asset Manager,Arc Suite,1016,False,Southeast,2025-04-03,2025-04-16,Closed Lost,0,53285.3,True,False,False,No Decision / Stalled,Datasite,False,13.0,FY2025-Q2
101948,5136,Castaneda-Ashley,Fund/Asset Manager,Arc Suite,1015,False,West,2025-04-11,2025-06-22,Closed Lost,0,78867.28,True,False,False,Lost to Competitor,Ideagen/Q4,False,72.0,FY2025-Q2
101949,5229,"Bryan, Smith and Booth",Fund/Asset Manager,Arc Suite,1017,False,Midwest,2024-11-19,2025-03-04,Closed Lost,0,73299.36,True,False,False,Feature Gap,Toppan Merrill,False,105.0,FY2025-Q1
101950,5263,Young Ltd,Fund/Asset Manager,Arc Suite,1016,False,West,2026-01-17,2026-03-08,Closed Lost,0,36217.92,True,False,False,Price,Toppan Merrill,False,50.0,FY2026-Q1
101951,5225,"Garcia, Martin and Jenkins",Fund/Asset Manager,Arc Suite,1013,False,West,2026-04-09,2026-04-30,Closed Lost,0,63506.63,True,False,True,Budget Cut,Datasite,False,21.0,FY2026-Q2
101952,5017,Spence PLC,Fund/Asset Manager,Arc Suite,1015,False,Mid-Atlantic,2025-04-03,2025-07-08,Closed Lost,0,48168.14,True,False,True,Lost to Competitor,Datasite,False,96.0,FY2025-Q3
101953,5124,Manning Group,Fund/Asset Manager,Arc Suite,1014,False,Texas/Central,2025-08-06,2025-11-13,Closed Lost,0,23718.43,True,False,False,Budget Cut,In-house Build,False,99.0,FY2025-Q4
101954,5229,"Bryan, Smith and Booth",Fund/Asset Manager,Arc Suite,1015,False,Midwest,2025-09-03,2025-11-11,Closed Lost,0,50358.9,True,False,False,Budget Cut,In-house Build,False,69.0,FY2025-Q4
101955,5415,Collins Group,Fund/Asset Manager,Arc Suite,1012,False,Southeast,2025-07-31,2025-11-21,Closed Lost,0,71792.33,True,False,True,Price,Workiva,False,113.0,FY2025-Q4
101956,5357,Kane PLC,Fund/Asset Manager,Arc Suite,1017,False,Mid-Atlantic,2024-11-07,2025-01-17,Closed Lost,0,62845.9,True,False,False,Lost to Competitor,Workiva,False,71.0,FY2025-Q1
101957,5213,Larson-Holloway,Fund/Asset Manager,Arc Suite,1017,False,West,2024-07-10,2024-10-17,Closed Won,100,54134.45,True,True,True,,,False,99.0,FY2024-Q4
101958,5193,Harrison-Alexander,Fund/Asset Manager,Arc Suite,1016,False,Midwest,2025-02-10,2025-06-10,Closed Lost,0,55222.37,True,False,True,Timing - Not Ready,Datasite,False,120.0,FY2025-Q2
101959,5167,"Nelson, Morton and Medina",Fund/Asset Manager,Arc Suite,1015,False,Northeast,2025-02-10,2025-04-08,Closed Won,100,53835.45,True,True,False,,,False,57.0,FY2025-Q2
101960,5431,"Valentine, Joyce and Murray",Fund/Asset Manager,Arc Suite,1014,False,Mid-Atlantic,2026-03-20,2026-07-02,Negotiation,80,50191.28,False,,True,,,False,,FY2026-Q3
101961,5281,Smith-Grimes,Fund/Asset Manager,Arc Suite,1013,False,West,2025-08-20,2025-11-01,Closed Lost,0,82408.32,True,False,True,Lost to Competitor,Datasite,False,73.0,FY2025-Q4
101962,5356,"Farmer, Dorsey and Bell",Fund/Asset Manager,Arc Suite,1016,False,Southeast,2026-05-18,2026-10-04,Qualification,25,93168.78,False,,True,,,False,,FY2026-Q4
101963,5140,"Yates, Ramsey and Pittman",Fund/Asset Manager,Arc Suite,1016,False,West,2025-09-26,2026-01-19,Closed Lost,0,75554.69,True,False,True,Price,In-house Build,False,115.0,FY2026-Q1
101964,5214,Gonzales-Harrison,Fund/Asset Manager,Arc Suite,1016,False,Texas/Central,2025-12-18,2026-04-14,Closed Lost,0,43007.93,True,False,True,Budget Cut,In-house Build,False,117.0,FY2026-Q2
101965,5165,Reid-Poole,Fund/Asset Manager,Arc Suite,1017,False,Texas/Central,2026-06-20,2026-08-16,Prospecting,10,67677.24,False,,True,,,False,,FY2026-Q3
101966,5229,"Bryan, Smith and Booth",Fund/Asset Manager,Arc Suite,1014,False,Midwest,2025-04-06,2025-06-18,Closed Lost,0,57433.79,True,False,False,Budget Cut,In-house Build,False,73.0,FY2025-Q2
101967,5321,"Smith, Garrison and Thomas",Fund/Asset Manager,Arc Suite,1012,False,Mid-Atlantic,2025-03-06,2025-05-20,Closed Lost,0,36633.07,True,False,True,Price,Donnelley Legacy/Manual Process,False,75.0,FY2025-Q2
101968,5237,Gay Inc,Fund/Asset Manager,Arc Suite,1015,False,Mid-Atlantic,2025-07-25,2025-11-03,Closed Lost,0,75456.8,True,False,True,Price,Donnelley Legacy/Manual Process,False,101.0,FY2025-Q4
101969,5140,"Yates, Ramsey and Pittman",Fund/Asset Manager,Arc Suite,1014,False,West,2025-04-01,2025-07-29,Closed Lost,0,35753.77,True,False,False,Lost to Competitor,Intralinks,False,119.0,FY2025-Q3
101970,5186,"Washington, Hardy and Bray",Fund/Asset Manager,Arc Suite,1013,False,Texas/Central,2026-03-05,2026-06-14,Closed Lost,0,60085.36,True,False,False,Budget Cut,Datasite,False,101.0,FY2026-Q2
101971,5456,"Butler, Beck and Miller",Fund/Asset Manager,Arc Suite,1012,False,Midwest,2024-12-09,2025-02-05,Closed Won,100,78379.93,True,True,False,,,False,58.0,FY2025-Q1
101972,5478,"Carter, Garcia and Murphy",Fund/Asset Manager,Arc Suite,1015,False,Texas/Central,2025-10-06,2026-01-09,Closed Won,100,74440.92,True,True,True,,,False,95.0,FY2026-Q1
101973,5146,Ramirez-Bean,Fund/Asset Manager,Arc Suite,1013,False,Southeast,2025-08-23,2025-10-30,Closed Lost,0,60202.1,True,False,False,Timing - Not Ready,Workiva,False,68.0,FY2025-Q4
101974,5079,Dickson-Brady,Fund/Asset Manager,Arc Suite,1015,False,Northeast,2024-12-27,2025-05-08,Closed Lost,0,80419.76,True,False,False,Lost to Competitor,Workiva,False,132.0,FY2025-Q2
101975,5136,Castaneda-Ashley,Fund/Asset Manager,Arc Suite,1013,False,West,2024-09-16,2024-12-12,Closed Lost,0,38874.89,True,False,True,Budget Cut,In-house Build,False,87.0,FY2024-Q4
101976,5403,"Lopez, Jacobs and Mason",Fund/Asset Manager,Arc Suite,1013,False,Mid-Atlantic,2024-12-30,2025-04-13,Closed Lost,0,40358.26,True,False,False,No Decision / Stalled,Ideagen/Q4,False,104.0,FY2025-Q2
101977,5214,Gonzales-Harrison,Fund/Asset Manager,Arc Suite,1012,False,Texas/Central,2025-11-24,2026-02-05,Closed Lost,0,67565.04,True,False,True,Lost to Competitor,Workiva,False,73.0,FY2026-Q1
101978,5056,"Evans, Stewart and Walton",Fund/Asset Manager,Arc Suite,1016,False,West,2024-11-12,2025-02-27,Closed Lost,0,59083.56,True,False,False,Timing - Not Ready,Ideagen/Q4,False,107.0,FY2025-Q1
101979,5263,Young Ltd,Fund/Asset Manager,Arc Suite,1013,False,West,2025-10-08,2025-11-30,Closed Won,100,64108.02,True,True,True,,,False,53.0,FY2025-Q4
101980,5462,"Fuller, Ingram and Moss",Fund/Asset Manager,Arc Suite,1016,False,Midwest,2025-07-21,2025-12-06,Closed Lost,0,95735.41,True,False,False,Feature Gap,Ideagen/Q4,False,138.0,FY2025-Q4
101981,5430,Mckee-Lee,Fund/Asset Manager,Arc Suite,1017,False,Mid-Atlantic,2026-03-12,2026-07-23,Negotiation,80,34854.33,False,,False,,,False,,FY2026-Q3
101982,5002,Burton Ltd,Fund/Asset Manager,Arc Suite,1013,False,Texas/Central,2025-08-21,2025-10-27,Closed Lost,0,50657.34,True,False,False,Lost to Competitor,Workiva,False,67.0,FY2025-Q4
101983,5016,"Arroyo, Miller and Tucker",Fund/Asset Manager,Arc Suite,1015,False,Northeast,2025-05-01,2025-07-16,Closed Lost,0,69169.58,True,False,False,No Decision / Stalled,Workiva,False,76.0,FY2025-Q3
101984,5431,"Valentine, Joyce and Murray",Fund/Asset Manager,Arc Suite,1013,False,Mid-Atlantic,2024-07-16,2024-11-23,Closed Lost,0,63491.8,True,False,False,Timing - Not Ready,Ideagen/Q4,False,130.0,FY2024-Q4
101985,5356,"Farmer, Dorsey and Bell",Fund/Asset Manager,Arc Suite,1013,False,Southeast,2024-11-22,2025-03-23,Closed Lost,0,78353.91,True,False,False,No Decision / Stalled,Donnelley Legacy/Manual Process,False,121.0,FY2025-Q1
101986,5237,Gay Inc,Fund/Asset Manager,Arc Suite,1017,False,Mid-Atlantic,2025-03-08,2025-08-21,Closed Lost,0,30832.44,True,False,True,No Decision / Stalled,Datasite,False,166.0,FY2025-Q3
101987,5383,Graham Group,Fund/Asset Manager,Arc Suite,1016,False,Southeast,2025-09-16,2025-12-27,Closed Lost,0,53211.15,True,False,True,Price,Ideagen/Q4,False,102.0,FY2025-Q4
101988,5219,"Matthews, Smith and Hubbard",Fund/Asset Manager,Arc Suite,1013,False,West,2025-06-04,2025-08-11,Closed Won,100,56728.2,True,True,True,,,False,68.0,FY2025-Q3
101989,5434,"Taylor, Wright and Davidson",Fund/Asset Manager,Arc Suite,1013,False,Northeast,2026-01-26,2026-04-13,Closed Lost,0,47260.87,True,False,False,No Decision / Stalled,Workiva,False,77.0,FY2026-Q2
101990,5437,Cole-Palmer,Fund/Asset Manager,Arc Suite,1016,False,Texas/Central,2026-03-19,2026-05-17,Closed Lost,0,51885.22,True,False,False,No Decision / Stalled,Workiva,False,59.0,FY2026-Q2
101991,5237,Gay Inc,Fund/Asset Manager,Arc Suite,1017,False,Mid-Atlantic,2025-07-21,2025-09-05,Closed Lost,0,72593.24,True,False,False,No Decision / Stalled,Intralinks,False,46.0,FY2025-Q3
101992,5415,Collins Group,Fund/Asset Manager,Arc Suite,1015,False,Southeast,2025-01-17,2025-05-21,Closed Won,100,8000.0,True,True,True,,,False,124.0,FY2025-Q2
101993,5403,"Lopez, Jacobs and Mason",Fund/Asset Manager,Arc Suite,1016,False,Mid-Atlantic,2024-11-13,2025-02-12,Closed Won,100,37313.69,True,True,False,,,False,91.0,FY2025-Q1
101994,5415,Collins Group,Fund/Asset Manager,Arc Suite,1013,False,Southeast,2026-02-01,2026-04-23,Closed Won,100,65116.59,True,True,True,,,False,81.0,FY2026-Q2
101995,5374,"Hall, Hansen and Barnett",Fund/Asset Manager,Arc Suite,1012,False,Midwest,2024-08-07,2024-11-17,Closed Won,100,77067.98,True,True,False,,,False,102.0,FY2024-Q4
101996,5338,"Le, Lewis and Hayes",Fund/Asset Manager,Arc Suite,1017,False,Northeast,2025-11-17,2026-01-18,Closed Lost,0,89430.93,True,False,False,No Decision / Stalled,In-house Build,False,62.0,FY2026-Q1
101997,5470,"Kennedy, Johnson and Lucas",Fund/Asset Manager,Arc Suite,1016,False,Texas/Central,2025-03-21,2025-05-24,Closed Lost,0,63996.62,True,False,False,Feature Gap,Datasite,False,64.0,FY2025-Q2
101998,5404,Hayes LLC,Fund/Asset Manager,Arc Suite,1017,False,Midwest,2025-12-21,2026-04-09,Closed Lost,0,76975.4,True,False,True,Feature Gap,Datasite,False,109.0,FY2026-Q2
101999,5321,"Smith, Garrison and Thomas",Fund/Asset Manager,Arc Suite,1016,False,Mid-Atlantic,2025-04-04,2025-06-12,Closed Lost,0,60578.38,True,False,False,Feature Gap,Donnelley Legacy/Manual Process,False,69.0,FY2025-Q2
102000,5053,Sandoval-Cunningham,Fund/Asset Manager,Arc Suite,1013,False,Texas/Central,2025-03-20,2025-06-30,Closed Lost,0,65181.84,True,False,False,Lost to Competitor,Intralinks,False,102.0,FY2025-Q2
102001,5281,Smith-Grimes,Fund/Asset Manager,Arc Suite,1017,False,West,2025-11-29,2026-03-02,Closed Lost,0,47992.54,True,False,True,Timing - Not Ready,Datasite,False,93.0,FY2026-Q1
102002,5425,White Ltd,Fund/Asset Manager,Arc Suite,1012,False,Mid-Atlantic,2026-05-09,2026-09-25,Qualification,25,89850.76,False,,True,,,False,,FY2026-Q3
102003,5196,Jones-Soto,Fund/Asset Manager,Arc Suite,1015,False,Mid-Atlantic,2024-10-29,2025-01-13,Closed Lost,0,40553.29,True,False,False,Budget Cut,In-house Build,False,76.0,FY2025-Q1
102004,5404,Hayes LLC,Fund/Asset Manager,Arc Suite,1016,False,Midwest,2025-02-25,2025-03-16,Closed Lost,0,54914.38,True,False,True,No Decision / Stalled,Intralinks,False,19.0,FY2025-Q1
102005,5273,Estrada-Nolan,Fund/Asset Manager,Arc Suite,1012,False,Northeast,2024-10-11,2024-12-22,Closed Won,100,69629.25,True,True,False,,,False,72.0,FY2024-Q4
102006,5053,Sandoval-Cunningham,Fund/Asset Manager,Arc Suite,1013,False,Texas/Central,2024-08-21,2024-11-18,Closed Lost,0,121948.86,True,False,False,No Decision / Stalled,Toppan Merrill,False,89.0,FY2024-Q4
102007,5099,Diaz Inc,Fund/Asset Manager,Arc Suite,1013,False,West,2026-02-05,2026-04-21,Closed Lost,0,70746.73,True,False,False,No Decision / Stalled,Workiva,False,75.0,FY2026-Q2
102008,5140,"Yates, Ramsey and Pittman",Fund/Asset Manager,Arc Suite,1013,False,West,2026-03-21,2026-07-14,Negotiation,80,61088.79,False,,False,,,True,,FY2026-Q3
102009,5331,Boone-Simmons,Fund/Asset Manager,Arc Suite,1016,False,Southeast,2025-11-14,2026-01-13,Closed Lost,0,59152.99,True,False,True,Timing - Not Ready,Workiva,False,60.0,FY2026-Q1
102010,5353,Bruce-Villegas,Fund/Asset Manager,Arc Suite,1017,False,West,2025-03-23,2025-06-28,Closed Lost,0,60050.57,True,False,False,Budget Cut,In-house Build,False,97.0,FY2025-Q2
102011,5137,Medina-Navarro,Fund/Asset Manager,Arc Suite,1015,False,West,2025-12-03,2026-03-13,Closed Lost,0,57762.03,True,False,False,Lost to Competitor,Ideagen/Q4,False,100.0,FY2026-Q1
102012,5423,Stanley PLC,Fund/Asset Manager,Arc Suite,1013,False,Southeast,2025-01-31,2025-05-31,Closed Won,100,91653.46,True,True,False,,,False,120.0,FY2025-Q2
102013,5279,Armstrong-Andrews,Fund/Asset Manager,Arc Suite,1013,False,Mid-Atlantic,2024-10-28,2024-12-30,Closed Won,100,49051.25,True,True,True,,,False,63.0,FY2024-Q4
102014,5475,"Jimenez, Glass and Stone",Fund/Asset Manager,Arc Suite,1015,False,Texas/Central,2026-02-13,2026-06-08,Closed Lost,0,95956.77,True,False,False,Price,Toppan Merrill,False,115.0,FY2026-Q2
102015,5056,"Evans, Stewart and Walton",Fund/Asset Manager,Arc Suite,1013,False,West,2026-05-02,2026-09-20,Needs Analysis,40,80613.03,False,,True,,,False,,FY2026-Q3
102016,5193,Harrison-Alexander,Fund/Asset Manager,Arc Suite,1015,False,Midwest,2025-03-15,2025-06-14,Closed Lost,0,54000.97,True,False,False,Budget Cut,Ideagen/Q4,False,91.0,FY2025-Q2
102017,5468,Blackwell LLC,Fund/Asset Manager,Arc Suite,1017,False,Southeast,2025-10-03,2025-11-18,Closed Lost,0,80205.88,True,False,False,No Decision / Stalled,Ideagen/Q4,False,46.0,FY2025-Q4
102018,5280,"Phillips, Spence and Barrett",Fund/Asset Manager,Arc Suite,1014,False,Midwest,2025-01-04,2025-03-08,Closed Lost,0,71773.33,True,False,True,Budget Cut,Datasite,False,63.0,FY2025-Q1
102019,5279,Armstrong-Andrews,Fund/Asset Manager,Arc Suite,1016,False,Mid-Atlantic,2024-11-20,2025-02-28,Closed Lost,0,95659.38,True,False,False,No Decision / Stalled,Intralinks,False,100.0,FY2025-Q1
102020,5175,"Beard, Peters and Black",Fund/Asset Manager,Arc Suite,1016,False,West,2025-07-16,2025-11-19,Closed Won,100,87772.93,True,True,True,,,False,126.0,FY2025-Q4
102021,5193,Harrison-Alexander,Fund/Asset Manager,Arc Suite,1015,False,Midwest,2025-11-29,2026-03-30,Closed Lost,0,66521.72,True,False,True,Timing - Not Ready,In-house Build,False,121.0,FY2026-Q1
102022,5229,"Bryan, Smith and Booth",Fund/Asset Manager,Arc Suite,1016,False,Midwest,2026-02-25,2026-05-08,Closed Lost,0,53821.58,True,False,True,Budget Cut,Workiva,False,72.0,FY2026-Q2
102023,5437,Cole-Palmer,Fund/Asset Manager,Arc Suite,1014,False,Texas/Central,2026-03-15,2026-05-28,Closed Lost,0,48125.77,True,False,True,Lost to Competitor,Donnelley Legacy/Manual Process,False,74.0,FY2026-Q2
102024,5237,Gay Inc,Fund/Asset Manager,Arc Suite,1013,False,Mid-Atlantic,2026-04-28,2026-09-06,Needs Analysis,40,101761.44,False,,True,,,False,,FY2026-Q3
102025,5331,Boone-Simmons,Fund/Asset Manager,Arc Suite,1013,False,Southeast,2025-03-28,2025-07-16,Closed Won,100,65322.71,True,True,True,,,False,110.0,FY2025-Q3
102026,5468,Blackwell LLC,Fund/Asset Manager,Arc Suite,1016,False,Southeast,2025-04-06,2025-08-09,Closed Lost,0,61843.11,True,False,False,Price,In-house Build,False,125.0,FY2025-Q3
102027,5357,Kane PLC,Fund/Asset Manager,Arc Suite,1015,False,Mid-Atlantic,2026-03-06,2026-07-26,Negotiation,80,47296.77,False,,False,,,False,,FY2026-Q3
102028,5431,"Valentine, Joyce and Murray",Fund/Asset Manager,Arc Suite,1013,False,Mid-Atlantic,2026-01-16,2026-05-02,Closed Lost,0,65396.87,True,False,True,Budget Cut,In-house Build,False,106.0,FY2026-Q2
102029,5158,Sanders-Espinoza,Fund/Asset Manager,Arc Suite,1012,False,Mid-Atlantic,2026-05-02,2026-07-31,Proposal,60,47091.05,False,,False,,,False,,FY2026-Q3
102030,5204,"Clark, Guerrero and Moore",Fund/Asset Manager,Arc Suite,1017,False,Mid-Atlantic,2024-07-21,2024-11-14,Closed Won,100,82731.42,True,True,False,,,False,116.0,FY2024-Q4
102031,5384,"Miller, Harrell and Reese",Fund/Asset Manager,Arc Suite,1017,False,Southeast,2025-08-29,2025-12-26,Closed Won,100,32988.6,True,True,False,,,False,119.0,FY2025-Q4
102032,5475,"Jimenez, Glass and Stone",Fund/Asset Manager,Arc Suite,1016,False,Texas/Central,2025-04-21,2025-06-05,Closed Lost,0,44044.45,True,False,False,Feature Gap,Workiva,False,45.0,FY2025-Q2
102033,5225,"Garcia, Martin and Jenkins",Fund/Asset Manager,Arc Suite,1012,False,West,2024-11-01,2025-02-11,Closed Lost,0,70366.52,True,False,False,Price,Ideagen/Q4,False,102.0,FY2025-Q1
102034,5445,Lowery-Kennedy,Fund/Asset Manager,Arc Suite,1016,False,Midwest,2025-06-10,2025-07-18,Closed Lost,0,50078.33,True,False,False,Price,Donnelley Legacy/Manual Process,False,38.0,FY2025-Q3
102035,5269,Schmidt PLC,Fund/Asset Manager,Arc Suite,1012,False,Northeast,2026-03-27,2026-04-11,Closed Lost,0,40970.46,True,False,True,Lost to Competitor,Intralinks,False,15.0,FY2026-Q2
102036,5124,Manning Group,Fund/Asset Manager,Arc Suite,1017,False,Texas/Central,2025-11-02,2026-01-22,Closed Lost,0,55550.08,True,False,False,No Decision / Stalled,Ideagen/Q4,False,81.0,FY2026-Q1
102037,5404,Hayes LLC,Fund/Asset Manager,Arc Suite,1015,False,Midwest,2025-09-15,2025-10-24,Closed Won,100,80734.93,True,True,False,,,False,39.0,FY2025-Q4
102038,5356,"Farmer, Dorsey and Bell",Fund/Asset Manager,Arc Suite,1017,False,Southeast,2025-11-07,2025-12-11,Closed Lost,0,54132.79,True,False,False,Feature Gap,Intralinks,False,34.0,FY2025-Q4
102039,5476,Acosta Inc,Fund/Asset Manager,Arc Suite,1015,False,Texas/Central,2025-11-18,2026-01-20,Closed Lost,0,32563.85,True,False,False,Feature Gap,Datasite,False,63.0,FY2026-Q1
102040,5090,May-Ross,Fund/Asset Manager,Arc Suite,1016,False,Northeast,2025-10-17,2026-03-22,Closed Lost,0,40145.3,True,False,False,Price,In-house Build,False,156.0,FY2026-Q1
102041,5014,Rodriguez LLC,Fund/Asset Manager,Arc Suite,1017,False,West,2025-06-13,2025-09-02,Closed Lost,0,55114.44,True,False,False,No Decision / Stalled,In-house Build,False,81.0,FY2025-Q3
102042,5206,Ortiz Ltd,Fund/Asset Manager,Arc Suite,1015,False,Texas/Central,2024-11-17,2025-01-10,Closed Lost,0,49912.84,True,False,False,No Decision / Stalled,Datasite,False,54.0,FY2025-Q1
102043,5186,"Washington, Hardy and Bray",Fund/Asset Manager,Arc Suite,1014,False,Texas/Central,2025-11-22,2026-03-17,Closed Lost,0,32540.28,True,False,True,Price,Datasite,False,115.0,FY2026-Q1
102044,5404,Hayes LLC,Fund/Asset Manager,Arc Suite,1016,False,Midwest,2025-06-06,2025-09-13,Closed Won,100,73866.72,True,True,True,,,False,99.0,FY2025-Q3
102045,5124,Manning Group,Fund/Asset Manager,Arc Suite,1016,False,Texas/Central,2025-04-09,2025-08-03,Closed Lost,0,55894.75,True,False,False,Price,Ideagen/Q4,False,116.0,FY2025-Q3
102046,5229,"Bryan, Smith and Booth",Fund/Asset Manager,Arc Suite,1012,False,Midwest,2024-08-10,2025-01-10,Closed Lost,0,107748.78,True,False,True,No Decision / Stalled,Toppan Merrill,False,153.0,FY2025-Q1
102047,5306,Price LLC,Fund/Asset Manager,Arc Suite,1015,False,Southeast,2026-02-22,2026-04-18,Closed Won,100,56871.22,True,True,False,,,False,55.0,FY2026-Q2
102048,5161,"Burke, Martinez and Riggs",Fund/Asset Manager,Arc Suite,1016,False,Mid-Atlantic,2024-10-17,2025-01-02,Closed Lost,0,46193.24,True,False,True,Lost to Competitor,Workiva,False,77.0,FY2025-Q1
102049,5137,Medina-Navarro,Fund/Asset Manager,Arc Suite,1017,False,West,2026-04-25,2026-06-15,Closed Lost,0,106424.75,True,False,False,Feature Gap,Ideagen/Q4,False,51.0,FY2026-Q2
102050,5358,"Morales, Thomas and Schultz",Fund/Asset Manager,Arc Suite,1017,False,West,2026-06-25,2026-11-23,Prospecting,10,33725.5,False,,True,,,False,,FY2026-Q4
102051,5140,"Yates, Ramsey and Pittman",Fund/Asset Manager,Arc Suite,1013,False,West,2026-02-10,2026-04-27,Closed Lost,0,61238.17,True,False,True,Lost to Competitor,Workiva,False,76.0,FY2026-Q2
102052,5219,"Matthews, Smith and Hubbard",Fund/Asset Manager,Arc Suite,1016,False,West,2025-12-22,2026-05-21,Closed Lost,0,49075.63,True,False,True,Timing - Not Ready,Datasite,False,150.0,FY2026-Q2
102053,5405,"Miller, Lucas and Williams",Fund/Asset Manager,Arc Suite,1014,False,Midwest,2024-11-04,2024-12-28,Closed Lost,0,62101.01,True,False,False,Budget Cut,Workiva,False,54.0,FY2024-Q4
102054,5294,Taylor and Sons,Fund/Asset Manager,Arc Suite,1017,False,West,2026-06-07,2026-11-02,Prospecting,10,77564.93,False,,True,,,False,,FY2026-Q4
102055,5321,"Smith, Garrison and Thomas",Fund/Asset Manager,Arc Suite,1012,False,Mid-Atlantic,2024-08-10,2024-11-01,Closed Lost,0,56353.41,True,False,False,Feature Gap,Donnelley Legacy/Manual Process,False,83.0,FY2024-Q4
102056,5430,Mckee-Lee,Fund/Asset Manager,Arc Suite,1016,False,Mid-Atlantic,2025-04-09,2025-08-18,Closed Won,100,55576.27,True,True,False,,,False,131.0,FY2025-Q3
102057,5281,Smith-Grimes,Fund/Asset Manager,Arc Suite,1013,False,West,2026-06-12,2026-09-05,Qualification,25,43589.4,False,,False,,,False,,FY2026-Q3
102058,5028,"Washington, Ryan and Cummings",Fund/Asset Manager,Arc Suite,1014,False,Texas/Central,2024-11-03,2025-02-21,Closed Lost,0,57810.23,True,False,False,Budget Cut,Toppan Merrill,False,110.0,FY2025-Q1
102059,5280,"Phillips, Spence and Barrett",Fund/Asset Manager,Arc Suite,1015,False,Midwest,2026-04-11,2026-07-05,Negotiation,80,57587.39,False,,False,,,True,,FY2026-Q3
102060,5366,"Ramos, Nelson and Fischer",Fund/Asset Manager,Arc Suite,1014,False,Midwest,2026-05-09,2026-09-04,Needs Analysis,40,59284.19,False,,True,,,False,,FY2026-Q3
102061,5138,"Hurst, Freeman and Nelson",Fund/Asset Manager,Arc Suite,1012,False,Northeast,2025-10-17,2026-01-14,Closed Lost,0,66120.71,True,False,False,Timing - Not Ready,Datasite,False,89.0,FY2026-Q1
102062,5319,Willis and Sons,Fund/Asset Manager,Arc Suite,1014,False,Mid-Atlantic,2025-04-20,2025-06-03,Closed Won,100,36721.44,True,True,True,,,False,44.0,FY2025-Q2
102063,5229,"Bryan, Smith and Booth",Fund/Asset Manager,Arc Suite,1014,False,Midwest,2025-12-24,2026-04-16,Closed Lost,0,50639.78,True,False,False,Budget Cut,Intralinks,False,113.0,FY2026-Q2
102064,5338,"Le, Lewis and Hayes",Fund/Asset Manager,Arc Suite,1015,False,Northeast,2025-08-03,2025-09-27,Closed Lost,0,75224.83,True,False,False,Price,Ideagen/Q4,False,55.0,FY2025-Q3
102065,5136,Castaneda-Ashley,Fund/Asset Manager,Arc Suite,1016,False,West,2025-07-28,2025-10-12,Closed Lost,0,21689.66,True,False,False,Lost to Competitor,Workiva,False,76.0,FY2025-Q4
102066,5423,Stanley PLC,Fund/Asset Manager,Arc Suite,1017,False,Southeast,2025-12-16,2026-03-10,Closed Lost,0,41766.7,True,False,True,No Decision / Stalled,Toppan Merrill,False,84.0,FY2026-Q1
102067,5214,Gonzales-Harrison,Fund/Asset Manager,Arc Suite,1013,False,Texas/Central,2024-10-17,2024-12-03,Closed Lost,0,66693.03,True,False,False,Feature Gap,In-house Build,False,47.0,FY2024-Q4
102068,5415,Collins Group,Fund/Asset Manager,Arc Suite,1016,False,Southeast,2026-04-03,2026-06-30,Closed Lost,0,44405.61,True,False,False,No Decision / Stalled,Ideagen/Q4,False,88.0,FY2026-Q2
102069,5124,Manning Group,Fund/Asset Manager,Arc Suite,1012,False,Texas/Central,2025-06-14,2025-10-15,Closed Lost,0,68605.23,True,False,True,Feature Gap,Ideagen/Q4,False,123.0,FY2025-Q4
102070,5476,Acosta Inc,Fund/Asset Manager,Arc Suite,1017,False,Texas/Central,2025-04-04,2025-05-11,Closed Lost,0,103839.59,True,False,True,Timing - Not Ready,In-house Build,False,37.0,FY2025-Q2
102071,5440,Brown-Shaw,Fund/Asset Manager,Arc Suite,1015,False,Texas/Central,2025-05-28,2025-07-24,Closed Lost,0,55266.14,True,False,True,Timing - Not Ready,Datasite,False,57.0,FY2025-Q3
102072,5440,Brown-Shaw,Fund/Asset Manager,Arc Suite,1016,False,Texas/Central,2026-01-26,2026-03-29,Closed Lost,0,38416.37,True,False,True,Lost to Competitor,Donnelley Legacy/Manual Process,False,62.0,FY2026-Q1
102073,5353,Bruce-Villegas,Fund/Asset Manager,Arc Suite,1016,False,West,2024-09-12,2025-01-03,Closed Lost,0,75299.85,True,False,True,Lost to Competitor,Intralinks,False,113.0,FY2025-Q1
102074,5175,"Beard, Peters and Black",Fund/Asset Manager,Arc Suite,1016,False,West,2024-10-07,2025-01-06,Closed Lost,0,54680.89,True,False,False,No Decision / Stalled,Toppan Merrill,False,91.0,FY2025-Q1
102075,5273,Estrada-Nolan,Fund/Asset Manager,Arc Suite,1016,False,Northeast,2025-01-30,2025-04-04,Closed Won,100,52001.68,True,True,False,,,False,64.0,FY2025-Q2
102076,5219,"Matthews, Smith and Hubbard",Fund/Asset Manager,Arc Suite,1017,False,West,2025-03-03,2025-05-04,Closed Won,100,67186.84,True,True,False,,,False,62.0,FY2025-Q2
102077,5415,Collins Group,Fund/Asset Manager,Arc Suite,1013,False,Southeast,2025-11-13,2026-02-02,Closed Lost,0,60809.1,True,False,False,No Decision / Stalled,Workiva,False,81.0,FY2026-Q1
102078,5229,"Bryan, Smith and Booth",Fund/Asset Manager,Arc Suite,1014,False,Midwest,2025-02-19,2025-06-18,Closed Won,100,65709.73,True,True,False,,,False,119.0,FY2025-Q2
102079,5165,Reid-Poole,Fund/Asset Manager,Arc Suite,1017,False,Texas/Central,2024-12-15,2025-02-17,Closed Lost,0,65054.81,True,False,True,Feature Gap,Datasite,False,64.0,FY2025-Q1
102080,5158,Sanders-Espinoza,Fund/Asset Manager,Arc Suite,1013,False,Mid-Atlantic,2024-12-07,2025-04-25,Closed Won,100,70211.45,True,True,True,,,False,139.0,FY2025-Q2
102081,5374,"Hall, Hansen and Barnett",Fund/Asset Manager,Arc Suite,1017,False,Midwest,2025-04-28,2025-09-12,Closed Lost,0,41222.2,True,False,True,Timing - Not Ready,Intralinks,False,137.0,FY2025-Q3
102082,5374,"Hall, Hansen and Barnett",Fund/Asset Manager,Arc Suite,1013,False,Midwest,2025-09-15,2025-12-30,Closed Lost,0,56107.48,True,False,True,Price,Intralinks,False,106.0,FY2025-Q4
102083,5476,Acosta Inc,Fund/Asset Manager,Arc Suite,1013,False,Texas/Central,2025-09-03,2026-01-10,Closed Won,100,58909.0,True,True,True,,,False,129.0,FY2026-Q1
102084,5219,"Matthews, Smith and Hubbard",Fund/Asset Manager,Arc Suite,1013,False,West,2025-02-19,2025-04-16,Closed Won,100,18062.96,True,True,False,,,False,56.0,FY2025-Q2
102085,5026,Jones Inc,Fund/Asset Manager,Arc Suite,1016,False,Mid-Atlantic,2026-02-25,2026-06-03,Closed Lost,0,50652.4,True,False,False,Budget Cut,Intralinks,False,98.0,FY2026-Q2
102086,5167,"Nelson, Morton and Medina",Fund/Asset Manager,Arc Suite,1015,False,Northeast,2025-09-08,2025-12-04,Closed Won,100,42222.38,True,True,False,,,False,87.0,FY2025-Q4
102087,5016,"Arroyo, Miller and Tucker",Fund/Asset Manager,Arc Suite,1016,False,Northeast,2024-07-20,2024-10-12,Closed Lost,0,27312.99,True,False,True,Price,Ideagen/Q4,False,84.0,FY2024-Q4
102088,5403,"Lopez, Jacobs and Mason",Fund/Asset Manager,Arc Suite,1017,False,Mid-Atlantic,2026-06-11,2026-09-10,Qualification,25,45049.89,False,,True,,,False,,FY2026-Q3
102089,5383,Graham Group,Fund/Asset Manager,Arc Suite,1017,False,Southeast,2025-11-02,2026-02-21,Closed Lost,0,58158.23,True,False,True,Feature Gap,Ideagen/Q4,False,111.0,FY2026-Q1
102090,5403,"Lopez, Jacobs and Mason",Fund/Asset Manager,Arc Suite,1013,False,Mid-Atlantic,2025-02-22,2025-07-02,Closed Lost,0,65685.64,True,False,False,Timing - Not Ready,Ideagen/Q4,False,130.0,FY2025-Q3
102091,5374,"Hall, Hansen and Barnett",Fund/Asset Manager,Arc Suite,1014,False,Midwest,2024-09-13,2024-12-23,Closed Lost,0,26884.73,True,False,True,Price,Datasite,False,101.0,FY2024-Q4
102092,5206,Ortiz Ltd,Fund/Asset Manager,Arc Suite,1012,False,Texas/Central,2024-11-16,2025-02-05,Closed Lost,0,65671.09,True,False,False,Lost to Competitor,Intralinks,False,81.0,FY2025-Q1
102093,5478,"Carter, Garcia and Murphy",Fund/Asset Manager,Arc Suite,1015,False,Texas/Central,2025-12-12,2026-03-13,Closed Lost,0,54809.71,True,False,False,Timing - Not Ready,Workiva,False,91.0,FY2026-Q1
102094,5225,"Garcia, Martin and Jenkins",Fund/Asset Manager,Arc Suite,1014,False,West,2025-10-14,2026-01-25,Closed Won,100,65692.33,True,True,False,,,False,103.0,FY2026-Q1
102095,5214,Gonzales-Harrison,Fund/Asset Manager,Arc Suite,1017,False,Texas/Central,2024-07-31,2024-10-02,Closed Lost,0,53697.93,True,False,False,Timing - Not Ready,Workiva,False,63.0,FY2024-Q4
102096,5364,Webster Inc,Fund/Asset Manager,Arc Suite,1012,False,West,2025-11-04,2025-12-17,Closed Lost,0,82972.03,True,False,True,Timing - Not Ready,Toppan Merrill,False,43.0,FY2025-Q4
102097,5158,Sanders-Espinoza,Fund/Asset Manager,Arc Suite,1016,False,Mid-Atlantic,2026-04-06,2026-06-30,Closed Won,100,70366.98,True,True,True,,,False,85.0,FY2026-Q2
102098,5227,"Johnson, Miller and King",Fund/Asset Manager,Arc Suite,1017,False,Southeast,2026-05-19,2026-06-24,Closed Won,100,39106.1,True,True,True,,,False,36.0,FY2026-Q2
102099,5468,Blackwell LLC,Fund/Asset Manager,Arc Suite,1016,False,Southeast,2024-11-28,2025-03-10,Closed Lost,0,43570.16,True,False,False,No Decision / Stalled,Donnelley Legacy/Manual Process,False,102.0,FY2025-Q1
102100,5405,"Miller, Lucas and Williams",Fund/Asset Manager,Arc Suite,1014,False,Midwest,2024-09-16,2024-12-29,Closed Lost,0,53963.72,True,False,False,Price,Datasite,False,104.0,FY2024-Q4
102101,5383,Graham Group,Fund/Asset Manager,Arc Suite,1017,False,Southeast,2024-07-26,2024-09-24,Closed Won,100,62609.34,True,True,True,,,False,60.0,FY2024-Q3
102102,5430,Mckee-Lee,Fund/Asset Manager,Arc Suite,1014,False,Mid-Atlantic,2026-04-12,2026-05-25,Closed Lost,0,48097.59,True,False,False,No Decision / Stalled,In-house Build,False,43.0,FY2026-Q2
102103,5014,Rodriguez LLC,Fund/Asset Manager,Arc Suite,1014,False,West,2026-01-27,2026-03-28,Closed Lost,0,91829.64,True,False,True,No Decision / Stalled,Datasite,False,60.0,FY2026-Q1
102104,5014,Rodriguez LLC,Fund/Asset Manager,Arc Suite,1015,False,West,2026-04-01,2026-06-23,Closed Won,100,46340.1,True,True,False,,,False,83.0,FY2026-Q2
102105,5280,"Phillips, Spence and Barrett",Fund/Asset Manager,Arc Suite,1016,False,Midwest,2026-03-20,2026-08-05,Proposal,60,91066.92,False,,False,,,False,,FY2026-Q3
102106,5196,Jones-Soto,Fund/Asset Manager,Arc Suite,1016,False,Mid-Atlantic,2026-04-12,2026-06-13,Closed Won,100,84554.94,True,True,True,,,False,62.0,FY2026-Q2
102107,5146,Ramirez-Bean,Fund/Asset Manager,Arc Suite,1016,False,Southeast,2025-08-05,2025-11-19,Closed Lost,0,39382.45,True,False,False,Feature Gap,Workiva,False,106.0,FY2025-Q4
102108,5193,Harrison-Alexander,Fund/Asset Manager,Arc Suite,1017,False,Midwest,2025-03-21,2025-07-21,Closed Won,100,42544.98,True,True,False,,,False,122.0,FY2025-Q3
102109,5136,Castaneda-Ashley,Fund/Asset Manager,Arc Suite,1015,False,West,2025-03-11,2025-05-26,Closed Lost,0,53604.08,True,False,True,Lost to Competitor,In-house Build,False,76.0,FY2025-Q2
102110,5140,"Yates, Ramsey and Pittman",Fund/Asset Manager,Arc Suite,1017,False,West,2025-03-31,2025-06-04,Closed Won,100,54624.08,True,True,False,,,False,65.0,FY2025-Q2
102111,5358,"Morales, Thomas and Schultz",Fund/Asset Manager,Arc Suite,1016,False,West,2025-04-28,2025-08-09,Closed Lost,0,93432.15,True,False,False,Feature Gap,Toppan Merrill,False,103.0,FY2025-Q3
102112,5476,Acosta Inc,Fund/Asset Manager,Arc Suite,1017,False,Texas/Central,2024-12-09,2025-01-29,Closed Won,100,48157.07,True,True,False,,,False,51.0,FY2025-Q1
102113,5140,"Yates, Ramsey and Pittman",Fund/Asset Manager,Arc Suite,1012,False,West,2024-10-14,2025-01-17,Closed Lost,0,34936.56,True,False,True,Price,Ideagen/Q4,False,95.0,FY2025-Q1
102114,5357,Kane PLC,Fund/Asset Manager,Arc Suite,1014,False,Mid-Atlantic,2026-04-07,2026-06-06,Closed Lost,0,31384.98,True,False,False,No Decision / Stalled,Ideagen/Q4,False,60.0,FY2026-Q2
102115,5331,Boone-Simmons,Fund/Asset Manager,Arc Suite,1017,False,Southeast,2024-08-12,2024-10-08,Closed Lost,0,75818.49,True,False,True,No Decision / Stalled,In-house Build,False,57.0,FY2024-Q4
102116,5476,Acosta Inc,Fund/Asset Manager,Arc Suite,1016,False,Texas/Central,2025-04-23,2025-08-02,Closed Lost,0,23894.29,True,False,False,Price,Ideagen/Q4,False,101.0,FY2025-Q3
102117,5462,"Fuller, Ingram and Moss",Fund/Asset Manager,Arc Suite,1016,False,Midwest,2025-07-12,2025-08-27,Closed Won,100,53401.51,True,True,True,,,False,46.0,FY2025-Q3
102118,5475,"Jimenez, Glass and Stone",Fund/Asset Manager,Arc Suite,1017,False,Texas/Central,2024-11-14,2025-04-10,Closed Won,100,71556.63,True,True,True,,,False,147.0,FY2025-Q2
102119,5405,"Miller, Lucas and Williams",Fund/Asset Manager,Arc Suite,1012,False,Midwest,2025-04-22,2025-06-18,Closed Lost,0,32339.42,True,False,False,No Decision / Stalled,Intralinks,False,57.0,FY2025-Q2
102120,5440,Brown-Shaw,Fund/Asset Manager,Arc Suite,1016,False,Texas/Central,2025-06-28,2025-09-09,Closed Lost,0,74494.27,True,False,False,Feature Gap,Workiva,False,73.0,FY2025-Q3
102121,5383,Graham Group,Fund/Asset Manager,Arc Suite,1012,False,Southeast,2024-11-21,2025-03-23,Closed Won,100,45317.84,True,True,False,,,False,122.0,FY2025-Q1
102122,5356,"Farmer, Dorsey and Bell",Fund/Asset Manager,Arc Suite,1016,False,Southeast,2024-11-03,2025-01-16,Closed Lost,0,12704.86,True,False,False,Lost to Competitor,In-house Build,False,74.0,FY2025-Q1
102123,5124,Manning Group,Fund/Asset Manager,Arc Suite,1014,False,Texas/Central,2024-11-14,2025-02-10,Closed Lost,0,52077.77,True,False,True,Price,Donnelley Legacy/Manual Process,False,88.0,FY2025-Q1
102124,5434,"Taylor, Wright and Davidson",Fund/Asset Manager,Arc Suite,1015,False,Northeast,2026-03-18,2026-05-14,Closed Lost,0,78062.8,True,False,False,No Decision / Stalled,Donnelley Legacy/Manual Process,False,57.0,FY2026-Q2
102125,5140,"Yates, Ramsey and Pittman",Fund/Asset Manager,Arc Suite,1016,False,West,2025-11-24,2026-04-15,Closed Lost,0,44064.97,True,False,False,Timing - Not Ready,Workiva,False,142.0,FY2026-Q2
102126,5213,Larson-Holloway,Fund/Asset Manager,Arc Suite,1012,False,West,2026-03-03,2026-07-03,Negotiation,80,51580.16,False,,True,,,False,,FY2026-Q3
102127,5138,"Hurst, Freeman and Nelson",Fund/Asset Manager,Arc Suite,1014,False,Northeast,2026-04-13,2026-06-03,Closed Lost,0,70549.73,True,False,False,Timing - Not Ready,Workiva,False,51.0,FY2026-Q2
102128,5456,"Butler, Beck and Miller",Fund/Asset Manager,Arc Suite,1015,False,Midwest,2026-03-27,2026-07-16,Negotiation,80,68190.3,False,,True,,,True,,FY2026-Q3
102129,5405,"Miller, Lucas and Williams",Fund/Asset Manager,Arc Suite,1012,False,Midwest,2024-08-28,2024-12-17,Closed Lost,0,58385.59,True,False,True,Feature Gap,Ideagen/Q4,False,111.0,FY2024-Q4
102130,5056,"Evans, Stewart and Walton",Fund/Asset Manager,Arc Suite,1016,False,West,2026-01-03,2026-05-11,Closed Lost,0,64191.0,True,False,False,Price,In-house Build,False,128.0,FY2026-Q2
102131,5431,"Valentine, Joyce and Murray",Fund/Asset Manager,Arc Suite,1013,False,Mid-Atlantic,2025-08-21,2025-11-13,Closed Lost,0,75856.85,True,False,True,Timing - Not Ready,In-house Build,False,84.0,FY2025-Q4
102132,5002,Burton Ltd,Fund/Asset Manager,Arc Suite,1014,False,Texas/Central,2025-03-02,2025-06-21,Closed Lost,0,58076.64,True,False,False,Price,Workiva,False,111.0,FY2025-Q2
102133,5470,"Kennedy, Johnson and Lucas",Fund/Asset Manager,Arc Suite,1016,False,Texas/Central,2025-04-27,2025-10-02,Closed Lost,0,39449.9,True,False,False,Feature Gap,Workiva,False,158.0,FY2025-Q4
102134,5196,Jones-Soto,Fund/Asset Manager,Arc Suite,1015,False,Mid-Atlantic,2025-06-10,2025-09-10,Closed Lost,0,73926.44,True,False,False,Feature Gap,Workiva,False,92.0,FY2025-Q3
102135,5225,"Garcia, Martin and Jenkins",Fund/Asset Manager,Arc Suite,1013,False,West,2025-05-24,2025-08-23,Closed Won,100,50556.62,True,True,False,,,False,91.0,FY2025-Q3
102136,5470,"Kennedy, Johnson and Lucas",Fund/Asset Manager,Arc Suite,1014,False,Texas/Central,2025-03-17,2025-06-06,Closed Won,100,77038.8,True,True,False,,,False,81.0,FY2025-Q2
102137,5476,Acosta Inc,Fund/Asset Manager,Arc Suite,1016,False,Texas/Central,2025-11-08,2026-03-14,Closed Lost,0,63399.65,True,False,False,Lost to Competitor,In-house Build,False,126.0,FY2026-Q1
102138,5383,Graham Group,Fund/Asset Manager,Arc Suite,1012,False,Southeast,2025-03-27,2025-08-09,Closed Won,100,37335.04,True,True,False,,,False,135.0,FY2025-Q3
102139,5294,Taylor and Sons,Fund/Asset Manager,Arc Suite,1017,False,West,2025-06-15,2025-10-04,Closed Lost,0,72078.62,True,False,False,Feature Gap,In-house Build,False,111.0,FY2025-Q4
102140,5136,Castaneda-Ashley,Fund/Asset Manager,Arc Suite,1014,False,West,2025-02-02,2025-03-20,Closed Lost,0,60469.33,True,False,False,Price,Workiva,False,46.0,FY2025-Q1
102141,5331,Boone-Simmons,Fund/Asset Manager,Arc Suite,1012,False,Southeast,2025-04-18,2025-07-01,Closed Lost,0,82241.54,True,False,False,Budget Cut,Datasite,False,74.0,FY2025-Q3
102142,5140,"Yates, Ramsey and Pittman",Fund/Asset Manager,Arc Suite,1016,False,West,2026-04-01,2026-06-11,Closed Lost,0,64781.92,True,False,True,Budget Cut,Ideagen/Q4,False,71.0,FY2026-Q2
102143,5306,Price LLC,Fund/Asset Manager,Arc Suite,1017,False,Southeast,2026-03-06,2026-05-09,Closed Lost,0,41327.19,True,False,True,Budget Cut,Workiva,False,64.0,FY2026-Q2
102144,5456,"Butler, Beck and Miller",Fund/Asset Manager,Arc Suite,1016,False,Midwest,2026-02-13,2026-04-19,Closed Won,100,73509.49,True,True,False,,,False,65.0,FY2026-Q2
102145,5175,"Beard, Peters and Black",Fund/Asset Manager,Arc Suite,1016,False,West,2025-04-27,2025-08-10,Closed Lost,0,58427.22,True,False,False,Timing - Not Ready,In-house Build,False,105.0,FY2025-Q3
102146,5196,Jones-Soto,Fund/Asset Manager,Arc Suite,1013,False,Mid-Atlantic,2025-01-10,2025-03-25,Closed Lost,0,83823.65,True,False,False,Lost to Competitor,Ideagen/Q4,False,74.0,FY2025-Q1
102147,5468,Blackwell LLC,Fund/Asset Manager,Arc Suite,1013,False,Southeast,2026-06-16,2026-08-25,Qualification,25,67566.86,False,,False,,,False,,FY2026-Q3
102148,5091,"Rivera, Johnson and Wiley",Fund/Asset Manager,Arc Suite,1013,False,Texas/Central,2025-02-18,2025-04-25,Closed Lost,0,21281.66,True,False,False,Feature Gap,In-house Build,False,66.0,FY2025-Q2
102149,5175,"Beard, Peters and Black",Fund/Asset Manager,Arc Suite,1012,False,West,2025-12-14,2026-01-18,Closed Lost,0,12080.13,True,False,False,No Decision / Stalled,Ideagen/Q4,False,35.0,FY2026-Q1
102150,5294,Taylor and Sons,Fund/Asset Manager,Arc Suite,1013,False,West,2025-09-17,2026-01-16,Closed Lost,0,23757.35,True,False,False,No Decision / Stalled,In-house Build,False,121.0,FY2026-Q1
102151,5053,Sandoval-Cunningham,Fund/Asset Manager,Arc Suite,1016,False,Texas/Central,2025-03-29,2025-07-06,Closed Lost,0,54414.48,True,False,False,Budget Cut,Datasite,False,99.0,FY2025-Q3
102152,5227,"Johnson, Miller and King",Fund/Asset Manager,Arc Suite,1015,False,Southeast,2025-02-06,2025-06-07,Closed Lost,0,37036.86,True,False,False,Price,Toppan Merrill,False,121.0,FY2025-Q2
102153,5091,"Rivera, Johnson and Wiley",Fund/Asset Manager,Arc Suite,1012,False,Texas/Central,2025-12-23,2026-05-02,Closed Won,100,20460.37,True,True,False,,,False,130.0,FY2026-Q2
102154,5146,Ramirez-Bean,Fund/Asset Manager,Arc Suite,1014,False,Southeast,2025-03-03,2025-06-12,Closed Lost,0,73030.02,True,False,False,No Decision / Stalled,Toppan Merrill,False,101.0,FY2025-Q2
102155,5014,Rodriguez LLC,Fund/Asset Manager,Arc Suite,1017,False,West,2025-02-14,2025-06-07,Closed Lost,0,65847.14,True,False,False,Budget Cut,In-house Build,False,113.0,FY2025-Q2
102156,5002,Burton Ltd,Fund/Asset Manager,Arc Suite,1015,False,Texas/Central,2025-08-02,2025-10-04,Closed Lost,0,43958.8,True,False,False,Price,Workiva,False,63.0,FY2025-Q4
102157,5321,"Smith, Garrison and Thomas",Fund/Asset Manager,Arc Suite,1016,False,Mid-Atlantic,2024-07-26,2024-12-07,Closed Won,100,54811.72,True,True,True,,,False,134.0,FY2024-Q4
102158,5229,"Bryan, Smith and Booth",Fund/Asset Manager,Arc Suite,1012,False,Midwest,2025-04-26,2025-08-13,Closed Lost,0,84321.1,True,False,False,No Decision / Stalled,Workiva,False,109.0,FY2025-Q3
102159,5175,"Beard, Peters and Black",Fund/Asset Manager,Arc Suite,1015,False,West,2025-12-16,2026-03-06,Closed Lost,0,47793.49,True,False,False,Feature Gap,Intralinks,False,80.0,FY2026-Q1
102160,5016,"Arroyo, Miller and Tucker",Fund/Asset Manager,Arc Suite,1014,False,Northeast,2025-02-10,2025-05-11,Closed Won,100,68609.27,True,True,False,,,False,90.0,FY2025-Q2
102161,5053,Sandoval-Cunningham,Fund/Asset Manager,Arc Suite,1013,False,Texas/Central,2026-03-05,2026-06-18,Closed Won,100,51680.03,True,True,False,,,False,105.0,FY2026-Q2
102162,5225,"Garcia, Martin and Jenkins",Fund/Asset Manager,Arc Suite,1012,False,West,2026-03-02,2026-06-10,Closed Lost,0,78134.19,True,False,False,Price,Toppan Merrill,False,100.0,FY2026-Q2
102163,5124,Manning Group,Fund/Asset Manager,Arc Suite,1014,False,Texas/Central,2026-03-08,2026-05-21,Closed Won,100,75887.42,True,True,False,,,False,74.0,FY2026-Q2
102164,5281,Smith-Grimes,Fund/Asset Manager,Arc Suite,1013,False,West,2025-03-26,2025-06-06,Closed Won,100,34330.66,True,True,True,,,False,72.0,FY2025-Q2
102165,5195,Wilson-Jones,Fund/Asset Manager,Arc Suite,1014,False,Southeast,2024-11-12,2025-02-19,Closed Lost,0,96720.77,True,False,False,Lost to Competitor,Intralinks,False,99.0,FY2025-Q1
102166,5213,Larson-Holloway,Fund/Asset Manager,Arc Suite,1012,False,West,2025-08-14,2026-01-14,Closed Lost,0,52735.24,True,False,False,Lost to Competitor,Ideagen/Q4,False,153.0,FY2026-Q1
102167,5002,Burton Ltd,Fund/Asset Manager,Arc Suite,1013,False,Texas/Central,2025-02-09,2025-03-29,Closed Lost,0,34198.22,True,False,False,Feature Gap,Datasite,False,48.0,FY2025-Q1
102168,5364,Webster Inc,Fund/Asset Manager,Arc Suite,1017,False,West,2025-01-10,2025-01-30,Closed Lost,0,43489.48,True,False,True,No Decision / Stalled,Datasite,False,20.0,FY2025-Q1
102169,5468,Blackwell LLC,Fund/Asset Manager,Arc Suite,1014,False,Southeast,2025-05-26,2025-10-02,Closed Lost,0,54944.78,True,False,True,Price,Donnelley Legacy/Manual Process,False,129.0,FY2025-Q4
102170,5384,"Miller, Harrell and Reese",Fund/Asset Manager,Arc Suite,1014,False,Southeast,2024-08-23,2024-11-16,Closed Lost,0,50470.72,True,False,True,Budget Cut,Donnelley Legacy/Manual Process,False,85.0,FY2024-Q4
102171,5091,"Rivera, Johnson and Wiley",Fund/Asset Manager,Arc Suite,1017,False,Texas/Central,2024-11-22,2025-02-09,Closed Lost,0,67203.45,True,False,False,Feature Gap,In-house Build,False,79.0,FY2025-Q1
102172,5204,"Clark, Guerrero and Moore",Fund/Asset Manager,Arc Suite,1012,False,Mid-Atlantic,2024-09-14,2024-11-28,Closed Lost,0,96605.41,True,False,True,Timing - Not Ready,In-house Build,False,75.0,FY2024-Q4
102173,5193,Harrison-Alexander,Fund/Asset Manager,Arc Suite,1015,False,Midwest,2025-01-14,2025-04-24,Closed Won,100,65933.94,True,True,False,,,False,100.0,FY2025-Q2
102174,5403,"Lopez, Jacobs and Mason",Fund/Asset Manager,Arc Suite,1017,False,Mid-Atlantic,2025-11-15,2026-01-18,Closed Lost,0,47931.87,True,False,False,Lost to Competitor,Ideagen/Q4,False,64.0,FY2026-Q1
102175,5175,"Beard, Peters and Black",Fund/Asset Manager,Arc Suite,1016,False,West,2025-02-22,2025-05-21,Closed Won,100,33901.23,True,True,False,,,False,88.0,FY2025-Q2
102176,5319,Willis and Sons,Fund/Asset Manager,Arc Suite,1017,False,Mid-Atlantic,2025-06-11,2025-09-27,Closed Won,100,72599.03,True,True,False,,,False,108.0,FY2025-Q3
102177,5053,Sandoval-Cunningham,Fund/Asset Manager,Arc Suite,1015,False,Texas/Central,2026-06-16,2026-08-22,Qualification,25,29559.71,False,,False,,,False,,FY2026-Q3
102178,5124,Manning Group,Fund/Asset Manager,Arc Suite,1012,False,Texas/Central,2024-11-27,2025-01-13,Closed Lost,0,43320.25,True,False,True,Price,Donnelley Legacy/Manual Process,False,47.0,FY2025-Q1
102179,5374,"Hall, Hansen and Barnett",Fund/Asset Manager,Arc Suite,1017,False,Midwest,2024-12-31,2025-05-10,Closed Won,100,45500.31,True,True,False,,,False,130.0,FY2025-Q2
102180,5440,Brown-Shaw,Fund/Asset Manager,Arc Suite,1017,False,Texas/Central,2026-06-03,2026-06-30,Closed Lost,0,41241.06,True,False,True,Lost to Competitor,Workiva,False,27.0,FY2026-Q2
102181,5237,Gay Inc,Fund/Asset Manager,Arc Suite,1015,False,Mid-Atlantic,2026-02-01,2026-06-08,Closed Lost,0,78237.45,True,False,False,Price,In-house Build,False,127.0,FY2026-Q2
102182,5219,"Matthews, Smith and Hubbard",Fund/Asset Manager,Arc Suite,1016,False,West,2026-05-29,2026-08-19,Qualification,25,53405.02,False,,False,,,False,,FY2026-Q3
102183,5403,"Lopez, Jacobs and Mason",Fund/Asset Manager,Arc Suite,1012,False,Mid-Atlantic,2024-11-06,2025-01-14,Closed Lost,0,63075.15,True,False,False,Price,In-house Build,False,69.0,FY2025-Q1
102184,5026,Jones Inc,Fund/Asset Manager,Arc Suite,1014,False,Mid-Atlantic,2026-03-04,2026-06-25,Closed Lost,0,70618.37,True,False,True,No Decision / Stalled,Toppan Merrill,False,113.0,FY2026-Q2
102185,5016,"Arroyo, Miller and Tucker",Fund/Asset Manager,Arc Suite,1017,False,Northeast,2026-03-12,2026-05-27,Closed Lost,0,69912.63,True,False,False,Timing - Not Ready,Toppan Merrill,False,76.0,FY2026-Q2
102186,5079,Dickson-Brady,Fund/Asset Manager,Arc Suite,1017,False,Northeast,2025-04-16,2025-06-25,Closed Lost,0,34723.61,True,False,False,Budget Cut,Ideagen/Q4,False,70.0,FY2025-Q2
102187,5053,Sandoval-Cunningham,Fund/Asset Manager,Arc Suite,1013,False,Texas/Central,2025-09-24,2025-12-07,Closed Lost,0,37857.76,True,False,False,Budget Cut,Donnelley Legacy/Manual Process,False,74.0,FY2025-Q4
102188,5229,"Bryan, Smith and Booth",Fund/Asset Manager,Arc Suite,1015,False,Midwest,2026-05-03,2026-07-08,Negotiation,80,97031.97,False,,False,,,False,,FY2026-Q3
102189,5138,"Hurst, Freeman and Nelson",Fund/Asset Manager,Arc Suite,1015,False,Northeast,2025-11-18,2026-01-10,Closed Lost,0,57796.59,True,False,False,Lost to Competitor,Ideagen/Q4,False,53.0,FY2026-Q1
102190,5425,White Ltd,Fund/Asset Manager,Arc Suite,1016,False,Mid-Atlantic,2024-11-09,2025-02-17,Closed Won,100,58163.33,True,True,False,,,False,100.0,FY2025-Q1
102191,5091,"Rivera, Johnson and Wiley",Fund/Asset Manager,Arc Suite,1015,False,Texas/Central,2025-12-26,2026-03-01,Closed Lost,0,39574.98,True,False,True,Feature Gap,Toppan Merrill,False,65.0,FY2026-Q1
102192,5161,"Burke, Martinez and Riggs",Fund/Asset Manager,Arc Suite,1014,False,Mid-Atlantic,2026-06-12,2026-10-04,Prospecting,10,84437.11,False,,True,,,False,,FY2026-Q4
102193,5158,Sanders-Espinoza,Fund/Asset Manager,Arc Suite,1015,False,Mid-Atlantic,2026-03-26,2026-08-01,Proposal,60,35977.37,False,,False,,,False,,FY2026-Q3
102194,5321,"Smith, Garrison and Thomas",Fund/Asset Manager,Arc Suite,1017,False,Mid-Atlantic,2024-12-18,2025-03-19,Closed Lost,0,34518.63,True,False,True,No Decision / Stalled,Datasite,False,91.0,FY2025-Q1
102195,5434,"Taylor, Wright and Davidson",Fund/Asset Manager,Arc Suite,1013,False,Northeast,2026-02-27,2026-07-29,Negotiation,80,101502.28,False,,True,,,False,,FY2026-Q3
102196,5136,Castaneda-Ashley,Fund/Asset Manager,Arc Suite,1013,False,West,2026-04-14,2026-08-01,Proposal,60,74316.21,False,,False,,,False,,FY2026-Q3
102197,5423,Stanley PLC,Fund/Asset Manager,Arc Suite,1013,False,Southeast,2025-02-12,2025-05-30,Closed Lost,0,83406.5,True,False,False,Timing - Not Ready,Workiva,False,107.0,FY2025-Q2
102198,5319,Willis and Sons,Fund/Asset Manager,Arc Suite,1017,False,Mid-Atlantic,2025-03-23,2025-07-12,Closed Lost,0,42027.48,True,False,False,Lost to Competitor,In-house Build,False,111.0,FY2025-Q3
102199,5475,"Jimenez, Glass and Stone",Fund/Asset Manager,Arc Suite,1014,False,Texas/Central,2025-11-06,2026-02-04,Closed Lost,0,52777.08,True,False,False,Timing - Not Ready,Intralinks,False,90.0,FY2026-Q1
102200,5175,"Beard, Peters and Black",Fund/Asset Manager,Arc Suite,1013,False,West,2025-02-11,2025-04-26,Closed Lost,0,62965.79,True,False,True,Timing - Not Ready,Ideagen/Q4,False,74.0,FY2025-Q2
102201,5468,Blackwell LLC,Fund/Asset Manager,Arc Suite,1016,False,Southeast,2025-02-13,2025-04-24,Closed Won,100,66069.93,True,True,True,,,False,70.0,FY2025-Q2
102202,5079,Dickson-Brady,Fund/Asset Manager,Arc Suite,1016,False,Northeast,2025-07-09,2025-10-13,Closed Won,100,70548.14,True,True,False,,,False,96.0,FY2025-Q4
102203,5195,Wilson-Jones,Fund/Asset Manager,Arc Suite,1015,False,Southeast,2026-01-23,2026-03-24,Closed Lost,0,47428.06,True,False,True,No Decision / Stalled,Ideagen/Q4,False,60.0,FY2026-Q1
102204,5353,Bruce-Villegas,Fund/Asset Manager,Arc Suite,1017,False,West,2025-01-14,2025-03-11,Closed Lost,0,79174.35,True,False,False,Timing - Not Ready,Workiva,False,56.0,FY2025-Q1
102205,5364,Webster Inc,Fund/Asset Manager,Arc Suite,1012,False,West,2026-03-05,2026-06-07,Closed Won,100,74137.85,True,True,False,,,False,94.0,FY2026-Q2
102206,5279,Armstrong-Andrews,Fund/Asset Manager,Arc Suite,1012,False,Mid-Atlantic,2026-02-15,2026-04-07,Closed Won,100,71490.99,True,True,True,,,False,51.0,FY2026-Q2
102207,5124,Manning Group,Fund/Asset Manager,Arc Suite,1012,False,Texas/Central,2025-05-10,2025-08-19,Closed Lost,0,59651.97,True,False,True,No Decision / Stalled,Intralinks,False,101.0,FY2025-Q3
102208,5434,"Taylor, Wright and Davidson",Fund/Asset Manager,Arc Suite,1015,False,Northeast,2025-02-04,2025-03-29,Closed Lost,0,96725.96,True,False,False,Timing - Not Ready,Workiva,False,53.0,FY2025-Q1
102209,5306,Price LLC,Fund/Asset Manager,Arc Suite,1013,False,Southeast,2024-08-15,2024-12-07,Closed Lost,0,33753.96,True,False,True,Feature Gap,Ideagen/Q4,False,114.0,FY2024-Q4
102210,5193,Harrison-Alexander,Fund/Asset Manager,Arc Suite,1015,False,Midwest,2024-09-27,2024-12-06,Closed Lost,0,83697.05,True,False,False,Timing - Not Ready,Workiva,False,70.0,FY2024-Q4
102211,5026,Jones Inc,Fund/Asset Manager,Arc Suite,1013,False,Mid-Atlantic,2026-03-11,2026-05-14,Closed Lost,0,81106.22,True,False,True,Price,Datasite,False,64.0,FY2026-Q2
102212,5246,Monroe-Carpenter,Fund/Asset Manager,Arc Suite,1016,False,Texas/Central,2024-11-17,2025-02-27,Closed Lost,0,59916.56,True,False,False,Budget Cut,Donnelley Legacy/Manual Process,False,102.0,FY2025-Q1
102213,5206,Ortiz Ltd,Fund/Asset Manager,Arc Suite,1015,False,Texas/Central,2026-02-17,2026-06-01,Closed Lost,0,27449.23,True,False,True,No Decision / Stalled,Datasite,False,104.0,FY2026-Q2
102214,5026,Jones Inc,Fund/Asset Manager,Arc Suite,1017,False,Mid-Atlantic,2026-06-23,2026-08-27,Prospecting,10,10244.79,False,,False,,,False,,FY2026-Q3
102215,5195,Wilson-Jones,Fund/Asset Manager,Arc Suite,1016,False,Southeast,2026-03-20,2026-06-30,Closed Lost,0,77748.04,True,False,False,Price,Workiva,False,102.0,FY2026-Q2
102216,5430,Mckee-Lee,Fund/Asset Manager,Arc Suite,1012,False,Mid-Atlantic,2024-07-26,2024-11-14,Closed Won,100,35001.76,True,True,True,,,False,111.0,FY2024-Q4
102217,5384,"Miller, Harrell and Reese",Fund/Asset Manager,Arc Suite,1013,False,Southeast,2025-02-20,2025-05-08,Closed Won,100,48303.24,True,True,True,,,False,77.0,FY2025-Q2
102218,5213,Larson-Holloway,Fund/Asset Manager,Arc Suite,1014,False,West,2025-05-20,2025-09-01,Closed Lost,0,44518.78,True,False,False,Timing - Not Ready,Intralinks,False,104.0,FY2025-Q3
102219,5431,"Valentine, Joyce and Murray",Fund/Asset Manager,Arc Suite,1016,False,Mid-Atlantic,2025-04-16,2025-07-18,Closed Lost,0,29507.23,True,False,False,Budget Cut,Donnelley Legacy/Manual Process,False,93.0,FY2025-Q3
102220,5443,Combs Ltd,Fund/Asset Manager,Arc Suite,1017,False,Texas/Central,2025-11-14,2026-01-23,Closed Lost,0,78473.63,True,False,False,Lost to Competitor,Donnelley Legacy/Manual Process,False,70.0,FY2026-Q1
102221,5364,Webster Inc,Fund/Asset Manager,Arc Suite,1013,False,West,2025-04-25,2025-05-13,Closed Lost,0,75504.04,True,False,False,Lost to Competitor,Datasite,False,18.0,FY2025-Q2
102222,5445,Lowery-Kennedy,Fund/Asset Manager,Arc Suite,1013,False,Midwest,2026-06-20,2026-11-25,Prospecting,10,59034.33,False,,False,,,False,,FY2026-Q4
102223,5056,"Evans, Stewart and Walton",Fund/Asset Manager,Arc Suite,1013,False,West,2024-11-06,2025-02-10,Closed Lost,0,57099.23,True,False,False,Feature Gap,Workiva,False,96.0,FY2025-Q1
102224,5425,White Ltd,Fund/Asset Manager,Arc Suite,1013,False,Mid-Atlantic,2025-12-14,2026-02-22,Closed Won,100,52093.99,True,True,False,,,False,70.0,FY2026-Q1
102225,5281,Smith-Grimes,Fund/Asset Manager,Arc Suite,1013,False,West,2026-06-23,2026-09-03,Prospecting,10,71757.34,False,,False,,,False,,FY2026-Q3
102226,5279,Armstrong-Andrews,Fund/Asset Manager,Arc Suite,1014,False,Mid-Atlantic,2025-03-23,2025-06-20,Closed Lost,0,63976.72,True,False,True,No Decision / Stalled,Donnelley Legacy/Manual Process,False,89.0,FY2025-Q2
102227,5437,Cole-Palmer,Fund/Asset Manager,Arc Suite,1014,False,Texas/Central,2026-02-04,2026-06-27,Closed Won,100,52239.5,True,True,False,,,False,143.0,FY2026-Q2
102228,5404,Hayes LLC,Fund/Asset Manager,Arc Suite,1012,False,Midwest,2026-01-18,2026-05-08,Closed Lost,0,52592.03,True,False,False,Lost to Competitor,Toppan Merrill,False,110.0,FY2026-Q2
102229,5440,Brown-Shaw,Fund/Asset Manager,Arc Suite,1012,False,Texas/Central,2026-04-21,2026-06-26,Closed Lost,0,27586.16,True,False,False,Lost to Competitor,Intralinks,False,66.0,FY2026-Q2
102230,5014,Rodriguez LLC,Fund/Asset Manager,Arc Suite,1017,False,West,2025-02-07,2025-05-18,Closed Lost,0,38603.08,True,False,True,Lost to Competitor,Ideagen/Q4,False,100.0,FY2025-Q2
102231,5140,"Yates, Ramsey and Pittman",Fund/Asset Manager,Arc Suite,1016,False,West,2024-12-23,2025-04-22,Closed Won,100,49907.53,True,True,False,,,False,120.0,FY2025-Q2
102232,5374,"Hall, Hansen and Barnett",Fund/Asset Manager,Arc Suite,1014,False,Midwest,2026-02-19,2026-06-14,Closed Won,100,45190.02,True,True,True,,,False,115.0,FY2026-Q2
102233,5306,Price LLC,Fund/Asset Manager,Arc Suite,1013,False,Southeast,2024-12-17,2025-04-16,Closed Lost,0,67159.17,True,False,False,Timing - Not Ready,Intralinks,False,120.0,FY2025-Q2
102234,5279,Armstrong-Andrews,Fund/Asset Manager,Arc Suite,1017,False,Mid-Atlantic,2025-05-11,2025-07-27,Closed Lost,0,59223.26,True,False,True,Feature Gap,Toppan Merrill,False,77.0,FY2025-Q3
102235,5384,"Miller, Harrell and Reese",Fund/Asset Manager,Arc Suite,1016,False,Southeast,2025-08-06,2025-11-20,Closed Lost,0,10368.42,True,False,False,No Decision / Stalled,In-house Build,False,106.0,FY2025-Q4
102236,5225,"Garcia, Martin and Jenkins",Fund/Asset Manager,Arc Suite,1016,False,West,2024-10-27,2024-12-30,Closed Lost,0,41940.51,True,False,False,Lost to Competitor,In-house Build,False,64.0,FY2024-Q4
102237,5146,Ramirez-Bean,Fund/Asset Manager,Arc Suite,1016,False,Southeast,2024-12-12,2025-02-21,Closed Lost,0,65334.57,True,False,True,Timing - Not Ready,Donnelley Legacy/Manual Process,False,71.0,FY2025-Q1
102238,5456,"Butler, Beck and Miller",Fund/Asset Manager,Arc Suite,1016,False,Midwest,2025-05-30,2025-08-22,Closed Won,100,83634.05,True,True,True,,,False,84.0,FY2025-Q3
102239,5158,Sanders-Espinoza,Fund/Asset Manager,Arc Suite,1017,False,Mid-Atlantic,2024-10-08,2025-02-05,Closed Lost,0,47891.58,True,False,True,Price,In-house Build,False,120.0,FY2025-Q1
102240,5219,"Matthews, Smith and Hubbard",Fund/Asset Manager,Arc Suite,1016,False,West,2024-08-14,2024-12-26,Closed Lost,0,55281.95,True,False,False,Feature Gap,Donnelley Legacy/Manual Process,False,134.0,FY2024-Q4
102241,5053,Sandoval-Cunningham,Fund/Asset Manager,Arc Suite,1017,False,Texas/Central,2026-02-02,2026-03-24,Closed Won,100,24415.21,True,True,False,,,False,50.0,FY2026-Q1
102242,5137,Medina-Navarro,Fund/Asset Manager,Arc Suite,1015,False,West,2025-06-30,2025-09-07,Closed Lost,0,66100.89,True,False,True,Price,Intralinks,False,69.0,FY2025-Q3
102243,5403,"Lopez, Jacobs and Mason",Fund/Asset Manager,Arc Suite,1012,False,Mid-Atlantic,2025-05-05,2025-07-06,Closed Lost,0,88383.69,True,False,False,Timing - Not Ready,Datasite,False,62.0,FY2025-Q3
102244,5440,Brown-Shaw,Fund/Asset Manager,Arc Suite,1012,False,Texas/Central,2026-02-04,2026-05-20,Closed Won,100,72765.4,True,True,False,,,False,105.0,FY2026-Q2
102245,5456,"Butler, Beck and Miller",Fund/Asset Manager,Arc Suite,1017,False,Midwest,2026-02-20,2026-06-11,Closed Won,100,49959.64,True,True,True,,,False,111.0,FY2026-Q2
102246,5273,Estrada-Nolan,Fund/Asset Manager,Arc Suite,1017,False,Northeast,2025-04-09,2025-08-24,Closed Lost,0,41353.35,True,False,False,Price,In-house Build,False,137.0,FY2025-Q3
102247,5445,Lowery-Kennedy,Fund/Asset Manager,Arc Suite,1015,False,Midwest,2026-02-10,2026-03-26,Closed Won,100,66522.38,True,True,False,,,False,44.0,FY2026-Q1
102248,5174,Peterson-Beard,Fund/Asset Manager,Arc Suite,1013,False,West,2024-10-25,2025-03-11,Closed Lost,0,70183.81,True,False,True,Price,Intralinks,False,137.0,FY2025-Q1
102249,5196,Jones-Soto,Fund/Asset Manager,Arc Suite,1017,False,Mid-Atlantic,2026-05-07,2026-07-17,Proposal,60,66775.16,False,,True,,,False,,FY2026-Q3
102250,5099,Diaz Inc,Fund/Asset Manager,Arc Suite,1012,False,West,2025-08-16,2025-12-28,Closed Won,100,72633.06,True,True,False,,,False,134.0,FY2025-Q4
102251,5423,Stanley PLC,Fund/Asset Manager,Arc Suite,1016,False,Southeast,2025-03-11,2025-05-07,Closed Lost,0,77060.45,True,False,False,Lost to Competitor,Workiva,False,57.0,FY2025-Q2
102252,5353,Bruce-Villegas,Fund/Asset Manager,Arc Suite,1017,False,West,2026-05-07,2026-09-08,Needs Analysis,40,32909.08,False,,True,,,False,,FY2026-Q3
102253,5237,Gay Inc,Fund/Asset Manager,Arc Suite,1012,False,Mid-Atlantic,2025-04-14,2025-05-31,Closed Won,100,46230.03,True,True,False,,,False,47.0,FY2025-Q2
102254,5024,Chapman and Sons,Fund/Asset Manager,Arc Suite,1012,False,Northeast,2024-11-20,2024-12-16,Closed Lost,0,61636.2,True,False,False,No Decision / Stalled,Intralinks,False,26.0,FY2024-Q4
102255,5478,"Carter, Garcia and Murphy",Fund/Asset Manager,Arc Suite,1016,False,Texas/Central,2025-07-19,2025-10-11,Closed Won,100,48978.87,True,True,True,,,False,84.0,FY2025-Q4
102256,5331,Boone-Simmons,Fund/Asset Manager,Arc Suite,1017,False,Southeast,2026-05-01,2026-08-08,Proposal,60,70709.86,False,,True,,,False,,FY2026-Q3
102257,5423,Stanley PLC,Fund/Asset Manager,Arc Suite,1012,False,Southeast,2025-02-19,2025-04-14,Closed Won,100,45905.0,True,True,False,,,False,54.0,FY2025-Q2
102258,5091,"Rivera, Johnson and Wiley",Fund/Asset Manager,Arc Suite,1012,False,Texas/Central,2024-11-10,2024-12-07,Closed Won,100,20380.27,True,True,False,,,False,27.0,FY2024-Q4
102259,5281,Smith-Grimes,Fund/Asset Manager,Arc Suite,1012,False,West,2024-12-06,2025-03-01,Closed Lost,0,80494.12,True,False,False,No Decision / Stalled,In-house Build,False,85.0,FY2025-Q1
102260,5025,"Robinson, Jones and Welch",Fund/Asset Manager,Arc Suite,1015,False,Mid-Atlantic,2024-08-30,2024-12-12,Closed Lost,0,37670.31,True,False,False,Price,Donnelley Legacy/Manual Process,False,104.0,FY2024-Q4
102261,5175,"Beard, Peters and Black",Fund/Asset Manager,Arc Suite,1014,False,West,2024-11-10,2025-01-27,Closed Lost,0,71245.01,True,False,True,Price,Datasite,False,78.0,FY2025-Q1
102262,5174,Peterson-Beard,Fund/Asset Manager,Arc Suite,1014,False,West,2024-07-07,2024-09-30,Closed Won,100,51070.68,True,True,True,,,False,85.0,FY2024-Q3
102263,5423,Stanley PLC,Fund/Asset Manager,Arc Suite,1015,False,Southeast,2026-03-22,2026-05-04,Closed Lost,0,53008.26,True,False,False,Timing - Not Ready,Ideagen/Q4,False,43.0,FY2026-Q2
102264,5280,"Phillips, Spence and Barrett",Fund/Asset Manager,Arc Suite,1012,False,Midwest,2025-03-09,2025-05-25,Closed Won,100,30964.79,True,True,False,,,False,77.0,FY2025-Q2
102265,5186,"Washington, Hardy and Bray",Fund/Asset Manager,Arc Suite,1012,False,Texas/Central,2024-07-02,2024-09-08,Closed Lost,0,66116.12,True,False,True,Timing - Not Ready,Workiva,False,68.0,FY2024-Q3
